irun -sv -uvmhome $DVT_PREDEFINED_PROJECTS/libs/uvm-1.1b -64bit -incdir $DVT_PREDEFINED_PROJECTS/uvm_ref_flow_1.1/soc_verification_lib/sv_cb_ex_lib/interface_uvc_lib/ahb/sv -incdir $DVT_PREDEFINED_PROJECTS/uvm_ref_flow_1.1/soc_verification_lib/sv_cb_ex_lib/interface_uvc_lib/apb/sv -incdir $DVT_PREDEFINED_PROJECTS/uvm_ref_flow_1.1/soc_verification_lib/sv_cb_ex_lib/interface_uvc_lib/uart/sv -incdir $DVT_PREDEFINED_PROJECTS/uvm_ref_flow_1.1/soc_verification_lib/sv_cb_ex_lib/interface_uvc_lib/spi/sv -incdir $DVT_PREDEFINED_PROJECTS/uvm_ref_flow_1.1/soc_verification_lib/sv_cb_ex_lib/interface_uvc_lib/gpio/sv -incdir $DVT_PREDEFINED_PROJECTS/uvm_ref_flow_1.1/soc_verification_lib/sv_cb_ex_lib/uart_ctrl/sv -incdir $DVT_PREDEFINED_PROJECTS/uvm_ref_flow_1.1/soc_verification_lib/sv_cb_ex_lib/uart_ctrl/sv/sequence_lib -incdir $DVT_PREDEFINED_PROJECTS/uvm_ref_flow_1.1/soc_verification_lib/sv_cb_ex_lib/apb_subsystem/sv -incdir $DVT_PREDEFINED_PROJECTS/uvm_ref_flow_1.1/soc_verification_lib/sv_cb_ex_lib/apb_subsystem/sv/sequence_lib -incdir $DVT_PREDEFINED_PROJECTS/uvm_ref_flow_1.1/soc_verification_lib/sv_cb_ex_lib/apb_subsystem/tb/sv -incdir $DVT_PREDEFINED_PROJECTS/uvm_ref_flow_1.1/soc_verification_lib/sv_cb_ex_lib/apb_subsystem/tb/tests $DVT_PREDEFINED_PROJECTS/uvm_ref_flow_1.1/designs/socv/rtl/rtl_lpw/opencores/uart16550/rtl/uart_defines.v $DVT_PREDEFINED_PROJECTS/uvm_ref_flow_1.1/designs/socv/rtl/rtl_lpw/opencores/spi/rtl/spi_defines.v $DVT_PREDEFINED_PROJECTS/uvm_ref_flow_1.1/soc_verification_lib/sv_cb_ex_lib/apb_subsystem/sv/gpio_defines.svh $DVT_PREDEFINED_PROJECTS/uvm_ref_flow_1.1/soc_verification_lib/sv_cb_ex_lib/apb_subsystem/sv/spi_defines.svh $DVT_PREDEFINED_PROJECTS/uvm_ref_flow_1.1/soc_verification_lib/sv_cb_ex_lib/uart_ctrl/sv/uart_ctrl_defines.svh $DVT_PREDEFINED_PROJECTS/uvm_ref_flow_1.1/soc_verification_lib/sv_cb_ex_lib/apb_subsystem/sv/apb_subsystem_defines.svh $DVT_PREDEFINED_PROJECTS/uvm_ref_flow_1.1/soc_verification_lib/sv_cb_ex_lib/interface_uvc_lib/ahb/sv/ahb_pkg.sv $DVT_PREDEFINED_PROJECTS/uvm_ref_flow_1.1/soc_verification_lib/sv_cb_ex_lib/interface_uvc_lib/apb/sv/apb_pkg.sv $DVT_PREDEFINED_PROJECTS/uvm_ref_flow_1.1/soc_verification_lib/sv_cb_ex_lib/interface_uvc_lib/uart/sv/uart_pkg.sv $DVT_PREDEFINED_PROJECTS/uvm_ref_flow_1.1/soc_verification_lib/sv_cb_ex_lib/interface_uvc_lib/gpio/sv/gpio_pkg.sv $DVT_PREDEFINED_PROJECTS/uvm_ref_flow_1.1/soc_verification_lib/sv_cb_ex_lib/interface_uvc_lib/spi/sv/spi_pkg.sv -F $DVT_PREDEFINED_PROJECTS/uvm_ref_flow_1.1/designs/socv/rtl/rtl_lpw/socv/rtl/socv.irunargs $DVT_PREDEFINED_PROJECTS/uvm_ref_flow_1.1/soc_verification_lib/sv_cb_ex_lib/uart_ctrl/sv/uart_ctrl_pkg.sv $DVT_PREDEFINED_PROJECTS/uvm_ref_flow_1.1/soc_verification_lib/sv_cb_ex_lib/apb_subsystem/sv/apb_subsystem_pkg.sv +tcl+$DVT_PREDEFINED_PROJECTS/uvm_ref_flow_1.1/soc_verification_lib/sv_cb_ex_lib/apb_subsystem/tb/scripts/assert_opt.tcl -assert_count_traces -nowarn ZROMCV -nowarn COVDCL +UVM_VERBOSITY=UVM_DEBUG +UVM_TESTNAME=lp_shutdown_urt1 +define+LITLE_ENDIAN +svseed+16562 -nclibdirpath . -TIMESCALE 1ns/10ps -access +rwc $DVT_PREDEFINED_PROJECTS/uvm_ref_flow_1.1/soc_verification_lib/sv_cb_ex_lib/apb_subsystem/tb/sv/apb_subsystem_top.sv  +define+UART_ABV_ON +tcl+$DVT_PREDEFINED_PROJECTS/uvm_ref_flow_1.1/soc_verification_lib/sv_cb_ex_lib/apb_subsystem/tb/scripts/nc_waves.tcl -covfile $DVT_PREDEFINED_PROJECTS/uvm_ref_flow_1.1/soc_verification_lib/sv_cb_ex_lib/apb_subsystem/tb/scripts/covfile.cf -coverage functional -covoverwrite -covtest lp_shutdown_urt1 -covdut apb_subsystem_top +tcl+$DVT_PREDEFINED_PROJECTS/uvm_ref_flow_1.1/soc_verification_lib/sv_cb_ex_lib/apb_subsystem/tb/scripts/run_batch.tcl
TOOL:	xrun(64)	20.09-s004: Started on Jul 27, 2026 at 14:23:38 EEST
xrun(64): 20.09-s004: (c) Copyright 1995-2020 Cadence Design Systems, Inc.
xrun: *W,OPDEPRREN: Command Line Option (-nclibdirpath) is deprecated. Use (-xmlibdirpath) instead.
xrun: *W,NCEXDEP: Executable (irun) is deprecated. Use (xrun) instead.
$CDSROOT = /apps/cadence/XCELIUMMAIN20.09.004
$TESTDIR = $DVT_PREDEFINED_PROJECTS/uvm_ref_flow_1.1/soc_verification_lib/sv_cb_ex_lib/apb_subsystem

TOOL:	xmsc(64)	20.09-s004
xmsc C++ parameters: 
	xmsc -COMPILER $CDSROOT/tools/cdsgcc/gcc/6.3/bin/g++ 
	-f ./xcelium.d/run.lnx8664.20.09.d/xmsc_run/xmsc_obj/xmsc.args
	-MANUAL 
	-CFLAGS "-DXMSC
		-DNCSC
		-I$CDSROOT/tools/systemc/include_pch
		-I$CDSROOT/tools/tbsc/include
		-I$CDSROOT/tools/vic/include
		-I$CDSROOT/tools/methodology/OVM/CDNS-2.1.2/sc/src
		-I$DVT_PREDEFINED_PROJECTS/libs/uvm-1.1b/sc/sc
		-I$DVT_PREDEFINED_PROJECTS/libs/uvm-1.1b/ml/sc
		-I$CDSROOT/tools/systemc/include/cci
		-I$CDSROOT/tools/systemc/include/factory
		-I$CDSROOT/tools/systemc/include/tlm2
		-fPIC
		-D_GLIBCXX_USE_CXX11_ABI=0 -c
		-x c++  -Wall
		-I$CDSROOT/tools/include
		-I$CDSROOT/tools/inca/include"

make[1]: Entering directory '$DVT_PREDEFINED_PROJECTS/uvm_ref_flow_1.1/soc_verification_lib/sv_cb_ex_lib/apb_subsystem'
make[1]: 'xcelium.d/run.lnx8664.20.09.d/xmsc_run/xmsc_obj/uvm_dpi_0.o' is up to date.
make[1]: Leaving directory '$DVT_PREDEFINED_PROJECTS/uvm_ref_flow_1.1/soc_verification_lib/sv_cb_ex_lib/apb_subsystem'

make[1]: Entering directory '$DVT_PREDEFINED_PROJECTS/uvm_ref_flow_1.1/soc_verification_lib/sv_cb_ex_lib/apb_subsystem'
make[1]: '$DVT_PREDEFINED_PROJECTS/uvm_ref_flow_1.1/soc_verification_lib/sv_cb_ex_lib/apb_subsystem/./xcelium.d/run.lnx8664.20.09.d/librun.so' is up to date.
make[1]: Leaving directory '$DVT_PREDEFINED_PROJECTS/uvm_ref_flow_1.1/soc_verification_lib/sv_cb_ex_lib/apb_subsystem'

Loading snapshot worklib.insn_sram_subsystem:v .................... Done
SVSEED set from command line: 16562
xmsim: *W,RNDXCELON: A newer version of the SystemVerilog constraint solver is being used which has better support for array-solving, new solve-order mechanism, and seed stability enhancements..
xmsim: *W,DSEM2009: This SystemVerilog design is simulated as per IEEE 1800-2009 SystemVerilog simulation semantics. Use -disable_sem2009 option for turning off SV 2009 simulation semantics.
xmsim: *W,ABVNSW: Trace based mode has limited SVA support. Assertions with certain property operators shall not be executed.
xcelium> source /apps/cadence/XCELIUMMAIN20.09.004/tools/xcelium/files/xmsimrc
xcelium> source /apps/cadence/XCELIUMMAIN20.09.004/tools/methodology/UVM/CDNS-1.1d/additions/sv/files/tcl/uvm_sim.tcl
xcelium> set assert_report_incompletes 0
0
xcelium> assertion -summary -final
  Summary report deferred until the end of simulation.
xcelium> 
xcelium> #-------------------------------------------------------------------------
xcelium> # File name   : nc_waves.tcl
xcelium> # Title       :
xcelium> # Project     : APB Subsystem Level Verification
xcelium> # Created     :
xcelium> # Description :
xcelium> # Notes       :
xcelium> #----------------------------------------------------------------------
xcelium> #   Copyright 1999-2010 Cadence Design Systems, Inc.
xcelium> #   All Rights Reserved Worldwide
xcelium> #
xcelium> #   Licensed under the Apache License, Version 2.0 (the
xcelium> #   "License"); you may not use this file except in
xcelium> #   compliance with the License.  You may obtain a copy of
xcelium> #   the License at
xcelium> #
xcelium> #       http://www.apache.org/licenses/LICENSE-2.0
xcelium> #
xcelium> #   Unless required by applicable law or agreed to in
xcelium> #   writing, software distributed under the License is
xcelium> #   distributed on an "AS IS" BASIS, WITHOUT WARRANTIES OR
xcelium> #   CONDITIONS OF ANY KIND, either express or implied.  See
xcelium> #   the License for the specific language governing
xcelium> #   permissions and limitations under the License.
xcelium> #----------------------------------------------------------------------
xcelium> 
xcelium> database -open waves -into "$env(UVM_REF_HOME)/dvt_waveform/$env(TEST_NAME)/waves.shm" -default
Created default SHM database waves
xcelium> probe -create -shm apb_subsystem_top -all -depth all
xmsim: *W,PRHOPT: The design contains optimized signals. To improve simulation performance these signals are excluded.
Created probe 1
xcelium> run 
----------------------------------------------------------------
UVM-1.1b
(C) 2007-2012 Mentor Graphics Corporation
(C) 2007-2012 Cadence Design Systems, Inc.
(C) 2006-2012 Synopsys, Inc.
(C) 2011-2012 Cypress Semiconductor Corp.
----------------------------------------------------------------

  ***********       IMPORTANT RELEASE NOTES         ************

  You are using a version of the UVM library that has been compiled
  with `UVM_NO_DEPRECATED undefined.
  See http://www.eda.org/svdb/view.php?id=3313 for more details.

  You are using a version of the UVM library that has been compiled
  with `UVM_OBJECT_MUST_HAVE_CONSTRUCTOR undefined.
  See http://www.eda.org/svdb/view.php?id=3770 for more details.

      (Specify +UVM_NO_RELNOTES to turn off this notice)

(apb_subsystem_top.i_apb_subsystem.i_oc_uart0) UART INFO: Data bus width is 32. Debug Interface present.

(apb_subsystem_top.i_apb_subsystem.i_oc_uart0) UART INFO: Doesn't have baudrate output

(apb_subsystem_top.i_apb_subsystem.i_oc_uart1) UART INFO: Data bus width is 32. Debug Interface present.

(apb_subsystem_top.i_apb_subsystem.i_oc_uart1) UART INFO: Doesn't have baudrate output

(apb_subsystem_top.u_socv.i_apb_subsystem.i_oc_uart0) UART INFO: Data bus width is 32. Debug Interface present.

(apb_subsystem_top.u_socv.i_apb_subsystem.i_oc_uart0) UART INFO: Doesn't have baudrate output

(apb_subsystem_top.u_socv.i_apb_subsystem.i_oc_uart1) UART INFO: Data bus width is 32. Debug Interface present.

(apb_subsystem_top.u_socv.i_apb_subsystem.i_oc_uart1) UART INFO: Doesn't have baudrate output

UVM_INFO @ 0: reporter [RNTST] Running test lp_shutdown_urt1...
UVM_INFO $DVT_PREDEFINED_PROJECTS/uvm_ref_flow_1.1/soc_verification_lib/sv_cb_ex_lib/apb_subsystem/tb/sv/apb_subsystem_tb.sv(64) @ 0: uvm_test_top.ve [apb_subsystem_tb] No apb_subsystem_config, creating...
UVM_INFO $DVT_PREDEFINED_PROJECTS/uvm_ref_flow_1.1/soc_verification_lib/sv_cb_ex_lib/apb_subsystem/tb/sv/apb_subsystem_tb.sv(76) @ 0: uvm_test_top.ve [apb_subsystem_tb] Printing apb subsystem config:
-------------------------------------------------------------------
Name                     Type                     Size  Value      
-------------------------------------------------------------------
apb_ss_cfg               apb_subsystem_config     -     @4901      
  uart_cfg0              uart_ctrl_config         -     @5027      
    apb_cfg              apb_config               -     @5033      
      slave_configs      da(object)               4     -          
        [0]              apb_slave_config         -     @5050      
          name           string                   4     spi0       
          is_active      uvm_active_passive_enum  1     UVM_PASSIVE
          start_address  integral                 32    'h800000   
          end_address    integral                 32    'h80ffff   
          psel_index     integral                 32    'h0        
        [1]              apb_slave_config         -     @5053      
          name           string                   5     uart0      
          is_active      uvm_active_passive_enum  1     UVM_PASSIVE
          start_address  integral                 32    'h810000   
          end_address    integral                 32    'h81ffff   
          psel_index     integral                 32    'h0        
        [2]              apb_slave_config         -     @5055      
          name           string                   5     gpio0      
          is_active      uvm_active_passive_enum  1     UVM_PASSIVE
          start_address  integral                 32    'h820000   
          end_address    integral                 32    'h82ffff   
          psel_index     integral                 32    'h0        
        [3]              apb_slave_config         -     @5057      
          name           string                   5     uart1      
          is_active      uvm_active_passive_enum  1     UVM_PASSIVE
          start_address  integral                 32    'h880000   
          end_address    integral                 32    'h88ffff   
          psel_index     integral                 32    'h1        
      master_config      apb_master_config        -     @5046      
        name             string                   6     master     
        is_active        uvm_active_passive_enum  1     UVM_PASSIVE
    uart_cfg             uart_config              -     @5030      
      is_tx_active       uvm_active_passive_enum  1     UVM_ACTIVE 
      is_rx_active       uvm_active_passive_enum  1     UVM_PASSIVE
      baud_rate_gen      integral                 8     'd0        
      baud_rate_div      integral                 8     'd0        
      char_length        integral                 2     'h0        
      nbstop             integral                 1     'h0        
      parity_en          integral                 1     'h0        
      parity_mode        integral                 2     'h0        
  uart_cfg1              uart_ctrl_config         -     @5037      
    apb_cfg              apb_config               -     @5039      
      slave_configs      da(object)               4     -          
        [0]              apb_slave_config         -     @5061      
          name           string                   4     spi0       
          is_active      uvm_active_passive_enum  1     UVM_PASSIVE
          start_address  integral                 32    'h800000   
          end_address    integral                 32    'h80ffff   
          psel_index     integral                 32    'h0        
        [1]              apb_slave_config         -     @5063      
          name           string                   5     uart0      
          is_active      uvm_active_passive_enum  1     UVM_PASSIVE
          start_address  integral                 32    'h810000   
          end_address    integral                 32    'h81ffff   
          psel_index     integral                 32    'h0        
        [2]              apb_slave_config         -     @5065      
          name           string                   5     gpio0      
          is_active      uvm_active_passive_enum  1     UVM_PASSIVE
          start_address  integral                 32    'h820000   
          end_address    integral                 32    'h82ffff   
          psel_index     integral                 32    'h0        
        [3]              apb_slave_config         -     @5067      
          name           string                   5     uart1      
          is_active      uvm_active_passive_enum  1     UVM_PASSIVE
          start_address  integral                 32    'h880000   
          end_address    integral                 32    'h88ffff   
          psel_index     integral                 32    'h1        
      master_config      apb_master_config        -     @5059      
        name             string                   6     master     
        is_active        uvm_active_passive_enum  1     UVM_PASSIVE
    uart_cfg             uart_config              -     @5038      
      is_tx_active       uvm_active_passive_enum  1     UVM_ACTIVE 
      is_rx_active       uvm_active_passive_enum  1     UVM_PASSIVE
      baud_rate_gen      integral                 8     'd0        
      baud_rate_div      integral                 8     'd0        
      char_length        integral                 2     'h0        
      nbstop             integral                 1     'h0        
      parity_en          integral                 1     'h0        
      parity_mode        integral                 2     'h0        
  spi_cfg                spi_config               -     @5042      
    active_passive       uvm_active_passive_enum  1     UVM_ACTIVE 
  gpio_cfg               gpio_config              -     @5044      
    active_passive       uvm_active_passive_enum  1     UVM_ACTIVE 
-------------------------------------------------------------------

UVM_INFO $DVT_PREDEFINED_PROJECTS/uvm_ref_flow_1.1/soc_verification_lib/sv_cb_ex_lib/apb_subsystem/sv/apb_subsystem_env.sv(80) @ 0: uvm_test_top.ve.apb_ss_env [apb_subsystem_env] No apb_subsystem_config creating...
UVM_INFO @ 0: uvm_test_top.ve.apb0 [CFGNRD]  ::: The following resources have at least one write and no reads :::
apb_slave_cfg [/^uvm_test_top\.ve\.apb_ss_env\.apb_uart1\.monitor\..*x_scbd$/] : (uvm_object) ?
-  
  --------
  uvm_test_top.ve.apb_ss_env.apb_uart1.monitor reads: 0 @ 0  writes: 1 @ 0
 
apb_slave_cfg [/^uvm_test_top\.ve\.apb_ss_env\.apb_uart0\.monitor\..*x_scbd$/] : (uvm_object) ?
-  
  --------
  uvm_test_top.ve.apb_ss_env.apb_uart0.monitor reads: 0 @ 0  writes: 1 @ 0
 
default_sequence [/^uvm_test_top\.ve\.virtual_sequencer\.run_phase$/] : (uvm_object_wrapper) ?
-  
  --------
  uvm_test_top reads: 0 @ 0  writes: 1 @ 0
 
gpio_ve_config [/^uvm_test_top\.ve\.gpio0$/] : (uvm_config_object_wrapper) ?
-  
  --------
  uvm_test_top.ve reads: 0 @ 0  writes: 1 @ 0
 
is_active [/^uvm_test_top\.ve\..*ahb0\.slave_agent$/] : (uvm_bitstream_t) 0
-  
  --------
  uvm_test_top.ve reads: 0 @ 0  writes: 1 @ 0
 
reg_model_apb [/^uvm_test_top\.ve\..*$/] : (uvm_object) ?
-  
  --------
  uvm_test_top.ve reads: 0 @ 0  writes: 1 @ 0
 
spi_ve_config [/^uvm_test_top\.ve\.spi0$/] : (uvm_config_object_wrapper) ?
-  
  --------
  uvm_test_top.ve reads: 0 @ 0  writes: 1 @ 0
 
vif [/^uvm_test_top\.ve\.apb0\.slave\[3\]\..*$/] : (<not a class type>) ?
-  
  --------
  uvm_test_top.ve.apb0.slave[3] reads: 0 @ 0  writes: 1 @ 0
 
vif [/^uvm_test_top\.ve\.apb0\.slave\[2\]\..*$/] : (<not a class type>) ?
-  
  --------
  uvm_test_top.ve.apb0.slave[2] reads: 0 @ 0  writes: 1 @ 0
 
vif [/^uvm_test_top\.ve\.apb0\.slave\[1\]\..*$/] : (<not a class type>) ?
-  
  --------
  uvm_test_top.ve.apb0.slave[1] reads: 0 @ 0  writes: 1 @ 0
 
vif [/^uvm_test_top\.ve\.apb0\.slave\[0\]\..*$/] : (<not a class type>) ?
-  
  --------
  uvm_test_top.ve.apb0.slave[0] reads: 0 @ 0  writes: 1 @ 0
 
UVM_INFO $DVT_PREDEFINED_PROJECTS/uvm_ref_flow_1.1/soc_verification_lib/sv_cb_ex_lib/apb_subsystem/tb/sv/apb_subsystem_tb.sv(190) @ 0: uvm_test_top.ve [ENV_TOPOLOGY] APB SubSystem Virtual Sequence Testbench Topology:
UVM_INFO $DVT_PREDEFINED_PROJECTS/uvm_ref_flow_1.1/soc_verification_lib/sv_cb_ex_lib/apb_subsystem/tb/sv/apb_subsystem_tb.sv(191) @ 0: uvm_test_top.ve [ENV_TOPOLOGY]                          _____                             
UVM_INFO $DVT_PREDEFINED_PROJECTS/uvm_ref_flow_1.1/soc_verification_lib/sv_cb_ex_lib/apb_subsystem/tb/sv/apb_subsystem_tb.sv(192) @ 0: uvm_test_top.ve [ENV_TOPOLOGY]                         | AHB |                            
UVM_INFO $DVT_PREDEFINED_PROJECTS/uvm_ref_flow_1.1/soc_verification_lib/sv_cb_ex_lib/apb_subsystem/tb/sv/apb_subsystem_tb.sv(193) @ 0: uvm_test_top.ve [ENV_TOPOLOGY]                         | UVC |                            
UVM_INFO $DVT_PREDEFINED_PROJECTS/uvm_ref_flow_1.1/soc_verification_lib/sv_cb_ex_lib/apb_subsystem/tb/sv/apb_subsystem_tb.sv(194) @ 0: uvm_test_top.ve [ENV_TOPOLOGY]                          -----                             
UVM_INFO $DVT_PREDEFINED_PROJECTS/uvm_ref_flow_1.1/soc_verification_lib/sv_cb_ex_lib/apb_subsystem/tb/sv/apb_subsystem_tb.sv(195) @ 0: uvm_test_top.ve [ENV_TOPOLOGY]                            ^                               
UVM_INFO $DVT_PREDEFINED_PROJECTS/uvm_ref_flow_1.1/soc_verification_lib/sv_cb_ex_lib/apb_subsystem/tb/sv/apb_subsystem_tb.sv(196) @ 0: uvm_test_top.ve [ENV_TOPOLOGY]                            |                               
UVM_INFO $DVT_PREDEFINED_PROJECTS/uvm_ref_flow_1.1/soc_verification_lib/sv_cb_ex_lib/apb_subsystem/tb/sv/apb_subsystem_tb.sv(197) @ 0: uvm_test_top.ve [ENV_TOPOLOGY]                            v                               
UVM_INFO $DVT_PREDEFINED_PROJECTS/uvm_ref_flow_1.1/soc_verification_lib/sv_cb_ex_lib/apb_subsystem/tb/sv/apb_subsystem_tb.sv(198) @ 0: uvm_test_top.ve [ENV_TOPOLOGY]                    ____________    _________               
UVM_INFO $DVT_PREDEFINED_PROJECTS/uvm_ref_flow_1.1/soc_verification_lib/sv_cb_ex_lib/apb_subsystem/tb/sv/apb_subsystem_tb.sv(199) @ 0: uvm_test_top.ve [ENV_TOPOLOGY]                   | AHB - APB  |  | APB UVC |              
UVM_INFO $DVT_PREDEFINED_PROJECTS/uvm_ref_flow_1.1/soc_verification_lib/sv_cb_ex_lib/apb_subsystem/tb/sv/apb_subsystem_tb.sv(200) @ 0: uvm_test_top.ve [ENV_TOPOLOGY]                   |   Bridge   |  | Passive |              
UVM_INFO $DVT_PREDEFINED_PROJECTS/uvm_ref_flow_1.1/soc_verification_lib/sv_cb_ex_lib/apb_subsystem/tb/sv/apb_subsystem_tb.sv(201) @ 0: uvm_test_top.ve [ENV_TOPOLOGY]                    ------------    ---------               
UVM_INFO $DVT_PREDEFINED_PROJECTS/uvm_ref_flow_1.1/soc_verification_lib/sv_cb_ex_lib/apb_subsystem/tb/sv/apb_subsystem_tb.sv(202) @ 0: uvm_test_top.ve [ENV_TOPOLOGY]                            ^         ^                     
UVM_INFO $DVT_PREDEFINED_PROJECTS/uvm_ref_flow_1.1/soc_verification_lib/sv_cb_ex_lib/apb_subsystem/tb/sv/apb_subsystem_tb.sv(203) @ 0: uvm_test_top.ve [ENV_TOPOLOGY]                            |         |                     
UVM_INFO $DVT_PREDEFINED_PROJECTS/uvm_ref_flow_1.1/soc_verification_lib/sv_cb_ex_lib/apb_subsystem/tb/sv/apb_subsystem_tb.sv(204) @ 0: uvm_test_top.ve [ENV_TOPOLOGY]                            v         v                     
UVM_INFO $DVT_PREDEFINED_PROJECTS/uvm_ref_flow_1.1/soc_verification_lib/sv_cb_ex_lib/apb_subsystem/tb/sv/apb_subsystem_tb.sv(205) @ 0: uvm_test_top.ve [ENV_TOPOLOGY] <--------------------------------------------------------> 
UVM_INFO $DVT_PREDEFINED_PROJECTS/uvm_ref_flow_1.1/soc_verification_lib/sv_cb_ex_lib/apb_subsystem/tb/sv/apb_subsystem_tb.sv(206) @ 0: uvm_test_top.ve [ENV_TOPOLOGY]     ^        ^         ^         ^         ^         ^     
UVM_INFO $DVT_PREDEFINED_PROJECTS/uvm_ref_flow_1.1/soc_verification_lib/sv_cb_ex_lib/apb_subsystem/tb/sv/apb_subsystem_tb.sv(207) @ 0: uvm_test_top.ve [ENV_TOPOLOGY]     |        |         |         |         |         |     
UVM_INFO $DVT_PREDEFINED_PROJECTS/uvm_ref_flow_1.1/soc_verification_lib/sv_cb_ex_lib/apb_subsystem/tb/sv/apb_subsystem_tb.sv(208) @ 0: uvm_test_top.ve [ENV_TOPOLOGY]     v        v         v         v         v         v     
UVM_INFO $DVT_PREDEFINED_PROJECTS/uvm_ref_flow_1.1/soc_verification_lib/sv_cb_ex_lib/apb_subsystem/tb/sv/apb_subsystem_tb.sv(209) @ 0: uvm_test_top.ve [ENV_TOPOLOGY]   _____    _____    ______    _______    _____    _______  
UVM_INFO $DVT_PREDEFINED_PROJECTS/uvm_ref_flow_1.1/soc_verification_lib/sv_cb_ex_lib/apb_subsystem/tb/sv/apb_subsystem_tb.sv(210) @ 0: uvm_test_top.ve [ENV_TOPOLOGY]  | SPI |  | SMC |  | GPIO |  | UART0 |  | PCM |  | UART1 | 
UVM_INFO $DVT_PREDEFINED_PROJECTS/uvm_ref_flow_1.1/soc_verification_lib/sv_cb_ex_lib/apb_subsystem/tb/sv/apb_subsystem_tb.sv(211) @ 0: uvm_test_top.ve [ENV_TOPOLOGY]   -----    -----    ------    -------    -----    -------  
UVM_INFO $DVT_PREDEFINED_PROJECTS/uvm_ref_flow_1.1/soc_verification_lib/sv_cb_ex_lib/apb_subsystem/tb/sv/apb_subsystem_tb.sv(212) @ 0: uvm_test_top.ve [ENV_TOPOLOGY]     ^                  ^         ^                   ^     
UVM_INFO $DVT_PREDEFINED_PROJECTS/uvm_ref_flow_1.1/soc_verification_lib/sv_cb_ex_lib/apb_subsystem/tb/sv/apb_subsystem_tb.sv(213) @ 0: uvm_test_top.ve [ENV_TOPOLOGY]     |                  |         |                   |     
UVM_INFO $DVT_PREDEFINED_PROJECTS/uvm_ref_flow_1.1/soc_verification_lib/sv_cb_ex_lib/apb_subsystem/tb/sv/apb_subsystem_tb.sv(214) @ 0: uvm_test_top.ve [ENV_TOPOLOGY]     v                  v         v                   v     
UVM_INFO $DVT_PREDEFINED_PROJECTS/uvm_ref_flow_1.1/soc_verification_lib/sv_cb_ex_lib/apb_subsystem/tb/sv/apb_subsystem_tb.sv(215) @ 0: uvm_test_top.ve [ENV_TOPOLOGY]   _____              ______    _______            _______  
UVM_INFO $DVT_PREDEFINED_PROJECTS/uvm_ref_flow_1.1/soc_verification_lib/sv_cb_ex_lib/apb_subsystem/tb/sv/apb_subsystem_tb.sv(216) @ 0: uvm_test_top.ve [ENV_TOPOLOGY]  | SPI |            | GPIO |  | UART0 |          | UART1 | 
UVM_INFO $DVT_PREDEFINED_PROJECTS/uvm_ref_flow_1.1/soc_verification_lib/sv_cb_ex_lib/apb_subsystem/tb/sv/apb_subsystem_tb.sv(217) @ 0: uvm_test_top.ve [ENV_TOPOLOGY]  | UVC |            | UVC  |  |  UVC  |          |  UVC  | 
UVM_INFO $DVT_PREDEFINED_PROJECTS/uvm_ref_flow_1.1/soc_verification_lib/sv_cb_ex_lib/apb_subsystem/tb/sv/apb_subsystem_tb.sv(218) @ 0: uvm_test_top.ve [ENV_TOPOLOGY]   -----              -------   -------            -------  
UVM_INFO $DVT_PREDEFINED_PROJECTS/uvm_ref_flow_1.1/soc_verification_lib/sv_cb_ex_lib/apb_subsystem/tb/sv/apb_subsystem_tb.sv(219) @ 0: uvm_test_top.ve [apb_subsystem_tb] REGISTER MODEL:
----------------------------------------------------------------------------------------------------------
Name                            Type                     Size  Value                                      
----------------------------------------------------------------------------------------------------------
reg_model_apb                   apb_ss_reg_model_c       -     @6303                                      
  uart0_rm                      uart_ctrl_reg_model_c    -     @6329                                      
    uart_ctrl_rf                uart_ctrl_rf_c           -     @6364                                      
      ua_div_latch0             ua_div_latch0_c          -     @6384                                      
        div_val                 uvm_reg_field            ...    RW ua_div_latch0[7:0]=8'h00               
      ua_div_latch1             ua_div_latch1_c          -     @6397                                      
        div_val                 uvm_reg_field            ...    RW ua_div_latch1[7:0]=8'h00               
      ua_int_id                 ua_int_id_c              -     @6409                                      
        priority_bit            uvm_reg_field            ...    RO ua_int_id[0:0]=1'h0                    
        bit1                    uvm_reg_field            ...    RO ua_int_id[1:1]=1'h0                    
        bit2                    uvm_reg_field            ...    RO ua_int_id[2:2]=1'h0                    
        bit3                    uvm_reg_field            ...    RO ua_int_id[3:3]=1'h0                    
      ua_fifo_ctrl              ua_fifo_ctrl_c           -     @6420                                      
        rx_clear                uvm_reg_field            ...    WO ua_fifo_ctrl[1:1]=1'h0                 
        tx_clear                uvm_reg_field            ...    WO ua_fifo_ctrl[2:2]=1'h0                 
        rx_fifo_int_trig_level  uvm_reg_field            ...    WO ua_fifo_ctrl[7:6]=2'h0                 
      ua_lcr                    ua_lcr_c                 -     @6431                                      
        char_lngth              uvm_reg_field            ...    RW ua_lcr[1:0]=2'h0                       
        num_stop_bits           uvm_reg_field            ...    RW ua_lcr[2:2]=1'h0                       
        p_en                    uvm_reg_field            ...    RW ua_lcr[3:3]=1'h0                       
        parity_even             uvm_reg_field            ...    RW ua_lcr[4:4]=1'h0                       
        parity_sticky           uvm_reg_field            ...    RW ua_lcr[5:5]=1'h0                       
        break_ctrl              uvm_reg_field            ...    RW ua_lcr[6:6]=1'h0                       
        div_latch_access        uvm_reg_field            ...    RW ua_lcr[7:7]=1'h0                       
      ua_ier                    ua_ier_c                 -     @6443                                      
        rx_data                 uvm_reg_field            ...    RW ua_ier[0:0]=1'h0                       
        tx_data                 uvm_reg_field            ...    RW ua_ier[1:1]=1'h0                       
        rx_line_sts             uvm_reg_field            ...    RW ua_ier[2:2]=1'h0                       
        mdm_sts                 uvm_reg_field            ...    RW ua_ier[3:3]=1'h0                       
      default_map               uvm_reg_map              -     @6594                                      
        endian                                           ...   UVM_LITTLE_ENDIAN                          
        effective sequencer     ahb_master_sequencer     ...   uvm_test_top.ve.ahb0.master_agent.sequencer
        ua_div_latch0           ua_div_latch0_c          ...   @6384 +'h810000                            
        ua_div_latch1           ua_div_latch1_c          ...   @6397 +'h810001                            
        ua_int_id               ua_int_id_c              ...   @6409 +'h810002                            
        ua_fifo_ctrl            ua_fifo_ctrl_c           ...   @6420 +'h810002                            
        ua_lcr                  ua_lcr_c                 ...   @6431 +'h810003                            
        ua_ier                  ua_ier_c                 ...   @6443 +'h810008                            
    default_map                 uvm_reg_map              -     @6354                                      
      endian                                             ...   UVM_LITTLE_ENDIAN                          
      effective sequencer       ahb_master_sequencer     ...   uvm_test_top.ve.ahb0.master_agent.sequencer
      default_map               uvm_reg_map              -     @6594                                      
        endian                                           ...   UVM_LITTLE_ENDIAN                          
        effective sequencer     ahb_master_sequencer     ...   uvm_test_top.ve.ahb0.master_agent.sequencer
        ua_div_latch0           ua_div_latch0_c          ...   @6384 +'h810000                            
        ua_div_latch1           ua_div_latch1_c          ...   @6397 +'h810001                            
        ua_int_id               ua_int_id_c              ...   @6409 +'h810002                            
        ua_fifo_ctrl            ua_fifo_ctrl_c           ...   @6420 +'h810002                            
        ua_lcr                  ua_lcr_c                 ...   @6431 +'h810003                            
        ua_ier                  ua_ier_c                 ...   @6443 +'h810008                            
  uart1_rm                      uart_ctrl_reg_model_c    -     @6630                                      
    uart_ctrl_rf                uart_ctrl_rf_c           -     @6658                                      
      ua_div_latch0             ua_div_latch0_c          -     @6675                                      
        div_val                 uvm_reg_field            ...    RW ua_div_latch0[7:0]=8'h00               
      ua_div_latch1             ua_div_latch1_c          -     @6685                                      
        div_val                 uvm_reg_field            ...    RW ua_div_latch1[7:0]=8'h00               
      ua_int_id                 ua_int_id_c              -     @6695                                      
        priority_bit            uvm_reg_field            ...    RO ua_int_id[0:0]=1'h0                    
        bit1                    uvm_reg_field            ...    RO ua_int_id[1:1]=1'h0                    
        bit2                    uvm_reg_field            ...    RO ua_int_id[2:2]=1'h0                    
        bit3                    uvm_reg_field            ...    RO ua_int_id[3:3]=1'h0                    
      ua_fifo_ctrl              ua_fifo_ctrl_c           -     @6704                                      
        rx_clear                uvm_reg_field            ...    WO ua_fifo_ctrl[1:1]=1'h0                 
        tx_clear                uvm_reg_field            ...    WO ua_fifo_ctrl[2:2]=1'h0                 
        rx_fifo_int_trig_level  uvm_reg_field            ...    WO ua_fifo_ctrl[7:6]=2'h0                 
      ua_lcr                    ua_lcr_c                 -     @6713                                      
        char_lngth              uvm_reg_field            ...    RW ua_lcr[1:0]=2'h0                       
        num_stop_bits           uvm_reg_field            ...    RW ua_lcr[2:2]=1'h0                       
        p_en                    uvm_reg_field            ...    RW ua_lcr[3:3]=1'h0                       
        parity_even             uvm_reg_field            ...    RW ua_lcr[4:4]=1'h0                       
        parity_sticky           uvm_reg_field            ...    RW ua_lcr[5:5]=1'h0                       
        break_ctrl              uvm_reg_field            ...    RW ua_lcr[6:6]=1'h0                       
        div_latch_access        uvm_reg_field            ...    RW ua_lcr[7:7]=1'h0                       
      ua_ier                    ua_ier_c                 -     @6723                                      
        rx_data                 uvm_reg_field            ...    RW ua_ier[0:0]=1'h0                       
        tx_data                 uvm_reg_field            ...    RW ua_ier[1:1]=1'h0                       
        rx_line_sts             uvm_reg_field            ...    RW ua_ier[2:2]=1'h0                       
        mdm_sts                 uvm_reg_field            ...    RW ua_ier[3:3]=1'h0                       
      default_map               uvm_reg_map              -     @6823                                      
        endian                                           ...   UVM_LITTLE_ENDIAN                          
        effective sequencer     ahb_master_sequencer     ...   uvm_test_top.ve.ahb0.master_agent.sequencer
        ua_div_latch0           ua_div_latch0_c          ...   @6675 +'h880000                            
        ua_div_latch1           ua_div_latch1_c          ...   @6685 +'h880001                            
        ua_int_id               ua_int_id_c              ...   @6695 +'h880002                            
        ua_fifo_ctrl            ua_fifo_ctrl_c           ...   @6704 +'h880002                            
        ua_lcr                  ua_lcr_c                 ...   @6713 +'h880003                            
        ua_ier                  ua_ier_c                 ...   @6723 +'h880008                            
    default_map                 uvm_reg_map              -     @6649                                      
      endian                                             ...   UVM_LITTLE_ENDIAN                          
      effective sequencer       ahb_master_sequencer     ...   uvm_test_top.ve.ahb0.master_agent.sequencer
      default_map               uvm_reg_map              -     @6823                                      
        endian                                           ...   UVM_LITTLE_ENDIAN                          
        effective sequencer     ahb_master_sequencer     ...   uvm_test_top.ve.ahb0.master_agent.sequencer
        ua_div_latch0           ua_div_latch0_c          ...   @6675 +'h880000                            
        ua_div_latch1           ua_div_latch1_c          ...   @6685 +'h880001                            
        ua_int_id               ua_int_id_c              ...   @6695 +'h880002                            
        ua_fifo_ctrl            ua_fifo_ctrl_c           ...   @6704 +'h880002                            
        ua_lcr                  ua_lcr_c                 ...   @6713 +'h880003                            
        ua_ier                  ua_ier_c                 ...   @6723 +'h880008                            
  spi_rf                        spi_regfile              -     @6851                                      
    spi_ctrl                    spi_ctrl_c               -     @6872                                      
      char_len                  uvm_reg_field            ...    RW spi_ctrl[6:0]=7'h00                    
      go_bsy                    uvm_reg_field            ...    RW spi_ctrl[8:8]=1'h0                     
      rx_neg                    uvm_reg_field            ...    RW spi_ctrl[9:9]=1'h0                     
      tx_neg                    uvm_reg_field            ...    RW spi_ctrl[10:10]=1'h0                   
      lsb                       uvm_reg_field            ...    RW spi_ctrl[11:11]=1'h0                   
      ie                        uvm_reg_field            ...    RW spi_ctrl[12:12]=1'h0                   
      ssa                       uvm_reg_field            ...    RW spi_ctrl[13:13]=1'h0                   
    spi_divider                 spi_divider_c            -     @6883                                      
      divider                   uvm_reg_field            ...    RW spi_divider[15:0]=16'h0000             
    spi_ss                      spi_ss_c                 -     @6894                                      
      ss                        uvm_reg_field            ...    RW spi_ss[7:0]=8'h00                      
    default_map                 uvm_reg_map              -     @6968                                      
      endian                                             ...   UVM_LITTLE_ENDIAN                          
      effective sequencer       ahb_master_sequencer     ...   uvm_test_top.ve.ahb0.master_agent.sequencer
      spi_ctrl                  spi_ctrl_c               ...   @6872 +'h800040                            
      spi_divider               spi_divider_c            ...   @6883 +'h800050                            
      spi_ss                    spi_ss_c                 ...   @6894 +'h800060                            
  gpio_rf                       gpio_regfile             -     @6990                                      
    bypass_mode                 bypass_mode_c            -     @7011                                      
      data                      uvm_reg_field            ...    RW bypass_mode[31:0]=32'h00000000         
    direction_mode              direction_mode_c         -     @7022                                      
      data                      uvm_reg_field            ...    RW direction_mode[31:0]=32'h00000000      
    output_enable               output_enable_c          -     @7033                                      
      data                      uvm_reg_field            ...    RW output_enable[31:0]=32'h00000000       
    output_value                output_value_c           -     @7044                                      
      data                      uvm_reg_field            ...    RW output_value[31:0]=32'h00000000        
    input_value                 input_value_c            -     @7055                                      
      data                      uvm_reg_field            ...    RO input_value[31:0]=32'h00000000         
    default_map                 uvm_reg_map              -     @7121                                      
      endian                                             ...   UVM_LITTLE_ENDIAN                          
      effective sequencer       ahb_master_sequencer     ...   uvm_test_top.ve.ahb0.master_agent.sequencer
      bypass_mode               bypass_mode_c            ...   @7011 +'h820000                            
      direction_mode            direction_mode_c         ...   @7022 +'h820010                            
      output_enable             output_enable_c          ...   @7033 +'h820020                            
      output_value              output_value_c           ...   @7044 +'h820030                            
      input_value               input_value_c            ...   @7055 +'h820040                            
  default_map                   uvm_reg_map              -     @6318                                      
    endian                                               ...   UVM_LITTLE_ENDIAN                          
    effective sequencer         ahb_master_sequencer     ...   uvm_test_top.ve.ahb0.master_agent.sequencer
    default_map                 uvm_reg_map              -     @6354                                      
      endian                                             ...   UVM_LITTLE_ENDIAN                          
      effective sequencer       ahb_master_sequencer     ...   uvm_test_top.ve.ahb0.master_agent.sequencer
      default_map               uvm_reg_map              -     @6594                                      
        endian                                           ...   UVM_LITTLE_ENDIAN                          
        effective sequencer     ahb_master_sequencer     ...   uvm_test_top.ve.ahb0.master_agent.sequencer
        ua_div_latch0           ua_div_latch0_c          ...   @6384 +'h810000                            
        ua_div_latch1           ua_div_latch1_c          ...   @6397 +'h810001                            
        ua_int_id               ua_int_id_c              ...   @6409 +'h810002                            
        ua_fifo_ctrl            ua_fifo_ctrl_c           ...   @6420 +'h810002                            
        ua_lcr                  ua_lcr_c                 ...   @6431 +'h810003                            
        ua_ier                  ua_ier_c                 ...   @6443 +'h810008                            
    default_map                 uvm_reg_map              -     @6649                                      
      endian                                             ...   UVM_LITTLE_ENDIAN                          
      effective sequencer       ahb_master_sequencer     ...   uvm_test_top.ve.ahb0.master_agent.sequencer
      default_map               uvm_reg_map              -     @6823                                      
        endian                                           ...   UVM_LITTLE_ENDIAN                          
        effective sequencer     ahb_master_sequencer     ...   uvm_test_top.ve.ahb0.master_agent.sequencer
        ua_div_latch0           ua_div_latch0_c          ...   @6675 +'h880000                            
        ua_div_latch1           ua_div_latch1_c          ...   @6685 +'h880001                            
        ua_int_id               ua_int_id_c              ...   @6695 +'h880002                            
        ua_fifo_ctrl            ua_fifo_ctrl_c           ...   @6704 +'h880002                            
        ua_lcr                  ua_lcr_c                 ...   @6713 +'h880003                            
        ua_ier                  ua_ier_c                 ...   @6723 +'h880008                            
    default_map                 uvm_reg_map              -     @6968                                      
      endian                                             ...   UVM_LITTLE_ENDIAN                          
      effective sequencer       ahb_master_sequencer     ...   uvm_test_top.ve.ahb0.master_agent.sequencer
      spi_ctrl                  spi_ctrl_c               ...   @6872 +'h800040                            
      spi_divider               spi_divider_c            ...   @6883 +'h800050                            
      spi_ss                    spi_ss_c                 ...   @6894 +'h800060                            
    default_map                 uvm_reg_map              -     @7121                                      
      endian                                             ...   UVM_LITTLE_ENDIAN                          
      effective sequencer       ahb_master_sequencer     ...   uvm_test_top.ve.ahb0.master_agent.sequencer
      bypass_mode               bypass_mode_c            ...   @7011 +'h820000                            
      direction_mode            direction_mode_c         ...   @7022 +'h820010                            
      output_enable             output_enable_c          ...   @7033 +'h820020                            
      output_value              output_value_c           ...   @7044 +'h820030                            
      input_value               input_value_c            ...   @7055 +'h820040                            
    default_map                 uvm_reg_map              -     @6594                                      
      endian                                             ...   UVM_LITTLE_ENDIAN                          
      effective sequencer       ahb_master_sequencer     ...   uvm_test_top.ve.ahb0.master_agent.sequencer
      ua_div_latch0             ua_div_latch0_c          ...   @6384 +'h810000                            
      ua_div_latch1             ua_div_latch1_c          ...   @6397 +'h810001                            
      ua_int_id                 ua_int_id_c              ...   @6409 +'h810002                            
      ua_fifo_ctrl              ua_fifo_ctrl_c           ...   @6420 +'h810002                            
      ua_lcr                    ua_lcr_c                 ...   @6431 +'h810003                            
      ua_ier                    ua_ier_c                 ...   @6443 +'h810008                            
    default_map                 uvm_reg_map              -     @6823                                      
      endian                                             ...   UVM_LITTLE_ENDIAN                          
      effective sequencer       ahb_master_sequencer     ...   uvm_test_top.ve.ahb0.master_agent.sequencer
      ua_div_latch0             ua_div_latch0_c          ...   @6675 +'h880000                            
      ua_div_latch1             ua_div_latch1_c          ...   @6685 +'h880001                            
      ua_int_id                 ua_int_id_c              ...   @6695 +'h880002                            
      ua_fifo_ctrl              ua_fifo_ctrl_c           ...   @6704 +'h880002                            
      ua_lcr                    ua_lcr_c                 ...   @6713 +'h880003                            
      ua_ier                    ua_ier_c                 ...   @6723 +'h880008                            
----------------------------------------------------------------------------------------------------------

UVM_INFO $DVT_PREDEFINED_PROJECTS/libs/uvm-1.1b/src/seq/uvm_sequencer_base.svh(1391) @ 0: uvm_test_top.ve.virtual_sequencer [PHASESEQ] Starting default sequence 'lp_shutdown_uart1' for phase 'run'
UVM_INFO $DVT_PREDEFINED_PROJECTS/libs/uvm-1.1b/src/seq/uvm_sequencer_base.svh(1385) @ 0: uvm_test_top.ve.uart1.Tx.sequencer [PHASESEQ] No default phase sequence for phase 'run'
UVM_INFO $DVT_PREDEFINED_PROJECTS/uvm_ref_flow_1.1/soc_verification_lib/sv_cb_ex_lib/interface_uvc_lib/uart/sv/uart_monitor.sv(127) @ 0: uvm_test_top.ve.uart1.Tx.monitor [uart_tx_monitor] Start Running
UVM_INFO $DVT_PREDEFINED_PROJECTS/uvm_ref_flow_1.1/soc_verification_lib/sv_cb_ex_lib/interface_uvc_lib/uart/sv/uart_monitor.sv(127) @ 0: uvm_test_top.ve.uart1.Rx.monitor [uart_rx_monitor] Start Running
UVM_INFO $DVT_PREDEFINED_PROJECTS/libs/uvm-1.1b/src/seq/uvm_sequencer_base.svh(1385) @ 0: uvm_test_top.ve.uart0.Tx.sequencer [PHASESEQ] No default phase sequence for phase 'run'
UVM_INFO $DVT_PREDEFINED_PROJECTS/uvm_ref_flow_1.1/soc_verification_lib/sv_cb_ex_lib/interface_uvc_lib/uart/sv/uart_monitor.sv(127) @ 0: uvm_test_top.ve.uart0.Tx.monitor [uart_tx_monitor] Start Running
UVM_INFO $DVT_PREDEFINED_PROJECTS/uvm_ref_flow_1.1/soc_verification_lib/sv_cb_ex_lib/interface_uvc_lib/uart/sv/uart_monitor.sv(127) @ 0: uvm_test_top.ve.uart0.Rx.monitor [uart_rx_monitor] Start Running
UVM_INFO $DVT_PREDEFINED_PROJECTS/libs/uvm-1.1b/src/seq/uvm_sequencer_base.svh(1385) @ 0: uvm_test_top.ve.spi0.agents[0].sequencer [PHASESEQ] No default phase sequence for phase 'run'
UVM_INFO $DVT_PREDEFINED_PROJECTS/libs/uvm-1.1b/src/seq/uvm_sequencer_base.svh(1385) @ 0: uvm_test_top.ve.gpio0.agents[0].sequencer [PHASESEQ] No default phase sequence for phase 'run'
UVM_INFO $DVT_PREDEFINED_PROJECTS/libs/uvm-1.1b/src/seq/uvm_sequencer_base.svh(1385) @ 0: uvm_test_top.ve.apb_ss_env.apb_uart1.reg_sequencer [PHASESEQ] No default phase sequence for phase 'run'
UVM_INFO $DVT_PREDEFINED_PROJECTS/libs/uvm-1.1b/src/seq/uvm_sequencer_base.svh(1385) @ 0: uvm_test_top.ve.apb_ss_env.apb_uart0.reg_sequencer [PHASESEQ] No default phase sequence for phase 'run'
UVM_INFO $DVT_PREDEFINED_PROJECTS/libs/uvm-1.1b/src/seq/uvm_sequencer_base.svh(1385) @ 0: uvm_test_top.ve.ahb0.master_agent.sequencer [PHASESEQ] No default phase sequence for phase 'run'
UVM_INFO $DVT_PREDEFINED_PROJECTS/uvm_ref_flow_1.1/soc_verification_lib/sv_cb_ex_lib/apb_subsystem/sv/ahb_user_monitor.sv(57) @ 0: uvm_test_top.ve.ahb0.master_agent.monitor [USR_MONITOR] run started
UVM_INFO $DVT_PREDEFINED_PROJECTS/uvm_ref_flow_1.1/soc_verification_lib/sv_cb_ex_lib/apb_subsystem/sv/ahb_user_monitor.sv(40) @ 0: uvm_test_top.ve.ahb0.master_agent.monitor [USR_MONITOR] print_transfers called
UVM_INFO $DVT_PREDEFINED_PROJECTS/uvm_ref_flow_1.1/soc_verification_lib/sv_cb_ex_lib/apb_subsystem/sv/sequence_lib/apb_subsystem_vir_seq_lib.sv(184) @ 0: uvm_test_top.ve.virtual_sequencer@@lp_shutdown_uart1.lp_shutdown_config [vseq] Number of APB->UART0 Transaction =          1
UVM_INFO $DVT_PREDEFINED_PROJECTS/uvm_ref_flow_1.1/soc_verification_lib/sv_cb_ex_lib/apb_subsystem/sv/sequence_lib/apb_subsystem_vir_seq_lib.sv(185) @ 0: uvm_test_top.ve.virtual_sequencer@@lp_shutdown_uart1.lp_shutdown_config [vseq] Number of APB->UART1 Transaction =          1
UVM_INFO $DVT_PREDEFINED_PROJECTS/uvm_ref_flow_1.1/soc_verification_lib/sv_cb_ex_lib/apb_subsystem/sv/sequence_lib/apb_subsystem_vir_seq_lib.sv(186) @ 0: uvm_test_top.ve.virtual_sequencer@@lp_shutdown_uart1.lp_shutdown_config [vseq] Number of UART0->APB Transaction =          3
UVM_INFO $DVT_PREDEFINED_PROJECTS/uvm_ref_flow_1.1/soc_verification_lib/sv_cb_ex_lib/apb_subsystem/sv/sequence_lib/apb_subsystem_vir_seq_lib.sv(187) @ 0: uvm_test_top.ve.virtual_sequencer@@lp_shutdown_uart1.lp_shutdown_config [vseq] Number of UART1->APB Transaction =          4
UVM_INFO $DVT_PREDEFINED_PROJECTS/uvm_ref_flow_1.1/soc_verification_lib/sv_cb_ex_lib/apb_subsystem/sv/sequence_lib/apb_subsystem_vir_seq_lib.sv(188) @ 0: uvm_test_top.ve.virtual_sequencer@@lp_shutdown_uart1.lp_shutdown_config [vseq] Total Number of AHB, UART Transaction =          8
UVM_INFO $DVT_PREDEFINED_PROJECTS/uvm_ref_flow_1.1/soc_verification_lib/sv_cb_ex_lib/uart_ctrl/sv/sequence_lib/uart_ctrl_reg_seq_lib.sv(92) @ 0: reporter@@uart_cfg_dut_seq [uart_ctrl_config_reg_seq] UART Controller Register configuration sequence starting...
UVM_INFO $DVT_PREDEFINED_PROJECTS/libs/uvm-1.1b/src/reg/uvm_reg_map.svh(1869) @ 0: reporter [uvm_reg_map] Writing 'h8f at 'h810003 via map "reg_model_apb.uart0_rm.uart_ctrl_rf.default_map"...
UVM_INFO $DVT_PREDEFINED_PROJECTS/libs/uvm-1.1b/src/seq/uvm_sequencer_base.svh(1385) @ 0: uvm_test_top.ve.virtual_sequencer [PHASESEQ] No default phase sequence for phase 'pre_reset'
UVM_INFO $DVT_PREDEFINED_PROJECTS/libs/uvm-1.1b/src/seq/uvm_sequencer_base.svh(1385) @ 0: uvm_test_top.ve.uart1.Tx.sequencer [PHASESEQ] No default phase sequence for phase 'pre_reset'
UVM_INFO $DVT_PREDEFINED_PROJECTS/libs/uvm-1.1b/src/seq/uvm_sequencer_base.svh(1385) @ 0: uvm_test_top.ve.uart0.Tx.sequencer [PHASESEQ] No default phase sequence for phase 'pre_reset'
UVM_INFO $DVT_PREDEFINED_PROJECTS/libs/uvm-1.1b/src/seq/uvm_sequencer_base.svh(1385) @ 0: uvm_test_top.ve.spi0.agents[0].sequencer [PHASESEQ] No default phase sequence for phase 'pre_reset'
UVM_INFO $DVT_PREDEFINED_PROJECTS/libs/uvm-1.1b/src/seq/uvm_sequencer_base.svh(1385) @ 0: uvm_test_top.ve.gpio0.agents[0].sequencer [PHASESEQ] No default phase sequence for phase 'pre_reset'
UVM_INFO $DVT_PREDEFINED_PROJECTS/libs/uvm-1.1b/src/seq/uvm_sequencer_base.svh(1385) @ 0: uvm_test_top.ve.apb_ss_env.apb_uart1.reg_sequencer [PHASESEQ] No default phase sequence for phase 'pre_reset'
UVM_INFO $DVT_PREDEFINED_PROJECTS/libs/uvm-1.1b/src/seq/uvm_sequencer_base.svh(1385) @ 0: uvm_test_top.ve.apb_ss_env.apb_uart0.reg_sequencer [PHASESEQ] No default phase sequence for phase 'pre_reset'
UVM_INFO $DVT_PREDEFINED_PROJECTS/libs/uvm-1.1b/src/seq/uvm_sequencer_base.svh(1385) @ 0: uvm_test_top.ve.ahb0.master_agent.sequencer [PHASESEQ] No default phase sequence for phase 'pre_reset'
UVM_INFO $DVT_PREDEFINED_PROJECTS/libs/uvm-1.1b/src/base/uvm_phase.svh(1233) @ 0: reporter [PH_READY_TO_END] Phase 'uvm.uvm_sched.pre_reset' (id=3358) PHASE READY TO END
UVM_INFO $DVT_PREDEFINED_PROJECTS/libs/uvm-1.1b/src/seq/uvm_sequencer_base.svh(1385) @ 0: uvm_test_top.ve.virtual_sequencer [PHASESEQ] No default phase sequence for phase 'reset'
UVM_INFO $DVT_PREDEFINED_PROJECTS/libs/uvm-1.1b/src/seq/uvm_sequencer_base.svh(1385) @ 0: uvm_test_top.ve.uart1.Tx.sequencer [PHASESEQ] No default phase sequence for phase 'reset'
UVM_INFO $DVT_PREDEFINED_PROJECTS/libs/uvm-1.1b/src/seq/uvm_sequencer_base.svh(1385) @ 0: uvm_test_top.ve.uart0.Tx.sequencer [PHASESEQ] No default phase sequence for phase 'reset'
UVM_INFO $DVT_PREDEFINED_PROJECTS/libs/uvm-1.1b/src/seq/uvm_sequencer_base.svh(1385) @ 0: uvm_test_top.ve.spi0.agents[0].sequencer [PHASESEQ] No default phase sequence for phase 'reset'
UVM_INFO $DVT_PREDEFINED_PROJECTS/libs/uvm-1.1b/src/seq/uvm_sequencer_base.svh(1385) @ 0: uvm_test_top.ve.gpio0.agents[0].sequencer [PHASESEQ] No default phase sequence for phase 'reset'
UVM_INFO $DVT_PREDEFINED_PROJECTS/libs/uvm-1.1b/src/seq/uvm_sequencer_base.svh(1385) @ 0: uvm_test_top.ve.apb_ss_env.apb_uart1.reg_sequencer [PHASESEQ] No default phase sequence for phase 'reset'
UVM_INFO $DVT_PREDEFINED_PROJECTS/libs/uvm-1.1b/src/seq/uvm_sequencer_base.svh(1385) @ 0: uvm_test_top.ve.apb_ss_env.apb_uart0.reg_sequencer [PHASESEQ] No default phase sequence for phase 'reset'
UVM_INFO $DVT_PREDEFINED_PROJECTS/libs/uvm-1.1b/src/seq/uvm_sequencer_base.svh(1385) @ 0: uvm_test_top.ve.ahb0.master_agent.sequencer [PHASESEQ] No default phase sequence for phase 'reset'
UVM_INFO $DVT_PREDEFINED_PROJECTS/libs/uvm-1.1b/src/base/uvm_phase.svh(1233) @ 0: reporter [PH_READY_TO_END] Phase 'uvm.uvm_sched.reset' (id=3415) PHASE READY TO END
UVM_INFO $DVT_PREDEFINED_PROJECTS/libs/uvm-1.1b/src/seq/uvm_sequencer_base.svh(1385) @ 0: uvm_test_top.ve.virtual_sequencer [PHASESEQ] No default phase sequence for phase 'post_reset'
UVM_INFO $DVT_PREDEFINED_PROJECTS/libs/uvm-1.1b/src/seq/uvm_sequencer_base.svh(1385) @ 0: uvm_test_top.ve.uart1.Tx.sequencer [PHASESEQ] No default phase sequence for phase 'post_reset'
UVM_INFO $DVT_PREDEFINED_PROJECTS/libs/uvm-1.1b/src/seq/uvm_sequencer_base.svh(1385) @ 0: uvm_test_top.ve.uart0.Tx.sequencer [PHASESEQ] No default phase sequence for phase 'post_reset'
UVM_INFO $DVT_PREDEFINED_PROJECTS/libs/uvm-1.1b/src/seq/uvm_sequencer_base.svh(1385) @ 0: uvm_test_top.ve.spi0.agents[0].sequencer [PHASESEQ] No default phase sequence for phase 'post_reset'
UVM_INFO $DVT_PREDEFINED_PROJECTS/libs/uvm-1.1b/src/seq/uvm_sequencer_base.svh(1385) @ 0: uvm_test_top.ve.gpio0.agents[0].sequencer [PHASESEQ] No default phase sequence for phase 'post_reset'
UVM_INFO $DVT_PREDEFINED_PROJECTS/libs/uvm-1.1b/src/seq/uvm_sequencer_base.svh(1385) @ 0: uvm_test_top.ve.apb_ss_env.apb_uart1.reg_sequencer [PHASESEQ] No default phase sequence for phase 'post_reset'
UVM_INFO $DVT_PREDEFINED_PROJECTS/libs/uvm-1.1b/src/seq/uvm_sequencer_base.svh(1385) @ 0: uvm_test_top.ve.apb_ss_env.apb_uart0.reg_sequencer [PHASESEQ] No default phase sequence for phase 'post_reset'
UVM_INFO $DVT_PREDEFINED_PROJECTS/libs/uvm-1.1b/src/seq/uvm_sequencer_base.svh(1385) @ 0: uvm_test_top.ve.ahb0.master_agent.sequencer [PHASESEQ] No default phase sequence for phase 'post_reset'
UVM_INFO $DVT_PREDEFINED_PROJECTS/libs/uvm-1.1b/src/base/uvm_phase.svh(1233) @ 0: reporter [PH_READY_TO_END] Phase 'uvm.uvm_sched.post_reset' (id=3472) PHASE READY TO END
UVM_INFO $DVT_PREDEFINED_PROJECTS/libs/uvm-1.1b/src/seq/uvm_sequencer_base.svh(1385) @ 0: uvm_test_top.ve.virtual_sequencer [PHASESEQ] No default phase sequence for phase 'pre_configure'
UVM_INFO $DVT_PREDEFINED_PROJECTS/libs/uvm-1.1b/src/seq/uvm_sequencer_base.svh(1385) @ 0: uvm_test_top.ve.uart1.Tx.sequencer [PHASESEQ] No default phase sequence for phase 'pre_configure'
UVM_INFO $DVT_PREDEFINED_PROJECTS/libs/uvm-1.1b/src/seq/uvm_sequencer_base.svh(1385) @ 0: uvm_test_top.ve.uart0.Tx.sequencer [PHASESEQ] No default phase sequence for phase 'pre_configure'
UVM_INFO $DVT_PREDEFINED_PROJECTS/libs/uvm-1.1b/src/seq/uvm_sequencer_base.svh(1385) @ 0: uvm_test_top.ve.spi0.agents[0].sequencer [PHASESEQ] No default phase sequence for phase 'pre_configure'
UVM_INFO $DVT_PREDEFINED_PROJECTS/libs/uvm-1.1b/src/seq/uvm_sequencer_base.svh(1385) @ 0: uvm_test_top.ve.gpio0.agents[0].sequencer [PHASESEQ] No default phase sequence for phase 'pre_configure'
UVM_INFO $DVT_PREDEFINED_PROJECTS/libs/uvm-1.1b/src/seq/uvm_sequencer_base.svh(1385) @ 0: uvm_test_top.ve.apb_ss_env.apb_uart1.reg_sequencer [PHASESEQ] No default phase sequence for phase 'pre_configure'
UVM_INFO $DVT_PREDEFINED_PROJECTS/libs/uvm-1.1b/src/seq/uvm_sequencer_base.svh(1385) @ 0: uvm_test_top.ve.apb_ss_env.apb_uart0.reg_sequencer [PHASESEQ] No default phase sequence for phase 'pre_configure'
UVM_INFO $DVT_PREDEFINED_PROJECTS/libs/uvm-1.1b/src/seq/uvm_sequencer_base.svh(1385) @ 0: uvm_test_top.ve.ahb0.master_agent.sequencer [PHASESEQ] No default phase sequence for phase 'pre_configure'
UVM_INFO $DVT_PREDEFINED_PROJECTS/libs/uvm-1.1b/src/base/uvm_phase.svh(1233) @ 0: reporter [PH_READY_TO_END] Phase 'uvm.uvm_sched.pre_configure' (id=3529) PHASE READY TO END
UVM_INFO $DVT_PREDEFINED_PROJECTS/libs/uvm-1.1b/src/seq/uvm_sequencer_base.svh(1385) @ 0: uvm_test_top.ve.virtual_sequencer [PHASESEQ] No default phase sequence for phase 'configure'
UVM_INFO $DVT_PREDEFINED_PROJECTS/libs/uvm-1.1b/src/seq/uvm_sequencer_base.svh(1385) @ 0: uvm_test_top.ve.uart1.Tx.sequencer [PHASESEQ] No default phase sequence for phase 'configure'
UVM_INFO $DVT_PREDEFINED_PROJECTS/libs/uvm-1.1b/src/seq/uvm_sequencer_base.svh(1385) @ 0: uvm_test_top.ve.uart0.Tx.sequencer [PHASESEQ] No default phase sequence for phase 'configure'
UVM_INFO $DVT_PREDEFINED_PROJECTS/libs/uvm-1.1b/src/seq/uvm_sequencer_base.svh(1385) @ 0: uvm_test_top.ve.spi0.agents[0].sequencer [PHASESEQ] No default phase sequence for phase 'configure'
UVM_INFO $DVT_PREDEFINED_PROJECTS/libs/uvm-1.1b/src/seq/uvm_sequencer_base.svh(1385) @ 0: uvm_test_top.ve.gpio0.agents[0].sequencer [PHASESEQ] No default phase sequence for phase 'configure'
UVM_INFO $DVT_PREDEFINED_PROJECTS/libs/uvm-1.1b/src/seq/uvm_sequencer_base.svh(1385) @ 0: uvm_test_top.ve.apb_ss_env.apb_uart1.reg_sequencer [PHASESEQ] No default phase sequence for phase 'configure'
UVM_INFO $DVT_PREDEFINED_PROJECTS/libs/uvm-1.1b/src/seq/uvm_sequencer_base.svh(1385) @ 0: uvm_test_top.ve.apb_ss_env.apb_uart0.reg_sequencer [PHASESEQ] No default phase sequence for phase 'configure'
UVM_INFO $DVT_PREDEFINED_PROJECTS/libs/uvm-1.1b/src/seq/uvm_sequencer_base.svh(1385) @ 0: uvm_test_top.ve.ahb0.master_agent.sequencer [PHASESEQ] No default phase sequence for phase 'configure'
UVM_INFO $DVT_PREDEFINED_PROJECTS/libs/uvm-1.1b/src/base/uvm_phase.svh(1233) @ 0: reporter [PH_READY_TO_END] Phase 'uvm.uvm_sched.configure' (id=3586) PHASE READY TO END
UVM_INFO $DVT_PREDEFINED_PROJECTS/libs/uvm-1.1b/src/seq/uvm_sequencer_base.svh(1385) @ 0: uvm_test_top.ve.virtual_sequencer [PHASESEQ] No default phase sequence for phase 'post_configure'
UVM_INFO $DVT_PREDEFINED_PROJECTS/libs/uvm-1.1b/src/seq/uvm_sequencer_base.svh(1385) @ 0: uvm_test_top.ve.uart1.Tx.sequencer [PHASESEQ] No default phase sequence for phase 'post_configure'
UVM_INFO $DVT_PREDEFINED_PROJECTS/libs/uvm-1.1b/src/seq/uvm_sequencer_base.svh(1385) @ 0: uvm_test_top.ve.uart0.Tx.sequencer [PHASESEQ] No default phase sequence for phase 'post_configure'
UVM_INFO $DVT_PREDEFINED_PROJECTS/libs/uvm-1.1b/src/seq/uvm_sequencer_base.svh(1385) @ 0: uvm_test_top.ve.spi0.agents[0].sequencer [PHASESEQ] No default phase sequence for phase 'post_configure'
UVM_INFO $DVT_PREDEFINED_PROJECTS/libs/uvm-1.1b/src/seq/uvm_sequencer_base.svh(1385) @ 0: uvm_test_top.ve.gpio0.agents[0].sequencer [PHASESEQ] No default phase sequence for phase 'post_configure'
UVM_INFO $DVT_PREDEFINED_PROJECTS/libs/uvm-1.1b/src/seq/uvm_sequencer_base.svh(1385) @ 0: uvm_test_top.ve.apb_ss_env.apb_uart1.reg_sequencer [PHASESEQ] No default phase sequence for phase 'post_configure'
UVM_INFO $DVT_PREDEFINED_PROJECTS/libs/uvm-1.1b/src/seq/uvm_sequencer_base.svh(1385) @ 0: uvm_test_top.ve.apb_ss_env.apb_uart0.reg_sequencer [PHASESEQ] No default phase sequence for phase 'post_configure'
UVM_INFO $DVT_PREDEFINED_PROJECTS/libs/uvm-1.1b/src/seq/uvm_sequencer_base.svh(1385) @ 0: uvm_test_top.ve.ahb0.master_agent.sequencer [PHASESEQ] No default phase sequence for phase 'post_configure'
UVM_INFO $DVT_PREDEFINED_PROJECTS/libs/uvm-1.1b/src/base/uvm_phase.svh(1233) @ 0: reporter [PH_READY_TO_END] Phase 'uvm.uvm_sched.post_configure' (id=3643) PHASE READY TO END
UVM_INFO $DVT_PREDEFINED_PROJECTS/libs/uvm-1.1b/src/seq/uvm_sequencer_base.svh(1385) @ 0: uvm_test_top.ve.virtual_sequencer [PHASESEQ] No default phase sequence for phase 'pre_main'
UVM_INFO $DVT_PREDEFINED_PROJECTS/libs/uvm-1.1b/src/seq/uvm_sequencer_base.svh(1385) @ 0: uvm_test_top.ve.uart1.Tx.sequencer [PHASESEQ] No default phase sequence for phase 'pre_main'
UVM_INFO $DVT_PREDEFINED_PROJECTS/libs/uvm-1.1b/src/seq/uvm_sequencer_base.svh(1385) @ 0: uvm_test_top.ve.uart0.Tx.sequencer [PHASESEQ] No default phase sequence for phase 'pre_main'
UVM_INFO $DVT_PREDEFINED_PROJECTS/libs/uvm-1.1b/src/seq/uvm_sequencer_base.svh(1385) @ 0: uvm_test_top.ve.spi0.agents[0].sequencer [PHASESEQ] No default phase sequence for phase 'pre_main'
UVM_INFO $DVT_PREDEFINED_PROJECTS/libs/uvm-1.1b/src/seq/uvm_sequencer_base.svh(1385) @ 0: uvm_test_top.ve.gpio0.agents[0].sequencer [PHASESEQ] No default phase sequence for phase 'pre_main'
UVM_INFO $DVT_PREDEFINED_PROJECTS/libs/uvm-1.1b/src/seq/uvm_sequencer_base.svh(1385) @ 0: uvm_test_top.ve.apb_ss_env.apb_uart1.reg_sequencer [PHASESEQ] No default phase sequence for phase 'pre_main'
UVM_INFO $DVT_PREDEFINED_PROJECTS/libs/uvm-1.1b/src/seq/uvm_sequencer_base.svh(1385) @ 0: uvm_test_top.ve.apb_ss_env.apb_uart0.reg_sequencer [PHASESEQ] No default phase sequence for phase 'pre_main'
UVM_INFO $DVT_PREDEFINED_PROJECTS/libs/uvm-1.1b/src/seq/uvm_sequencer_base.svh(1385) @ 0: uvm_test_top.ve.ahb0.master_agent.sequencer [PHASESEQ] No default phase sequence for phase 'pre_main'
UVM_INFO $DVT_PREDEFINED_PROJECTS/libs/uvm-1.1b/src/base/uvm_phase.svh(1233) @ 0: reporter [PH_READY_TO_END] Phase 'uvm.uvm_sched.pre_main' (id=3700) PHASE READY TO END
UVM_INFO $DVT_PREDEFINED_PROJECTS/libs/uvm-1.1b/src/seq/uvm_sequencer_base.svh(1385) @ 0: uvm_test_top.ve.virtual_sequencer [PHASESEQ] No default phase sequence for phase 'main'
UVM_INFO $DVT_PREDEFINED_PROJECTS/libs/uvm-1.1b/src/seq/uvm_sequencer_base.svh(1385) @ 0: uvm_test_top.ve.uart1.Tx.sequencer [PHASESEQ] No default phase sequence for phase 'main'
UVM_INFO $DVT_PREDEFINED_PROJECTS/libs/uvm-1.1b/src/seq/uvm_sequencer_base.svh(1385) @ 0: uvm_test_top.ve.uart0.Tx.sequencer [PHASESEQ] No default phase sequence for phase 'main'
UVM_INFO $DVT_PREDEFINED_PROJECTS/libs/uvm-1.1b/src/seq/uvm_sequencer_base.svh(1385) @ 0: uvm_test_top.ve.spi0.agents[0].sequencer [PHASESEQ] No default phase sequence for phase 'main'
UVM_INFO $DVT_PREDEFINED_PROJECTS/libs/uvm-1.1b/src/seq/uvm_sequencer_base.svh(1385) @ 0: uvm_test_top.ve.gpio0.agents[0].sequencer [PHASESEQ] No default phase sequence for phase 'main'
UVM_INFO $DVT_PREDEFINED_PROJECTS/libs/uvm-1.1b/src/seq/uvm_sequencer_base.svh(1385) @ 0: uvm_test_top.ve.apb_ss_env.apb_uart1.reg_sequencer [PHASESEQ] No default phase sequence for phase 'main'
UVM_INFO $DVT_PREDEFINED_PROJECTS/libs/uvm-1.1b/src/seq/uvm_sequencer_base.svh(1385) @ 0: uvm_test_top.ve.apb_ss_env.apb_uart0.reg_sequencer [PHASESEQ] No default phase sequence for phase 'main'
UVM_INFO $DVT_PREDEFINED_PROJECTS/libs/uvm-1.1b/src/seq/uvm_sequencer_base.svh(1385) @ 0: uvm_test_top.ve.ahb0.master_agent.sequencer [PHASESEQ] No default phase sequence for phase 'main'
UVM_INFO $DVT_PREDEFINED_PROJECTS/libs/uvm-1.1b/src/base/uvm_phase.svh(1233) @ 0: reporter [PH_READY_TO_END] Phase 'uvm.uvm_sched.main' (id=3757) PHASE READY TO END
UVM_INFO $DVT_PREDEFINED_PROJECTS/libs/uvm-1.1b/src/seq/uvm_sequencer_base.svh(1385) @ 0: uvm_test_top.ve.virtual_sequencer [PHASESEQ] No default phase sequence for phase 'post_main'
UVM_INFO $DVT_PREDEFINED_PROJECTS/libs/uvm-1.1b/src/seq/uvm_sequencer_base.svh(1385) @ 0: uvm_test_top.ve.uart1.Tx.sequencer [PHASESEQ] No default phase sequence for phase 'post_main'
UVM_INFO $DVT_PREDEFINED_PROJECTS/libs/uvm-1.1b/src/seq/uvm_sequencer_base.svh(1385) @ 0: uvm_test_top.ve.uart0.Tx.sequencer [PHASESEQ] No default phase sequence for phase 'post_main'
UVM_INFO $DVT_PREDEFINED_PROJECTS/libs/uvm-1.1b/src/seq/uvm_sequencer_base.svh(1385) @ 0: uvm_test_top.ve.spi0.agents[0].sequencer [PHASESEQ] No default phase sequence for phase 'post_main'
UVM_INFO $DVT_PREDEFINED_PROJECTS/libs/uvm-1.1b/src/seq/uvm_sequencer_base.svh(1385) @ 0: uvm_test_top.ve.gpio0.agents[0].sequencer [PHASESEQ] No default phase sequence for phase 'post_main'
UVM_INFO $DVT_PREDEFINED_PROJECTS/libs/uvm-1.1b/src/seq/uvm_sequencer_base.svh(1385) @ 0: uvm_test_top.ve.apb_ss_env.apb_uart1.reg_sequencer [PHASESEQ] No default phase sequence for phase 'post_main'
UVM_INFO $DVT_PREDEFINED_PROJECTS/libs/uvm-1.1b/src/seq/uvm_sequencer_base.svh(1385) @ 0: uvm_test_top.ve.apb_ss_env.apb_uart0.reg_sequencer [PHASESEQ] No default phase sequence for phase 'post_main'
UVM_INFO $DVT_PREDEFINED_PROJECTS/libs/uvm-1.1b/src/seq/uvm_sequencer_base.svh(1385) @ 0: uvm_test_top.ve.ahb0.master_agent.sequencer [PHASESEQ] No default phase sequence for phase 'post_main'
UVM_INFO $DVT_PREDEFINED_PROJECTS/libs/uvm-1.1b/src/base/uvm_phase.svh(1233) @ 0: reporter [PH_READY_TO_END] Phase 'uvm.uvm_sched.post_main' (id=3814) PHASE READY TO END
UVM_INFO $DVT_PREDEFINED_PROJECTS/libs/uvm-1.1b/src/seq/uvm_sequencer_base.svh(1385) @ 0: uvm_test_top.ve.virtual_sequencer [PHASESEQ] No default phase sequence for phase 'pre_shutdown'
UVM_INFO $DVT_PREDEFINED_PROJECTS/libs/uvm-1.1b/src/seq/uvm_sequencer_base.svh(1385) @ 0: uvm_test_top.ve.uart1.Tx.sequencer [PHASESEQ] No default phase sequence for phase 'pre_shutdown'
UVM_INFO $DVT_PREDEFINED_PROJECTS/libs/uvm-1.1b/src/seq/uvm_sequencer_base.svh(1385) @ 0: uvm_test_top.ve.uart0.Tx.sequencer [PHASESEQ] No default phase sequence for phase 'pre_shutdown'
UVM_INFO $DVT_PREDEFINED_PROJECTS/libs/uvm-1.1b/src/seq/uvm_sequencer_base.svh(1385) @ 0: uvm_test_top.ve.spi0.agents[0].sequencer [PHASESEQ] No default phase sequence for phase 'pre_shutdown'
UVM_INFO $DVT_PREDEFINED_PROJECTS/libs/uvm-1.1b/src/seq/uvm_sequencer_base.svh(1385) @ 0: uvm_test_top.ve.gpio0.agents[0].sequencer [PHASESEQ] No default phase sequence for phase 'pre_shutdown'
UVM_INFO $DVT_PREDEFINED_PROJECTS/libs/uvm-1.1b/src/seq/uvm_sequencer_base.svh(1385) @ 0: uvm_test_top.ve.apb_ss_env.apb_uart1.reg_sequencer [PHASESEQ] No default phase sequence for phase 'pre_shutdown'
UVM_INFO $DVT_PREDEFINED_PROJECTS/libs/uvm-1.1b/src/seq/uvm_sequencer_base.svh(1385) @ 0: uvm_test_top.ve.apb_ss_env.apb_uart0.reg_sequencer [PHASESEQ] No default phase sequence for phase 'pre_shutdown'
UVM_INFO $DVT_PREDEFINED_PROJECTS/libs/uvm-1.1b/src/seq/uvm_sequencer_base.svh(1385) @ 0: uvm_test_top.ve.ahb0.master_agent.sequencer [PHASESEQ] No default phase sequence for phase 'pre_shutdown'
UVM_INFO $DVT_PREDEFINED_PROJECTS/libs/uvm-1.1b/src/base/uvm_phase.svh(1233) @ 0: reporter [PH_READY_TO_END] Phase 'uvm.uvm_sched.pre_shutdown' (id=3871) PHASE READY TO END
UVM_INFO $DVT_PREDEFINED_PROJECTS/libs/uvm-1.1b/src/seq/uvm_sequencer_base.svh(1385) @ 0: uvm_test_top.ve.virtual_sequencer [PHASESEQ] No default phase sequence for phase 'shutdown'
UVM_INFO $DVT_PREDEFINED_PROJECTS/libs/uvm-1.1b/src/seq/uvm_sequencer_base.svh(1385) @ 0: uvm_test_top.ve.uart1.Tx.sequencer [PHASESEQ] No default phase sequence for phase 'shutdown'
UVM_INFO $DVT_PREDEFINED_PROJECTS/libs/uvm-1.1b/src/seq/uvm_sequencer_base.svh(1385) @ 0: uvm_test_top.ve.uart0.Tx.sequencer [PHASESEQ] No default phase sequence for phase 'shutdown'
UVM_INFO $DVT_PREDEFINED_PROJECTS/libs/uvm-1.1b/src/seq/uvm_sequencer_base.svh(1385) @ 0: uvm_test_top.ve.spi0.agents[0].sequencer [PHASESEQ] No default phase sequence for phase 'shutdown'
UVM_INFO $DVT_PREDEFINED_PROJECTS/libs/uvm-1.1b/src/seq/uvm_sequencer_base.svh(1385) @ 0: uvm_test_top.ve.gpio0.agents[0].sequencer [PHASESEQ] No default phase sequence for phase 'shutdown'
UVM_INFO $DVT_PREDEFINED_PROJECTS/libs/uvm-1.1b/src/seq/uvm_sequencer_base.svh(1385) @ 0: uvm_test_top.ve.apb_ss_env.apb_uart1.reg_sequencer [PHASESEQ] No default phase sequence for phase 'shutdown'
UVM_INFO $DVT_PREDEFINED_PROJECTS/libs/uvm-1.1b/src/seq/uvm_sequencer_base.svh(1385) @ 0: uvm_test_top.ve.apb_ss_env.apb_uart0.reg_sequencer [PHASESEQ] No default phase sequence for phase 'shutdown'
UVM_INFO $DVT_PREDEFINED_PROJECTS/libs/uvm-1.1b/src/seq/uvm_sequencer_base.svh(1385) @ 0: uvm_test_top.ve.ahb0.master_agent.sequencer [PHASESEQ] No default phase sequence for phase 'shutdown'
UVM_INFO $DVT_PREDEFINED_PROJECTS/libs/uvm-1.1b/src/base/uvm_phase.svh(1233) @ 0: reporter [PH_READY_TO_END] Phase 'uvm.uvm_sched.shutdown' (id=3928) PHASE READY TO END
UVM_INFO $DVT_PREDEFINED_PROJECTS/libs/uvm-1.1b/src/seq/uvm_sequencer_base.svh(1385) @ 0: uvm_test_top.ve.virtual_sequencer [PHASESEQ] No default phase sequence for phase 'post_shutdown'
UVM_INFO $DVT_PREDEFINED_PROJECTS/libs/uvm-1.1b/src/seq/uvm_sequencer_base.svh(1385) @ 0: uvm_test_top.ve.uart1.Tx.sequencer [PHASESEQ] No default phase sequence for phase 'post_shutdown'
UVM_INFO $DVT_PREDEFINED_PROJECTS/libs/uvm-1.1b/src/seq/uvm_sequencer_base.svh(1385) @ 0: uvm_test_top.ve.uart0.Tx.sequencer [PHASESEQ] No default phase sequence for phase 'post_shutdown'
UVM_INFO $DVT_PREDEFINED_PROJECTS/libs/uvm-1.1b/src/seq/uvm_sequencer_base.svh(1385) @ 0: uvm_test_top.ve.spi0.agents[0].sequencer [PHASESEQ] No default phase sequence for phase 'post_shutdown'
UVM_INFO $DVT_PREDEFINED_PROJECTS/libs/uvm-1.1b/src/seq/uvm_sequencer_base.svh(1385) @ 0: uvm_test_top.ve.gpio0.agents[0].sequencer [PHASESEQ] No default phase sequence for phase 'post_shutdown'
UVM_INFO $DVT_PREDEFINED_PROJECTS/libs/uvm-1.1b/src/seq/uvm_sequencer_base.svh(1385) @ 0: uvm_test_top.ve.apb_ss_env.apb_uart1.reg_sequencer [PHASESEQ] No default phase sequence for phase 'post_shutdown'
UVM_INFO $DVT_PREDEFINED_PROJECTS/libs/uvm-1.1b/src/seq/uvm_sequencer_base.svh(1385) @ 0: uvm_test_top.ve.apb_ss_env.apb_uart0.reg_sequencer [PHASESEQ] No default phase sequence for phase 'post_shutdown'
UVM_INFO $DVT_PREDEFINED_PROJECTS/libs/uvm-1.1b/src/seq/uvm_sequencer_base.svh(1385) @ 0: uvm_test_top.ve.ahb0.master_agent.sequencer [PHASESEQ] No default phase sequence for phase 'post_shutdown'
UVM_INFO $DVT_PREDEFINED_PROJECTS/libs/uvm-1.1b/src/base/uvm_phase.svh(1233) @ 0: reporter [PH_READY_TO_END] Phase 'uvm.uvm_sched.post_shutdown' (id=3985) PHASE READY TO END
UVM_INFO $DVT_PREDEFINED_PROJECTS/uvm_ref_flow_1.1/soc_verification_lib/sv_cb_ex_lib/interface_uvc_lib/uart/sv/uart_tx_driver.sv(97) @ 1000: uvm_test_top.ve.uart1.Tx.driver [uart_tx_driver] Reset Asserted
UVM_INFO $DVT_PREDEFINED_PROJECTS/uvm_ref_flow_1.1/soc_verification_lib/sv_cb_ex_lib/interface_uvc_lib/uart/sv/uart_tx_driver.sv(97) @ 1000: uvm_test_top.ve.uart0.Tx.driver [uart_tx_driver] Reset Asserted
UVM_INFO $DVT_PREDEFINED_PROJECTS/uvm_ref_flow_1.1/soc_verification_lib/sv_cb_ex_lib/interface_uvc_lib/ahb/sv/ahb_master_driver.sv(106) @ 1000: uvm_test_top.ve.ahb0.master_agent.driver [ahb_master_driver] Reset observed
UVM_INFO @ 50000: reporter [MISCMP] Miscompare for gpio_transfer.output_enable: lhs = 'h0 : rhs = 'hffff
UVM_INFO @ 50000: reporter [MISCMP] 1 Miscompare(s) for object gpio_transfer@14476 vs. gpio_transfer@14647
UVM_INFO $DVT_PREDEFINED_PROJECTS/uvm_ref_flow_1.1/soc_verification_lib/sv_cb_ex_lib/interface_uvc_lib/gpio/sv/gpio_monitor.sv(121) @ 50000: uvm_test_top.ve.gpio0.agents[0].monitor [GPIO_MON] Transfer collected :
----------------------------------------------------------------------------------------------------------
Name                            Type                     Size  Value                                      
----------------------------------------------------------------------------------------------------------
gpio_transfer                   gpio_transfer            -     @14476                                     
  transmit_delay                integral                 32    'd0                                        
  transfer_data                 integral                 32    'h0                                        
  monitor_data                  integral                 32    'h0                                        
  output_enable                 integral                 32    'hffff                                     
  agent                         string                   9     agents[0]                                  
  begin_time                    time                     64    50000                                      
----------------------------------------------------------------------------------------------------------

UVM_INFO $DVT_PREDEFINED_PROJECTS/uvm_ref_flow_1.1/soc_verification_lib/sv_cb_ex_lib/interface_uvc_lib/apb/sv/apb_collector.sv(108) @ 1201000: uvm_test_top.ve.apb0.bus_collector [apb_collector] Detected Reset Done
UVM_INFO $DVT_PREDEFINED_PROJECTS/uvm_ref_flow_1.1/soc_verification_lib/sv_cb_ex_lib/interface_uvc_lib/uart/sv/uart_monitor.sv(130) @ 1201000: uvm_test_top.ve.uart1.Tx.monitor [uart_tx_monitor] Detected Reset Done
UVM_INFO $DVT_PREDEFINED_PROJECTS/uvm_ref_flow_1.1/soc_verification_lib/sv_cb_ex_lib/interface_uvc_lib/uart/sv/uart_monitor.sv(175) @ 1201000: uvm_test_top.ve.uart1.Tx.monitor [uart_tx_monitor] trying to detect SOP
UVM_INFO $DVT_PREDEFINED_PROJECTS/uvm_ref_flow_1.1/soc_verification_lib/sv_cb_ex_lib/interface_uvc_lib/uart/sv/uart_monitor.sv(130) @ 1201000: uvm_test_top.ve.uart1.Rx.monitor [uart_rx_monitor] Detected Reset Done
UVM_INFO $DVT_PREDEFINED_PROJECTS/uvm_ref_flow_1.1/soc_verification_lib/sv_cb_ex_lib/interface_uvc_lib/uart/sv/uart_monitor.sv(175) @ 1201000: uvm_test_top.ve.uart1.Rx.monitor [uart_rx_monitor] trying to detect SOP
UVM_INFO $DVT_PREDEFINED_PROJECTS/uvm_ref_flow_1.1/soc_verification_lib/sv_cb_ex_lib/interface_uvc_lib/uart/sv/uart_monitor.sv(130) @ 1201000: uvm_test_top.ve.uart0.Tx.monitor [uart_tx_monitor] Detected Reset Done
UVM_INFO $DVT_PREDEFINED_PROJECTS/uvm_ref_flow_1.1/soc_verification_lib/sv_cb_ex_lib/interface_uvc_lib/uart/sv/uart_monitor.sv(175) @ 1201000: uvm_test_top.ve.uart0.Tx.monitor [uart_tx_monitor] trying to detect SOP
UVM_INFO $DVT_PREDEFINED_PROJECTS/uvm_ref_flow_1.1/soc_verification_lib/sv_cb_ex_lib/interface_uvc_lib/uart/sv/uart_monitor.sv(130) @ 1201000: uvm_test_top.ve.uart0.Rx.monitor [uart_rx_monitor] Detected Reset Done
UVM_INFO $DVT_PREDEFINED_PROJECTS/uvm_ref_flow_1.1/soc_verification_lib/sv_cb_ex_lib/interface_uvc_lib/uart/sv/uart_monitor.sv(175) @ 1201000: uvm_test_top.ve.uart0.Rx.monitor [uart_rx_monitor] trying to detect SOP
UVM_INFO $DVT_PREDEFINED_PROJECTS/uvm_ref_flow_1.1/soc_verification_lib/sv_cb_ex_lib/interface_uvc_lib/ahb/sv/ahb_master_driver.sv(90) @ 1201000: uvm_test_top.ve.ahb0.master_agent.driver [ahb_master_driver] Reset dropped
UVM_INFO $DVT_PREDEFINED_PROJECTS/uvm_ref_flow_1.1/soc_verification_lib/sv_cb_ex_lib/interface_uvc_lib/ahb/sv/ahb_master_driver.sv(128) @ 1450000: uvm_test_top.ve.ahb0.master_agent.driver [ahb_master_driver] Item 1 Sent ...
UVM_INFO $DVT_PREDEFINED_PROJECTS/libs/uvm-1.1b/src/reg/uvm_reg_map.svh(1916) @ 1450000: reporter [uvm_reg_map] Wrote 'h8f at 'h810003 via map "reg_model_apb.uart0_rm.uart_ctrl_rf.default_map": UVM_IS_OK...
UVM_INFO @ 1450000: reporter [RegModel] Wrote register via map reg_model_apb.uart0_rm.uart_ctrl_rf.default_map: reg_model_apb.uart0_rm.uart_ctrl_rf.ua_lcr=0x8f
UVM_INFO $DVT_PREDEFINED_PROJECTS/libs/uvm-1.1b/src/reg/uvm_reg_map.svh(1869) @ 1450000: reporter [uvm_reg_map] Writing 'h1 at 'h810000 via map "reg_model_apb.uart0_rm.uart_ctrl_rf.default_map"...
UVM_INFO $DVT_PREDEFINED_PROJECTS/uvm_ref_flow_1.1/soc_verification_lib/sv_cb_ex_lib/interface_uvc_lib/apb/sv/apb_monitor.sv(129) @ 1750000: uvm_test_top.ve.apb0.bus_monitor [apb_monitor] Address Phase Complete: 00810003[APB_WRITE]
UVM_INFO $DVT_PREDEFINED_PROJECTS/uvm_ref_flow_1.1/soc_verification_lib/sv_cb_ex_lib/interface_uvc_lib/apb/sv/apb_monitor.sv(145) @ 1850000: uvm_test_top.ve.apb0.bus_monitor [apb_monitor] Transaction Collected:
----------------------------------------------------------------------------------------------------------
Name                            Type                     Size  Value                                      
----------------------------------------------------------------------------------------------------------
trans_collected                 apb_transfer             -     @14346                                     
  addr                          integral                 32    'h810003                                   
  direction                     apb_direction_enum       32    APB_WRITE                                  
  data                          integral                 32    'h8f8f8f8f                                 
  master                        string                   6     master                                     
  slave                         string                   5     uart0                                      
  begin_time                    time                     64    1650000                                    
  end_time                      time                     64    1850000                                    
----------------------------------------------------------------------------------------------------------

UVM_INFO $DVT_PREDEFINED_PROJECTS/uvm_ref_flow_1.1/soc_verification_lib/sv_cb_ex_lib/uart_ctrl/sv/uart_ctrl_env.sv(123) @ 1850000: uvm_test_top.ve.apb_ss_env.apb_uart0 [uart_ctrl_env] APB_WRITE: addr = 'h810003, data = 'h8f8f8f8f
UVM_INFO $DVT_PREDEFINED_PROJECTS/uvm_ref_flow_1.1/soc_verification_lib/sv_cb_ex_lib/uart_ctrl/sv/uart_ctrl_env.sv(185) @ 1850000: uvm_test_top.ve.apb_ss_env.apb_uart0 [uart_ctrl_env] Setting Config
----------------------------------------------------------------------------------------------------------
Name                            Type                     Size  Value                                      
----------------------------------------------------------------------------------------------------------
uart_cfg                        uart_config              -     @5030                                      
  is_tx_active                  uvm_active_passive_enum  1     UVM_ACTIVE                                 
  is_rx_active                  uvm_active_passive_enum  1     UVM_PASSIVE                                
  baud_rate_gen                 integral                 8     'd0                                        
  baud_rate_div                 integral                 8     'd0                                        
  char_length                   integral                 2     'h3                                        
  nbstop                        integral                 1     'h1                                        
  parity_en                     integral                 1     'h1                                        
  parity_mode                   integral                 2     'h0                                        
----------------------------------------------------------------------------------------------------------

UVM_INFO $DVT_PREDEFINED_PROJECTS/uvm_ref_flow_1.1/soc_verification_lib/sv_cb_ex_lib/uart_ctrl/sv/uart_ctrl_scoreboard.sv(159) @ 1850000: uvm_test_top.ve.apb_ss_env.apb_uart0.monitor.rx_scbd [SCRBD] write_apb called with addr = 'h810003 and data = 'h8f8f8f8f
UVM_INFO $DVT_PREDEFINED_PROJECTS/uvm_ref_flow_1.1/soc_verification_lib/sv_cb_ex_lib/uart_ctrl/sv/uart_ctrl_scoreboard.sv(165) @ 1850000: uvm_test_top.ve.apb_ss_env.apb_uart0.monitor.rx_scbd [SCRBD] LINE_CTRL Write with addr = 'h810003 and data = 'h8f8f8f8f div_en = 1
UVM_INFO $DVT_PREDEFINED_PROJECTS/uvm_ref_flow_1.1/soc_verification_lib/sv_cb_ex_lib/uart_ctrl/sv/uart_ctrl_scoreboard.sv(71) @ 1850000: uvm_test_top.ve.apb_ss_env.apb_uart0.monitor.tx_scbd [SCRBD] LINE_CTRL Write with addr = 'h810003 and data = 'h8f8f8f8f div_en = 1
UVM_INFO $DVT_PREDEFINED_PROJECTS/uvm_ref_flow_1.1/soc_verification_lib/sv_cb_ex_lib/uart_ctrl/sv/uart_ctrl_scoreboard.sv(159) @ 1850000: uvm_test_top.ve.apb_ss_env.apb_uart1.monitor.rx_scbd [SCRBD] write_apb called with addr = 'h810003 and data = 'h8f8f8f8f
UVM_INFO $DVT_PREDEFINED_PROJECTS/uvm_ref_flow_1.1/soc_verification_lib/sv_cb_ex_lib/interface_uvc_lib/apb/sv/apb_collector.sv(139) @ 1850000: uvm_test_top.ve.apb0.bus_collector [apb_collector] Transfer collected :
----------------------------------------------------------------------------------------------------------
Name                            Type                     Size  Value                                      
----------------------------------------------------------------------------------------------------------
trans_collected                 apb_transfer             -     @8188                                      
  addr                          integral                 32    'h810003                                   
  direction                     apb_direction_enum       32    APB_WRITE                                  
  data                          integral                 32    'h8f8f8f8f                                 
  master                        string                   6     master                                     
  slave                         string                   5     uart0                                      
  begin_time                    time                     64    1650000                                    
  end_time                      time                     64    1850000                                    
----------------------------------------------------------------------------------------------------------

UVM_INFO $DVT_PREDEFINED_PROJECTS/uvm_ref_flow_1.1/soc_verification_lib/sv_cb_ex_lib/interface_uvc_lib/ahb/sv/ahb_master_monitor.sv(134) @ 2050000: uvm_test_top.ve.ahb0.master_agent.monitor [ahb_monitor] master transfer collected :
----------------------------------------------------------------------------------------------------------
Name                            Type                     Size  Value                                      
----------------------------------------------------------------------------------------------------------
transfer                        ahb_transfer             -     @14635                                     
  data                          integral                 32    'h8f                                       
  address                       integral                 32    'h810003                                   
  direction                     ahb_direction            1     WRITE                                      
  hsize                         ahb_transfer_size        3     BYTE                                       
  burst                         ahb_burst_kind           3     SINGLE                                     
  prot                          integral                 4     'h0x                                       
  begin_time                    time                     64    1450000                                    
  end_time                      time                     64    2050000                                    
----------------------------------------------------------------------------------------------------------

UVM_INFO $DVT_PREDEFINED_PROJECTS/uvm_ref_flow_1.1/soc_verification_lib/sv_cb_ex_lib/apb_subsystem/sv/ahb_user_monitor.sv(50) @ 2050000: uvm_test_top.ve.ahb0.master_agent.monitor [USR_MONITOR]  WRITE to 810003 with data 8f has ended
UVM_INFO $DVT_PREDEFINED_PROJECTS/uvm_ref_flow_1.1/soc_verification_lib/sv_cb_ex_lib/apb_subsystem/sv/apb_subsystem_env.sv(100) @ 2050000: uvm_test_top.ve.apb_ss_env [apb_subsystem_env] Write -- calling update() with address = 'h810003, data = 'h8f
UVM_INFO $DVT_PREDEFINED_PROJECTS/uvm_ref_flow_1.1/soc_verification_lib/sv_cb_ex_lib/apb_subsystem/sv/apb_subsystem_env.sv(149) @ 2050000: uvm_test_top.ve.apb_ss_env [USR_MONITOR] Write access not to Control/Sataus Registers
UVM_INFO $DVT_PREDEFINED_PROJECTS/uvm_ref_flow_1.1/soc_verification_lib/sv_cb_ex_lib/interface_uvc_lib/ahb/sv/ahb_master_driver.sv(128) @ 2150000: uvm_test_top.ve.ahb0.master_agent.driver [ahb_master_driver] Item 2 Sent ...
UVM_INFO $DVT_PREDEFINED_PROJECTS/libs/uvm-1.1b/src/reg/uvm_reg_map.svh(1916) @ 2150000: reporter [uvm_reg_map] Wrote 'h1 at 'h810000 via map "reg_model_apb.uart0_rm.uart_ctrl_rf.default_map": UVM_IS_OK...
UVM_INFO @ 2150000: reporter [RegModel] Wrote register via map reg_model_apb.uart0_rm.uart_ctrl_rf.default_map: reg_model_apb.uart0_rm.uart_ctrl_rf.ua_div_latch0=0x1
UVM_INFO $DVT_PREDEFINED_PROJECTS/libs/uvm-1.1b/src/reg/uvm_reg_map.svh(1869) @ 2150000: reporter [uvm_reg_map] Writing 'h0 at 'h810001 via map "reg_model_apb.uart0_rm.uart_ctrl_rf.default_map"...
UVM_INFO $DVT_PREDEFINED_PROJECTS/uvm_ref_flow_1.1/soc_verification_lib/sv_cb_ex_lib/interface_uvc_lib/apb/sv/apb_monitor.sv(129) @ 2450000: uvm_test_top.ve.apb0.bus_monitor [apb_monitor] Address Phase Complete: 00810000[APB_WRITE]
UVM_INFO $DVT_PREDEFINED_PROJECTS/uvm_ref_flow_1.1/soc_verification_lib/sv_cb_ex_lib/interface_uvc_lib/apb/sv/apb_monitor.sv(145) @ 2550000: uvm_test_top.ve.apb0.bus_monitor [apb_monitor] Transaction Collected:
----------------------------------------------------------------------------------------------------------
Name                            Type                     Size  Value                                      
----------------------------------------------------------------------------------------------------------
trans_collected                 apb_transfer             -     @14530                                     
  addr                          integral                 32    'h810000                                   
  direction                     apb_direction_enum       32    APB_WRITE                                  
  data                          integral                 32    'h1                                        
  master                        string                   6     master                                     
  slave                         string                   5     uart0                                      
  begin_time                    time                     64    2350000                                    
  end_time                      time                     64    2550000                                    
----------------------------------------------------------------------------------------------------------

UVM_INFO $DVT_PREDEFINED_PROJECTS/uvm_ref_flow_1.1/soc_verification_lib/sv_cb_ex_lib/uart_ctrl/sv/uart_ctrl_env.sv(123) @ 2550000: uvm_test_top.ve.apb_ss_env.apb_uart0 [uart_ctrl_env] APB_WRITE: addr = 'h810000, data = 'h1
UVM_INFO $DVT_PREDEFINED_PROJECTS/uvm_ref_flow_1.1/soc_verification_lib/sv_cb_ex_lib/uart_ctrl/sv/uart_ctrl_env.sv(185) @ 2550000: uvm_test_top.ve.apb_ss_env.apb_uart0 [uart_ctrl_env] Setting Config
----------------------------------------------------------------------------------------------------------
Name                            Type                     Size  Value                                      
----------------------------------------------------------------------------------------------------------
uart_cfg                        uart_config              -     @5030                                      
  is_tx_active                  uvm_active_passive_enum  1     UVM_ACTIVE                                 
  is_rx_active                  uvm_active_passive_enum  1     UVM_PASSIVE                                
  baud_rate_gen                 integral                 8     'd1                                        
  baud_rate_div                 integral                 8     'd0                                        
  char_length                   integral                 2     'h3                                        
  nbstop                        integral                 1     'h1                                        
  parity_en                     integral                 1     'h1                                        
  parity_mode                   integral                 2     'h0                                        
----------------------------------------------------------------------------------------------------------

UVM_INFO $DVT_PREDEFINED_PROJECTS/uvm_ref_flow_1.1/soc_verification_lib/sv_cb_ex_lib/uart_ctrl/sv/uart_ctrl_scoreboard.sv(159) @ 2550000: uvm_test_top.ve.apb_ss_env.apb_uart0.monitor.rx_scbd [SCRBD] write_apb called with addr = 'h810000 and data = 'h1
UVM_INFO $DVT_PREDEFINED_PROJECTS/uvm_ref_flow_1.1/soc_verification_lib/sv_cb_ex_lib/uart_ctrl/sv/uart_ctrl_scoreboard.sv(159) @ 2550000: uvm_test_top.ve.apb_ss_env.apb_uart1.monitor.rx_scbd [SCRBD] write_apb called with addr = 'h810000 and data = 'h1
UVM_INFO $DVT_PREDEFINED_PROJECTS/uvm_ref_flow_1.1/soc_verification_lib/sv_cb_ex_lib/interface_uvc_lib/apb/sv/apb_collector.sv(139) @ 2550000: uvm_test_top.ve.apb0.bus_collector [apb_collector] Transfer collected :
----------------------------------------------------------------------------------------------------------
Name                            Type                     Size  Value                                      
----------------------------------------------------------------------------------------------------------
trans_collected                 apb_transfer             -     @8188                                      
  addr                          integral                 32    'h810000                                   
  direction                     apb_direction_enum       32    APB_WRITE                                  
  data                          integral                 32    'h1                                        
  master                        string                   6     master                                     
  slave                         string                   5     uart0                                      
  begin_time                    time                     64    2350000                                    
  end_time                      time                     64    2550000                                    
----------------------------------------------------------------------------------------------------------

UVM_INFO $DVT_PREDEFINED_PROJECTS/uvm_ref_flow_1.1/soc_verification_lib/sv_cb_ex_lib/interface_uvc_lib/ahb/sv/ahb_master_monitor.sv(134) @ 2750000: uvm_test_top.ve.ahb0.master_agent.monitor [ahb_monitor] master transfer collected :
----------------------------------------------------------------------------------------------------------
Name                            Type                     Size  Value                                      
----------------------------------------------------------------------------------------------------------
transfer                        ahb_transfer             -     @14635                                     
  data                          integral                 32    'h1                                        
  address                       integral                 32    'h810000                                   
  direction                     ahb_direction            1     WRITE                                      
  hsize                         ahb_transfer_size        3     BYTE                                       
  burst                         ahb_burst_kind           3     SINGLE                                     
  prot                          integral                 4     'h0x                                       
  begin_time                    time                     64    2150000                                    
  end_time                      time                     64    2750000                                    
----------------------------------------------------------------------------------------------------------

UVM_INFO $DVT_PREDEFINED_PROJECTS/uvm_ref_flow_1.1/soc_verification_lib/sv_cb_ex_lib/apb_subsystem/sv/ahb_user_monitor.sv(50) @ 2750000: uvm_test_top.ve.ahb0.master_agent.monitor [USR_MONITOR]  WRITE to 810000 with data 1 has ended
UVM_INFO $DVT_PREDEFINED_PROJECTS/uvm_ref_flow_1.1/soc_verification_lib/sv_cb_ex_lib/apb_subsystem/sv/apb_subsystem_env.sv(100) @ 2750000: uvm_test_top.ve.apb_ss_env [apb_subsystem_env] Write -- calling update() with address = 'h810000, data = 'h1
UVM_INFO $DVT_PREDEFINED_PROJECTS/uvm_ref_flow_1.1/soc_verification_lib/sv_cb_ex_lib/apb_subsystem/sv/apb_subsystem_env.sv(149) @ 2750000: uvm_test_top.ve.apb_ss_env [USR_MONITOR] Write access not to Control/Sataus Registers
UVM_INFO $DVT_PREDEFINED_PROJECTS/uvm_ref_flow_1.1/soc_verification_lib/sv_cb_ex_lib/interface_uvc_lib/ahb/sv/ahb_master_driver.sv(128) @ 2850000: uvm_test_top.ve.ahb0.master_agent.driver [ahb_master_driver] Item 3 Sent ...
UVM_INFO $DVT_PREDEFINED_PROJECTS/libs/uvm-1.1b/src/reg/uvm_reg_map.svh(1916) @ 2850000: reporter [uvm_reg_map] Wrote 'h0 at 'h810001 via map "reg_model_apb.uart0_rm.uart_ctrl_rf.default_map": UVM_IS_OK...
UVM_INFO @ 2850000: reporter [RegModel] Wrote register via map reg_model_apb.uart0_rm.uart_ctrl_rf.default_map: reg_model_apb.uart0_rm.uart_ctrl_rf.ua_div_latch1=0x0
UVM_INFO $DVT_PREDEFINED_PROJECTS/libs/uvm-1.1b/src/reg/uvm_reg_map.svh(1869) @ 2850000: reporter [uvm_reg_map] Writing 'hf at 'h810003 via map "reg_model_apb.uart0_rm.uart_ctrl_rf.default_map"...
UVM_INFO $DVT_PREDEFINED_PROJECTS/uvm_ref_flow_1.1/soc_verification_lib/sv_cb_ex_lib/interface_uvc_lib/apb/sv/apb_monitor.sv(129) @ 3150000: uvm_test_top.ve.apb0.bus_monitor [apb_monitor] Address Phase Complete: 00810001[APB_WRITE]
UVM_INFO $DVT_PREDEFINED_PROJECTS/uvm_ref_flow_1.1/soc_verification_lib/sv_cb_ex_lib/interface_uvc_lib/apb/sv/apb_monitor.sv(145) @ 3250000: uvm_test_top.ve.apb0.bus_monitor [apb_monitor] Transaction Collected:
----------------------------------------------------------------------------------------------------------
Name                            Type                     Size  Value                                      
----------------------------------------------------------------------------------------------------------
trans_collected                 apb_transfer             -     @14377                                     
  addr                          integral                 32    'h810001                                   
  direction                     apb_direction_enum       32    APB_WRITE                                  
  data                          integral                 32    'h0                                        
  master                        string                   6     master                                     
  slave                         string                   5     uart0                                      
  begin_time                    time                     64    3050000                                    
  end_time                      time                     64    3250000                                    
----------------------------------------------------------------------------------------------------------

UVM_INFO $DVT_PREDEFINED_PROJECTS/uvm_ref_flow_1.1/soc_verification_lib/sv_cb_ex_lib/uart_ctrl/sv/uart_ctrl_env.sv(123) @ 3250000: uvm_test_top.ve.apb_ss_env.apb_uart0 [uart_ctrl_env] APB_WRITE: addr = 'h810001, data = 'h0
UVM_INFO $DVT_PREDEFINED_PROJECTS/uvm_ref_flow_1.1/soc_verification_lib/sv_cb_ex_lib/uart_ctrl/sv/uart_ctrl_env.sv(185) @ 3250000: uvm_test_top.ve.apb_ss_env.apb_uart0 [uart_ctrl_env] Setting Config
----------------------------------------------------------------------------------------------------------
Name                            Type                     Size  Value                                      
----------------------------------------------------------------------------------------------------------
uart_cfg                        uart_config              -     @5030                                      
  is_tx_active                  uvm_active_passive_enum  1     UVM_ACTIVE                                 
  is_rx_active                  uvm_active_passive_enum  1     UVM_PASSIVE                                
  baud_rate_gen                 integral                 8     'd1                                        
  baud_rate_div                 integral                 8     'd0                                        
  char_length                   integral                 2     'h3                                        
  nbstop                        integral                 1     'h1                                        
  parity_en                     integral                 1     'h1                                        
  parity_mode                   integral                 2     'h0                                        
----------------------------------------------------------------------------------------------------------

UVM_INFO $DVT_PREDEFINED_PROJECTS/uvm_ref_flow_1.1/soc_verification_lib/sv_cb_ex_lib/uart_ctrl/sv/uart_ctrl_scoreboard.sv(159) @ 3250000: uvm_test_top.ve.apb_ss_env.apb_uart0.monitor.rx_scbd [SCRBD] write_apb called with addr = 'h810001 and data = 'h0
UVM_INFO $DVT_PREDEFINED_PROJECTS/uvm_ref_flow_1.1/soc_verification_lib/sv_cb_ex_lib/uart_ctrl/sv/uart_ctrl_scoreboard.sv(159) @ 3250000: uvm_test_top.ve.apb_ss_env.apb_uart1.monitor.rx_scbd [SCRBD] write_apb called with addr = 'h810001 and data = 'h0
UVM_INFO $DVT_PREDEFINED_PROJECTS/uvm_ref_flow_1.1/soc_verification_lib/sv_cb_ex_lib/interface_uvc_lib/apb/sv/apb_collector.sv(139) @ 3250000: uvm_test_top.ve.apb0.bus_collector [apb_collector] Transfer collected :
----------------------------------------------------------------------------------------------------------
Name                            Type                     Size  Value                                      
----------------------------------------------------------------------------------------------------------
trans_collected                 apb_transfer             -     @8188                                      
  addr                          integral                 32    'h810001                                   
  direction                     apb_direction_enum       32    APB_WRITE                                  
  data                          integral                 32    'h0                                        
  master                        string                   6     master                                     
  slave                         string                   5     uart0                                      
  begin_time                    time                     64    3050000                                    
  end_time                      time                     64    3250000                                    
----------------------------------------------------------------------------------------------------------

UVM_INFO $DVT_PREDEFINED_PROJECTS/uvm_ref_flow_1.1/soc_verification_lib/sv_cb_ex_lib/interface_uvc_lib/ahb/sv/ahb_master_monitor.sv(134) @ 3450000: uvm_test_top.ve.ahb0.master_agent.monitor [ahb_monitor] master transfer collected :
----------------------------------------------------------------------------------------------------------
Name                            Type                     Size  Value                                      
----------------------------------------------------------------------------------------------------------
transfer                        ahb_transfer             -     @14635                                     
  data                          integral                 32    'h0                                        
  address                       integral                 32    'h810001                                   
  direction                     ahb_direction            1     WRITE                                      
  hsize                         ahb_transfer_size        3     BYTE                                       
  burst                         ahb_burst_kind           3     SINGLE                                     
  prot                          integral                 4     'h0x                                       
  begin_time                    time                     64    2850000                                    
  end_time                      time                     64    3450000                                    
----------------------------------------------------------------------------------------------------------

UVM_INFO $DVT_PREDEFINED_PROJECTS/uvm_ref_flow_1.1/soc_verification_lib/sv_cb_ex_lib/apb_subsystem/sv/ahb_user_monitor.sv(50) @ 3450000: uvm_test_top.ve.ahb0.master_agent.monitor [USR_MONITOR]  WRITE to 810001 with data 0 has ended
UVM_INFO $DVT_PREDEFINED_PROJECTS/uvm_ref_flow_1.1/soc_verification_lib/sv_cb_ex_lib/apb_subsystem/sv/apb_subsystem_env.sv(100) @ 3450000: uvm_test_top.ve.apb_ss_env [apb_subsystem_env] Write -- calling update() with address = 'h810001, data = 'h0
UVM_INFO $DVT_PREDEFINED_PROJECTS/uvm_ref_flow_1.1/soc_verification_lib/sv_cb_ex_lib/apb_subsystem/sv/apb_subsystem_env.sv(149) @ 3450000: uvm_test_top.ve.apb_ss_env [USR_MONITOR] Write access not to Control/Sataus Registers
UVM_INFO $DVT_PREDEFINED_PROJECTS/uvm_ref_flow_1.1/soc_verification_lib/sv_cb_ex_lib/interface_uvc_lib/ahb/sv/ahb_master_driver.sv(128) @ 3550000: uvm_test_top.ve.ahb0.master_agent.driver [ahb_master_driver] Item 4 Sent ...
UVM_INFO $DVT_PREDEFINED_PROJECTS/libs/uvm-1.1b/src/reg/uvm_reg_map.svh(1916) @ 3550000: reporter [uvm_reg_map] Wrote 'hf at 'h810003 via map "reg_model_apb.uart0_rm.uart_ctrl_rf.default_map": UVM_IS_OK...
UVM_INFO @ 3550000: reporter [RegModel] Wrote register via map reg_model_apb.uart0_rm.uart_ctrl_rf.default_map: reg_model_apb.uart0_rm.uart_ctrl_rf.ua_lcr=0xf
UVM_INFO $DVT_PREDEFINED_PROJECTS/uvm_ref_flow_1.1/soc_verification_lib/sv_cb_ex_lib/uart_ctrl/sv/sequence_lib/uart_ctrl_reg_seq_lib.sv(105) @ 3550000: reporter@@uart_cfg_dut_seq [uart_ctrl_config_reg_seq] UART Controller Register configuration sequence completed
UVM_INFO $DVT_PREDEFINED_PROJECTS/uvm_ref_flow_1.1/soc_verification_lib/sv_cb_ex_lib/uart_ctrl/sv/sequence_lib/uart_ctrl_reg_seq_lib.sv(92) @ 3550000: reporter@@uart_cfg_dut_seq [uart_ctrl_config_reg_seq] UART Controller Register configuration sequence starting...
UVM_INFO $DVT_PREDEFINED_PROJECTS/libs/uvm-1.1b/src/reg/uvm_reg_map.svh(1869) @ 3550000: reporter [uvm_reg_map] Writing 'h8f at 'h880003 via map "reg_model_apb.uart1_rm.uart_ctrl_rf.default_map"...
UVM_INFO $DVT_PREDEFINED_PROJECTS/uvm_ref_flow_1.1/soc_verification_lib/sv_cb_ex_lib/interface_uvc_lib/apb/sv/apb_monitor.sv(129) @ 3850000: uvm_test_top.ve.apb0.bus_monitor [apb_monitor] Address Phase Complete: 00810003[APB_WRITE]
UVM_INFO $DVT_PREDEFINED_PROJECTS/uvm_ref_flow_1.1/soc_verification_lib/sv_cb_ex_lib/interface_uvc_lib/apb/sv/apb_monitor.sv(145) @ 3950000: uvm_test_top.ve.apb0.bus_monitor [apb_monitor] Transaction Collected:
----------------------------------------------------------------------------------------------------------
Name                            Type                     Size  Value                                      
----------------------------------------------------------------------------------------------------------
trans_collected                 apb_transfer             -     @14320                                     
  addr                          integral                 32    'h810003                                   
  direction                     apb_direction_enum       32    APB_WRITE                                  
  data                          integral                 32    'hf0f0f0f                                  
  master                        string                   6     master                                     
  slave                         string                   5     uart0                                      
  begin_time                    time                     64    3750000                                    
  end_time                      time                     64    3950000                                    
----------------------------------------------------------------------------------------------------------

UVM_INFO $DVT_PREDEFINED_PROJECTS/uvm_ref_flow_1.1/soc_verification_lib/sv_cb_ex_lib/uart_ctrl/sv/uart_ctrl_env.sv(123) @ 3950000: uvm_test_top.ve.apb_ss_env.apb_uart0 [uart_ctrl_env] APB_WRITE: addr = 'h810003, data = 'hf0f0f0f
UVM_INFO $DVT_PREDEFINED_PROJECTS/uvm_ref_flow_1.1/soc_verification_lib/sv_cb_ex_lib/uart_ctrl/sv/uart_ctrl_env.sv(185) @ 3950000: uvm_test_top.ve.apb_ss_env.apb_uart0 [uart_ctrl_env] Setting Config
----------------------------------------------------------------------------------------------------------
Name                            Type                     Size  Value                                      
----------------------------------------------------------------------------------------------------------
uart_cfg                        uart_config              -     @5030                                      
  is_tx_active                  uvm_active_passive_enum  1     UVM_ACTIVE                                 
  is_rx_active                  uvm_active_passive_enum  1     UVM_PASSIVE                                
  baud_rate_gen                 integral                 8     'd1                                        
  baud_rate_div                 integral                 8     'd0                                        
  char_length                   integral                 2     'h3                                        
  nbstop                        integral                 1     'h1                                        
  parity_en                     integral                 1     'h1                                        
  parity_mode                   integral                 2     'h0                                        
----------------------------------------------------------------------------------------------------------

UVM_INFO $DVT_PREDEFINED_PROJECTS/uvm_ref_flow_1.1/soc_verification_lib/sv_cb_ex_lib/uart_ctrl/sv/uart_ctrl_scoreboard.sv(159) @ 3950000: uvm_test_top.ve.apb_ss_env.apb_uart0.monitor.rx_scbd [SCRBD] write_apb called with addr = 'h810003 and data = 'hf0f0f0f
UVM_INFO $DVT_PREDEFINED_PROJECTS/uvm_ref_flow_1.1/soc_verification_lib/sv_cb_ex_lib/uart_ctrl/sv/uart_ctrl_scoreboard.sv(165) @ 3950000: uvm_test_top.ve.apb_ss_env.apb_uart0.monitor.rx_scbd [SCRBD] LINE_CTRL Write with addr = 'h810003 and data = 'hf0f0f0f div_en = 0
UVM_INFO $DVT_PREDEFINED_PROJECTS/uvm_ref_flow_1.1/soc_verification_lib/sv_cb_ex_lib/uart_ctrl/sv/uart_ctrl_scoreboard.sv(71) @ 3950000: uvm_test_top.ve.apb_ss_env.apb_uart0.monitor.tx_scbd [SCRBD] LINE_CTRL Write with addr = 'h810003 and data = 'hf0f0f0f div_en = 0
UVM_INFO $DVT_PREDEFINED_PROJECTS/uvm_ref_flow_1.1/soc_verification_lib/sv_cb_ex_lib/uart_ctrl/sv/uart_ctrl_scoreboard.sv(159) @ 3950000: uvm_test_top.ve.apb_ss_env.apb_uart1.monitor.rx_scbd [SCRBD] write_apb called with addr = 'h810003 and data = 'hf0f0f0f
UVM_INFO $DVT_PREDEFINED_PROJECTS/uvm_ref_flow_1.1/soc_verification_lib/sv_cb_ex_lib/interface_uvc_lib/apb/sv/apb_collector.sv(139) @ 3950000: uvm_test_top.ve.apb0.bus_collector [apb_collector] Transfer collected :
----------------------------------------------------------------------------------------------------------
Name                            Type                     Size  Value                                      
----------------------------------------------------------------------------------------------------------
trans_collected                 apb_transfer             -     @8188                                      
  addr                          integral                 32    'h810003                                   
  direction                     apb_direction_enum       32    APB_WRITE                                  
  data                          integral                 32    'hf0f0f0f                                  
  master                        string                   6     master                                     
  slave                         string                   5     uart0                                      
  begin_time                    time                     64    3750000                                    
  end_time                      time                     64    3950000                                    
----------------------------------------------------------------------------------------------------------

UVM_INFO $DVT_PREDEFINED_PROJECTS/uvm_ref_flow_1.1/soc_verification_lib/sv_cb_ex_lib/interface_uvc_lib/ahb/sv/ahb_master_monitor.sv(134) @ 4150000: uvm_test_top.ve.ahb0.master_agent.monitor [ahb_monitor] master transfer collected :
----------------------------------------------------------------------------------------------------------
Name                            Type                     Size  Value                                      
----------------------------------------------------------------------------------------------------------
transfer                        ahb_transfer             -     @14635                                     
  data                          integral                 32    'hf                                        
  address                       integral                 32    'h810003                                   
  direction                     ahb_direction            1     WRITE                                      
  hsize                         ahb_transfer_size        3     BYTE                                       
  burst                         ahb_burst_kind           3     SINGLE                                     
  prot                          integral                 4     'h0x                                       
  begin_time                    time                     64    3550000                                    
  end_time                      time                     64    4150000                                    
----------------------------------------------------------------------------------------------------------

UVM_INFO $DVT_PREDEFINED_PROJECTS/uvm_ref_flow_1.1/soc_verification_lib/sv_cb_ex_lib/apb_subsystem/sv/ahb_user_monitor.sv(50) @ 4150000: uvm_test_top.ve.ahb0.master_agent.monitor [USR_MONITOR]  WRITE to 810003 with data f has ended
UVM_INFO $DVT_PREDEFINED_PROJECTS/uvm_ref_flow_1.1/soc_verification_lib/sv_cb_ex_lib/apb_subsystem/sv/apb_subsystem_env.sv(100) @ 4150000: uvm_test_top.ve.apb_ss_env [apb_subsystem_env] Write -- calling update() with address = 'h810003, data = 'hf
UVM_INFO $DVT_PREDEFINED_PROJECTS/uvm_ref_flow_1.1/soc_verification_lib/sv_cb_ex_lib/apb_subsystem/sv/apb_subsystem_env.sv(149) @ 4150000: uvm_test_top.ve.apb_ss_env [USR_MONITOR] Write access not to Control/Sataus Registers
UVM_INFO $DVT_PREDEFINED_PROJECTS/uvm_ref_flow_1.1/soc_verification_lib/sv_cb_ex_lib/interface_uvc_lib/ahb/sv/ahb_master_driver.sv(128) @ 4250000: uvm_test_top.ve.ahb0.master_agent.driver [ahb_master_driver] Item 5 Sent ...
UVM_INFO $DVT_PREDEFINED_PROJECTS/libs/uvm-1.1b/src/reg/uvm_reg_map.svh(1916) @ 4250000: reporter [uvm_reg_map] Wrote 'h8f at 'h880003 via map "reg_model_apb.uart1_rm.uart_ctrl_rf.default_map": UVM_IS_OK...
UVM_INFO @ 4250000: reporter [RegModel] Wrote register via map reg_model_apb.uart1_rm.uart_ctrl_rf.default_map: reg_model_apb.uart1_rm.uart_ctrl_rf.ua_lcr=0x8f
UVM_INFO $DVT_PREDEFINED_PROJECTS/libs/uvm-1.1b/src/reg/uvm_reg_map.svh(1869) @ 4250000: reporter [uvm_reg_map] Writing 'h1 at 'h880000 via map "reg_model_apb.uart1_rm.uart_ctrl_rf.default_map"...
UVM_INFO $DVT_PREDEFINED_PROJECTS/uvm_ref_flow_1.1/soc_verification_lib/sv_cb_ex_lib/interface_uvc_lib/apb/sv/apb_monitor.sv(129) @ 4550000: uvm_test_top.ve.apb0.bus_monitor [apb_monitor] Address Phase Complete: 00880003[APB_WRITE]
UVM_INFO $DVT_PREDEFINED_PROJECTS/uvm_ref_flow_1.1/soc_verification_lib/sv_cb_ex_lib/interface_uvc_lib/apb/sv/apb_monitor.sv(145) @ 4650000: uvm_test_top.ve.apb0.bus_monitor [apb_monitor] Transaction Collected:
----------------------------------------------------------------------------------------------------------
Name                            Type                     Size  Value                                      
----------------------------------------------------------------------------------------------------------
trans_collected                 apb_transfer             -     @14669                                     
  addr                          integral                 32    'h880003                                   
  direction                     apb_direction_enum       32    APB_WRITE                                  
  data                          integral                 32    'h8f8f8f8f                                 
  master                        string                   6     master                                     
  slave                         string                   5     uart1                                      
  begin_time                    time                     64    4450000                                    
  end_time                      time                     64    4650000                                    
----------------------------------------------------------------------------------------------------------

UVM_INFO $DVT_PREDEFINED_PROJECTS/uvm_ref_flow_1.1/soc_verification_lib/sv_cb_ex_lib/uart_ctrl/sv/uart_ctrl_scoreboard.sv(159) @ 4650000: uvm_test_top.ve.apb_ss_env.apb_uart0.monitor.rx_scbd [SCRBD] write_apb called with addr = 'h880003 and data = 'h8f8f8f8f
UVM_INFO $DVT_PREDEFINED_PROJECTS/uvm_ref_flow_1.1/soc_verification_lib/sv_cb_ex_lib/uart_ctrl/sv/uart_ctrl_env.sv(123) @ 4650000: uvm_test_top.ve.apb_ss_env.apb_uart1 [uart_ctrl_env] APB_WRITE: addr = 'h880003, data = 'h8f8f8f8f
UVM_INFO $DVT_PREDEFINED_PROJECTS/uvm_ref_flow_1.1/soc_verification_lib/sv_cb_ex_lib/uart_ctrl/sv/uart_ctrl_env.sv(185) @ 4650000: uvm_test_top.ve.apb_ss_env.apb_uart1 [uart_ctrl_env] Setting Config
----------------------------------------------------------------------------------------------------------
Name                            Type                     Size  Value                                      
----------------------------------------------------------------------------------------------------------
uart_cfg                        uart_config              -     @5038                                      
  is_tx_active                  uvm_active_passive_enum  1     UVM_ACTIVE                                 
  is_rx_active                  uvm_active_passive_enum  1     UVM_PASSIVE                                
  baud_rate_gen                 integral                 8     'd0                                        
  baud_rate_div                 integral                 8     'd0                                        
  char_length                   integral                 2     'h3                                        
  nbstop                        integral                 1     'h1                                        
  parity_en                     integral                 1     'h1                                        
  parity_mode                   integral                 2     'h0                                        
----------------------------------------------------------------------------------------------------------

UVM_INFO $DVT_PREDEFINED_PROJECTS/uvm_ref_flow_1.1/soc_verification_lib/sv_cb_ex_lib/uart_ctrl/sv/uart_ctrl_scoreboard.sv(159) @ 4650000: uvm_test_top.ve.apb_ss_env.apb_uart1.monitor.rx_scbd [SCRBD] write_apb called with addr = 'h880003 and data = 'h8f8f8f8f
UVM_INFO $DVT_PREDEFINED_PROJECTS/uvm_ref_flow_1.1/soc_verification_lib/sv_cb_ex_lib/uart_ctrl/sv/uart_ctrl_scoreboard.sv(165) @ 4650000: uvm_test_top.ve.apb_ss_env.apb_uart1.monitor.rx_scbd [SCRBD] LINE_CTRL Write with addr = 'h880003 and data = 'h8f8f8f8f div_en = 1
UVM_INFO $DVT_PREDEFINED_PROJECTS/uvm_ref_flow_1.1/soc_verification_lib/sv_cb_ex_lib/uart_ctrl/sv/uart_ctrl_scoreboard.sv(71) @ 4650000: uvm_test_top.ve.apb_ss_env.apb_uart1.monitor.tx_scbd [SCRBD] LINE_CTRL Write with addr = 'h880003 and data = 'h8f8f8f8f div_en = 1
UVM_INFO $DVT_PREDEFINED_PROJECTS/uvm_ref_flow_1.1/soc_verification_lib/sv_cb_ex_lib/interface_uvc_lib/apb/sv/apb_collector.sv(139) @ 4650000: uvm_test_top.ve.apb0.bus_collector [apb_collector] Transfer collected :
----------------------------------------------------------------------------------------------------------
Name                            Type                     Size  Value                                      
----------------------------------------------------------------------------------------------------------
trans_collected                 apb_transfer             -     @8188                                      
  addr                          integral                 32    'h880003                                   
  direction                     apb_direction_enum       32    APB_WRITE                                  
  data                          integral                 32    'h8f8f8f8f                                 
  master                        string                   6     master                                     
  slave                         string                   5     uart1                                      
  begin_time                    time                     64    4450000                                    
  end_time                      time                     64    4650000                                    
----------------------------------------------------------------------------------------------------------

UVM_INFO $DVT_PREDEFINED_PROJECTS/uvm_ref_flow_1.1/soc_verification_lib/sv_cb_ex_lib/interface_uvc_lib/ahb/sv/ahb_master_monitor.sv(134) @ 4850000: uvm_test_top.ve.ahb0.master_agent.monitor [ahb_monitor] master transfer collected :
----------------------------------------------------------------------------------------------------------
Name                            Type                     Size  Value                                      
----------------------------------------------------------------------------------------------------------
transfer                        ahb_transfer             -     @14635                                     
  data                          integral                 32    'h8f                                       
  address                       integral                 32    'h880003                                   
  direction                     ahb_direction            1     WRITE                                      
  hsize                         ahb_transfer_size        3     BYTE                                       
  burst                         ahb_burst_kind           3     SINGLE                                     
  prot                          integral                 4     'h0x                                       
  begin_time                    time                     64    4250000                                    
  end_time                      time                     64    4850000                                    
----------------------------------------------------------------------------------------------------------

UVM_INFO $DVT_PREDEFINED_PROJECTS/uvm_ref_flow_1.1/soc_verification_lib/sv_cb_ex_lib/apb_subsystem/sv/ahb_user_monitor.sv(50) @ 4850000: uvm_test_top.ve.ahb0.master_agent.monitor [USR_MONITOR]  WRITE to 880003 with data 8f has ended
UVM_INFO $DVT_PREDEFINED_PROJECTS/uvm_ref_flow_1.1/soc_verification_lib/sv_cb_ex_lib/apb_subsystem/sv/apb_subsystem_env.sv(100) @ 4850000: uvm_test_top.ve.apb_ss_env [apb_subsystem_env] Write -- calling update() with address = 'h880003, data = 'h8f
UVM_INFO $DVT_PREDEFINED_PROJECTS/uvm_ref_flow_1.1/soc_verification_lib/sv_cb_ex_lib/apb_subsystem/sv/apb_subsystem_env.sv(149) @ 4850000: uvm_test_top.ve.apb_ss_env [USR_MONITOR] Write access not to Control/Sataus Registers
UVM_INFO $DVT_PREDEFINED_PROJECTS/uvm_ref_flow_1.1/soc_verification_lib/sv_cb_ex_lib/interface_uvc_lib/ahb/sv/ahb_master_driver.sv(128) @ 4950000: uvm_test_top.ve.ahb0.master_agent.driver [ahb_master_driver] Item 6 Sent ...
UVM_INFO $DVT_PREDEFINED_PROJECTS/libs/uvm-1.1b/src/reg/uvm_reg_map.svh(1916) @ 4950000: reporter [uvm_reg_map] Wrote 'h1 at 'h880000 via map "reg_model_apb.uart1_rm.uart_ctrl_rf.default_map": UVM_IS_OK...
UVM_INFO @ 4950000: reporter [RegModel] Wrote register via map reg_model_apb.uart1_rm.uart_ctrl_rf.default_map: reg_model_apb.uart1_rm.uart_ctrl_rf.ua_div_latch0=0x1
UVM_INFO $DVT_PREDEFINED_PROJECTS/libs/uvm-1.1b/src/reg/uvm_reg_map.svh(1869) @ 4950000: reporter [uvm_reg_map] Writing 'h0 at 'h880001 via map "reg_model_apb.uart1_rm.uart_ctrl_rf.default_map"...
UVM_INFO $DVT_PREDEFINED_PROJECTS/uvm_ref_flow_1.1/soc_verification_lib/sv_cb_ex_lib/interface_uvc_lib/apb/sv/apb_monitor.sv(129) @ 5250000: uvm_test_top.ve.apb0.bus_monitor [apb_monitor] Address Phase Complete: 00880000[APB_WRITE]
UVM_INFO $DVT_PREDEFINED_PROJECTS/uvm_ref_flow_1.1/soc_verification_lib/sv_cb_ex_lib/interface_uvc_lib/apb/sv/apb_monitor.sv(145) @ 5350000: uvm_test_top.ve.apb0.bus_monitor [apb_monitor] Transaction Collected:
----------------------------------------------------------------------------------------------------------
Name                            Type                     Size  Value                                      
----------------------------------------------------------------------------------------------------------
trans_collected                 apb_transfer             -     @14638                                     
  addr                          integral                 32    'h880000                                   
  direction                     apb_direction_enum       32    APB_WRITE                                  
  data                          integral                 32    'h1                                        
  master                        string                   6     master                                     
  slave                         string                   5     uart1                                      
  begin_time                    time                     64    5150000                                    
  end_time                      time                     64    5350000                                    
----------------------------------------------------------------------------------------------------------

UVM_INFO $DVT_PREDEFINED_PROJECTS/uvm_ref_flow_1.1/soc_verification_lib/sv_cb_ex_lib/uart_ctrl/sv/uart_ctrl_scoreboard.sv(159) @ 5350000: uvm_test_top.ve.apb_ss_env.apb_uart0.monitor.rx_scbd [SCRBD] write_apb called with addr = 'h880000 and data = 'h1
UVM_INFO $DVT_PREDEFINED_PROJECTS/uvm_ref_flow_1.1/soc_verification_lib/sv_cb_ex_lib/uart_ctrl/sv/uart_ctrl_env.sv(123) @ 5350000: uvm_test_top.ve.apb_ss_env.apb_uart1 [uart_ctrl_env] APB_WRITE: addr = 'h880000, data = 'h1
UVM_INFO $DVT_PREDEFINED_PROJECTS/uvm_ref_flow_1.1/soc_verification_lib/sv_cb_ex_lib/uart_ctrl/sv/uart_ctrl_env.sv(185) @ 5350000: uvm_test_top.ve.apb_ss_env.apb_uart1 [uart_ctrl_env] Setting Config
----------------------------------------------------------------------------------------------------------
Name                            Type                     Size  Value                                      
----------------------------------------------------------------------------------------------------------
uart_cfg                        uart_config              -     @5038                                      
  is_tx_active                  uvm_active_passive_enum  1     UVM_ACTIVE                                 
  is_rx_active                  uvm_active_passive_enum  1     UVM_PASSIVE                                
  baud_rate_gen                 integral                 8     'd1                                        
  baud_rate_div                 integral                 8     'd0                                        
  char_length                   integral                 2     'h3                                        
  nbstop                        integral                 1     'h1                                        
  parity_en                     integral                 1     'h1                                        
  parity_mode                   integral                 2     'h0                                        
----------------------------------------------------------------------------------------------------------

UVM_INFO $DVT_PREDEFINED_PROJECTS/uvm_ref_flow_1.1/soc_verification_lib/sv_cb_ex_lib/uart_ctrl/sv/uart_ctrl_scoreboard.sv(159) @ 5350000: uvm_test_top.ve.apb_ss_env.apb_uart1.monitor.rx_scbd [SCRBD] write_apb called with addr = 'h880000 and data = 'h1
UVM_INFO $DVT_PREDEFINED_PROJECTS/uvm_ref_flow_1.1/soc_verification_lib/sv_cb_ex_lib/interface_uvc_lib/apb/sv/apb_collector.sv(139) @ 5350000: uvm_test_top.ve.apb0.bus_collector [apb_collector] Transfer collected :
----------------------------------------------------------------------------------------------------------
Name                            Type                     Size  Value                                      
----------------------------------------------------------------------------------------------------------
trans_collected                 apb_transfer             -     @8188                                      
  addr                          integral                 32    'h880000                                   
  direction                     apb_direction_enum       32    APB_WRITE                                  
  data                          integral                 32    'h1                                        
  master                        string                   6     master                                     
  slave                         string                   5     uart1                                      
  begin_time                    time                     64    5150000                                    
  end_time                      time                     64    5350000                                    
----------------------------------------------------------------------------------------------------------

UVM_INFO $DVT_PREDEFINED_PROJECTS/uvm_ref_flow_1.1/soc_verification_lib/sv_cb_ex_lib/interface_uvc_lib/ahb/sv/ahb_master_monitor.sv(134) @ 5550000: uvm_test_top.ve.ahb0.master_agent.monitor [ahb_monitor] master transfer collected :
----------------------------------------------------------------------------------------------------------
Name                            Type                     Size  Value                                      
----------------------------------------------------------------------------------------------------------
transfer                        ahb_transfer             -     @14635                                     
  data                          integral                 32    'h1                                        
  address                       integral                 32    'h880000                                   
  direction                     ahb_direction            1     WRITE                                      
  hsize                         ahb_transfer_size        3     BYTE                                       
  burst                         ahb_burst_kind           3     SINGLE                                     
  prot                          integral                 4     'h0x                                       
  begin_time                    time                     64    4950000                                    
  end_time                      time                     64    5550000                                    
----------------------------------------------------------------------------------------------------------

UVM_INFO $DVT_PREDEFINED_PROJECTS/uvm_ref_flow_1.1/soc_verification_lib/sv_cb_ex_lib/apb_subsystem/sv/ahb_user_monitor.sv(50) @ 5550000: uvm_test_top.ve.ahb0.master_agent.monitor [USR_MONITOR]  WRITE to 880000 with data 1 has ended
UVM_INFO $DVT_PREDEFINED_PROJECTS/uvm_ref_flow_1.1/soc_verification_lib/sv_cb_ex_lib/apb_subsystem/sv/apb_subsystem_env.sv(100) @ 5550000: uvm_test_top.ve.apb_ss_env [apb_subsystem_env] Write -- calling update() with address = 'h880000, data = 'h1
UVM_INFO $DVT_PREDEFINED_PROJECTS/uvm_ref_flow_1.1/soc_verification_lib/sv_cb_ex_lib/apb_subsystem/sv/apb_subsystem_env.sv(149) @ 5550000: uvm_test_top.ve.apb_ss_env [USR_MONITOR] Write access not to Control/Sataus Registers
UVM_INFO $DVT_PREDEFINED_PROJECTS/uvm_ref_flow_1.1/soc_verification_lib/sv_cb_ex_lib/interface_uvc_lib/ahb/sv/ahb_master_driver.sv(128) @ 5650000: uvm_test_top.ve.ahb0.master_agent.driver [ahb_master_driver] Item 7 Sent ...
UVM_INFO $DVT_PREDEFINED_PROJECTS/libs/uvm-1.1b/src/reg/uvm_reg_map.svh(1916) @ 5650000: reporter [uvm_reg_map] Wrote 'h0 at 'h880001 via map "reg_model_apb.uart1_rm.uart_ctrl_rf.default_map": UVM_IS_OK...
UVM_INFO @ 5650000: reporter [RegModel] Wrote register via map reg_model_apb.uart1_rm.uart_ctrl_rf.default_map: reg_model_apb.uart1_rm.uart_ctrl_rf.ua_div_latch1=0x0
UVM_INFO $DVT_PREDEFINED_PROJECTS/libs/uvm-1.1b/src/reg/uvm_reg_map.svh(1869) @ 5650000: reporter [uvm_reg_map] Writing 'hf at 'h880003 via map "reg_model_apb.uart1_rm.uart_ctrl_rf.default_map"...
UVM_INFO $DVT_PREDEFINED_PROJECTS/uvm_ref_flow_1.1/soc_verification_lib/sv_cb_ex_lib/interface_uvc_lib/apb/sv/apb_monitor.sv(129) @ 5950000: uvm_test_top.ve.apb0.bus_monitor [apb_monitor] Address Phase Complete: 00880001[APB_WRITE]
UVM_INFO $DVT_PREDEFINED_PROJECTS/uvm_ref_flow_1.1/soc_verification_lib/sv_cb_ex_lib/interface_uvc_lib/apb/sv/apb_monitor.sv(145) @ 6050000: uvm_test_top.ve.apb0.bus_monitor [apb_monitor] Transaction Collected:
----------------------------------------------------------------------------------------------------------
Name                            Type                     Size  Value                                      
----------------------------------------------------------------------------------------------------------
trans_collected                 apb_transfer             -     @14702                                     
  addr                          integral                 32    'h880001                                   
  direction                     apb_direction_enum       32    APB_WRITE                                  
  data                          integral                 32    'h0                                        
  master                        string                   6     master                                     
  slave                         string                   5     uart1                                      
  begin_time                    time                     64    5850000                                    
  end_time                      time                     64    6050000                                    
----------------------------------------------------------------------------------------------------------

UVM_INFO $DVT_PREDEFINED_PROJECTS/uvm_ref_flow_1.1/soc_verification_lib/sv_cb_ex_lib/uart_ctrl/sv/uart_ctrl_scoreboard.sv(159) @ 6050000: uvm_test_top.ve.apb_ss_env.apb_uart0.monitor.rx_scbd [SCRBD] write_apb called with addr = 'h880001 and data = 'h0
UVM_INFO $DVT_PREDEFINED_PROJECTS/uvm_ref_flow_1.1/soc_verification_lib/sv_cb_ex_lib/uart_ctrl/sv/uart_ctrl_env.sv(123) @ 6050000: uvm_test_top.ve.apb_ss_env.apb_uart1 [uart_ctrl_env] APB_WRITE: addr = 'h880001, data = 'h0
UVM_INFO $DVT_PREDEFINED_PROJECTS/uvm_ref_flow_1.1/soc_verification_lib/sv_cb_ex_lib/uart_ctrl/sv/uart_ctrl_env.sv(185) @ 6050000: uvm_test_top.ve.apb_ss_env.apb_uart1 [uart_ctrl_env] Setting Config
----------------------------------------------------------------------------------------------------------
Name                            Type                     Size  Value                                      
----------------------------------------------------------------------------------------------------------
uart_cfg                        uart_config              -     @5038                                      
  is_tx_active                  uvm_active_passive_enum  1     UVM_ACTIVE                                 
  is_rx_active                  uvm_active_passive_enum  1     UVM_PASSIVE                                
  baud_rate_gen                 integral                 8     'd1                                        
  baud_rate_div                 integral                 8     'd0                                        
  char_length                   integral                 2     'h3                                        
  nbstop                        integral                 1     'h1                                        
  parity_en                     integral                 1     'h1                                        
  parity_mode                   integral                 2     'h0                                        
----------------------------------------------------------------------------------------------------------

UVM_INFO $DVT_PREDEFINED_PROJECTS/uvm_ref_flow_1.1/soc_verification_lib/sv_cb_ex_lib/uart_ctrl/sv/uart_ctrl_scoreboard.sv(159) @ 6050000: uvm_test_top.ve.apb_ss_env.apb_uart1.monitor.rx_scbd [SCRBD] write_apb called with addr = 'h880001 and data = 'h0
UVM_INFO $DVT_PREDEFINED_PROJECTS/uvm_ref_flow_1.1/soc_verification_lib/sv_cb_ex_lib/interface_uvc_lib/apb/sv/apb_collector.sv(139) @ 6050000: uvm_test_top.ve.apb0.bus_collector [apb_collector] Transfer collected :
----------------------------------------------------------------------------------------------------------
Name                            Type                     Size  Value                                      
----------------------------------------------------------------------------------------------------------
trans_collected                 apb_transfer             -     @8188                                      
  addr                          integral                 32    'h880001                                   
  direction                     apb_direction_enum       32    APB_WRITE                                  
  data                          integral                 32    'h0                                        
  master                        string                   6     master                                     
  slave                         string                   5     uart1                                      
  begin_time                    time                     64    5850000                                    
  end_time                      time                     64    6050000                                    
----------------------------------------------------------------------------------------------------------

UVM_INFO $DVT_PREDEFINED_PROJECTS/uvm_ref_flow_1.1/soc_verification_lib/sv_cb_ex_lib/interface_uvc_lib/ahb/sv/ahb_master_monitor.sv(134) @ 6250000: uvm_test_top.ve.ahb0.master_agent.monitor [ahb_monitor] master transfer collected :
----------------------------------------------------------------------------------------------------------
Name                            Type                     Size  Value                                      
----------------------------------------------------------------------------------------------------------
transfer                        ahb_transfer             -     @14635                                     
  data                          integral                 32    'h0                                        
  address                       integral                 32    'h880001                                   
  direction                     ahb_direction            1     WRITE                                      
  hsize                         ahb_transfer_size        3     BYTE                                       
  burst                         ahb_burst_kind           3     SINGLE                                     
  prot                          integral                 4     'h0x                                       
  begin_time                    time                     64    5650000                                    
  end_time                      time                     64    6250000                                    
----------------------------------------------------------------------------------------------------------

UVM_INFO $DVT_PREDEFINED_PROJECTS/uvm_ref_flow_1.1/soc_verification_lib/sv_cb_ex_lib/apb_subsystem/sv/ahb_user_monitor.sv(50) @ 6250000: uvm_test_top.ve.ahb0.master_agent.monitor [USR_MONITOR]  WRITE to 880001 with data 0 has ended
UVM_INFO $DVT_PREDEFINED_PROJECTS/uvm_ref_flow_1.1/soc_verification_lib/sv_cb_ex_lib/apb_subsystem/sv/apb_subsystem_env.sv(100) @ 6250000: uvm_test_top.ve.apb_ss_env [apb_subsystem_env] Write -- calling update() with address = 'h880001, data = 'h0
UVM_INFO $DVT_PREDEFINED_PROJECTS/uvm_ref_flow_1.1/soc_verification_lib/sv_cb_ex_lib/apb_subsystem/sv/apb_subsystem_env.sv(149) @ 6250000: uvm_test_top.ve.apb_ss_env [USR_MONITOR] Write access not to Control/Sataus Registers
UVM_INFO $DVT_PREDEFINED_PROJECTS/uvm_ref_flow_1.1/soc_verification_lib/sv_cb_ex_lib/interface_uvc_lib/ahb/sv/ahb_master_driver.sv(128) @ 6350000: uvm_test_top.ve.ahb0.master_agent.driver [ahb_master_driver] Item 8 Sent ...
UVM_INFO $DVT_PREDEFINED_PROJECTS/libs/uvm-1.1b/src/reg/uvm_reg_map.svh(1916) @ 6350000: reporter [uvm_reg_map] Wrote 'hf at 'h880003 via map "reg_model_apb.uart1_rm.uart_ctrl_rf.default_map": UVM_IS_OK...
UVM_INFO @ 6350000: reporter [RegModel] Wrote register via map reg_model_apb.uart1_rm.uart_ctrl_rf.default_map: reg_model_apb.uart1_rm.uart_ctrl_rf.ua_lcr=0xf
UVM_INFO $DVT_PREDEFINED_PROJECTS/uvm_ref_flow_1.1/soc_verification_lib/sv_cb_ex_lib/uart_ctrl/sv/sequence_lib/uart_ctrl_reg_seq_lib.sv(105) @ 6350000: reporter@@uart_cfg_dut_seq [uart_ctrl_config_reg_seq] UART Controller Register configuration sequence completed
UVM_INFO $DVT_PREDEFINED_PROJECTS/uvm_ref_flow_1.1/soc_verification_lib/sv_cb_ex_lib/interface_uvc_lib/apb/sv/apb_monitor.sv(129) @ 6650000: uvm_test_top.ve.apb0.bus_monitor [apb_monitor] Address Phase Complete: 00880003[APB_WRITE]
UVM_INFO $DVT_PREDEFINED_PROJECTS/uvm_ref_flow_1.1/soc_verification_lib/sv_cb_ex_lib/interface_uvc_lib/apb/sv/apb_monitor.sv(145) @ 6750000: uvm_test_top.ve.apb0.bus_monitor [apb_monitor] Transaction Collected:
----------------------------------------------------------------------------------------------------------
Name                            Type                     Size  Value                                      
----------------------------------------------------------------------------------------------------------
trans_collected                 apb_transfer             -     @14360                                     
  addr                          integral                 32    'h880003                                   
  direction                     apb_direction_enum       32    APB_WRITE                                  
  data                          integral                 32    'hf0f0f0f                                  
  master                        string                   6     master                                     
  slave                         string                   5     uart1                                      
  begin_time                    time                     64    6550000                                    
  end_time                      time                     64    6750000                                    
----------------------------------------------------------------------------------------------------------

UVM_INFO $DVT_PREDEFINED_PROJECTS/uvm_ref_flow_1.1/soc_verification_lib/sv_cb_ex_lib/uart_ctrl/sv/uart_ctrl_scoreboard.sv(159) @ 6750000: uvm_test_top.ve.apb_ss_env.apb_uart0.monitor.rx_scbd [SCRBD] write_apb called with addr = 'h880003 and data = 'hf0f0f0f
UVM_INFO $DVT_PREDEFINED_PROJECTS/uvm_ref_flow_1.1/soc_verification_lib/sv_cb_ex_lib/uart_ctrl/sv/uart_ctrl_env.sv(123) @ 6750000: uvm_test_top.ve.apb_ss_env.apb_uart1 [uart_ctrl_env] APB_WRITE: addr = 'h880003, data = 'hf0f0f0f
UVM_INFO $DVT_PREDEFINED_PROJECTS/uvm_ref_flow_1.1/soc_verification_lib/sv_cb_ex_lib/uart_ctrl/sv/uart_ctrl_env.sv(185) @ 6750000: uvm_test_top.ve.apb_ss_env.apb_uart1 [uart_ctrl_env] Setting Config
----------------------------------------------------------------------------------------------------------
Name                            Type                     Size  Value                                      
----------------------------------------------------------------------------------------------------------
uart_cfg                        uart_config              -     @5038                                      
  is_tx_active                  uvm_active_passive_enum  1     UVM_ACTIVE                                 
  is_rx_active                  uvm_active_passive_enum  1     UVM_PASSIVE                                
  baud_rate_gen                 integral                 8     'd1                                        
  baud_rate_div                 integral                 8     'd0                                        
  char_length                   integral                 2     'h3                                        
  nbstop                        integral                 1     'h1                                        
  parity_en                     integral                 1     'h1                                        
  parity_mode                   integral                 2     'h0                                        
----------------------------------------------------------------------------------------------------------

UVM_INFO $DVT_PREDEFINED_PROJECTS/uvm_ref_flow_1.1/soc_verification_lib/sv_cb_ex_lib/uart_ctrl/sv/uart_ctrl_scoreboard.sv(159) @ 6750000: uvm_test_top.ve.apb_ss_env.apb_uart1.monitor.rx_scbd [SCRBD] write_apb called with addr = 'h880003 and data = 'hf0f0f0f
UVM_INFO $DVT_PREDEFINED_PROJECTS/uvm_ref_flow_1.1/soc_verification_lib/sv_cb_ex_lib/uart_ctrl/sv/uart_ctrl_scoreboard.sv(165) @ 6750000: uvm_test_top.ve.apb_ss_env.apb_uart1.monitor.rx_scbd [SCRBD] LINE_CTRL Write with addr = 'h880003 and data = 'hf0f0f0f div_en = 0
UVM_INFO $DVT_PREDEFINED_PROJECTS/uvm_ref_flow_1.1/soc_verification_lib/sv_cb_ex_lib/uart_ctrl/sv/uart_ctrl_scoreboard.sv(71) @ 6750000: uvm_test_top.ve.apb_ss_env.apb_uart1.monitor.tx_scbd [SCRBD] LINE_CTRL Write with addr = 'h880003 and data = 'hf0f0f0f div_en = 0
UVM_INFO $DVT_PREDEFINED_PROJECTS/uvm_ref_flow_1.1/soc_verification_lib/sv_cb_ex_lib/interface_uvc_lib/apb/sv/apb_collector.sv(139) @ 6750000: uvm_test_top.ve.apb0.bus_collector [apb_collector] Transfer collected :
----------------------------------------------------------------------------------------------------------
Name                            Type                     Size  Value                                      
----------------------------------------------------------------------------------------------------------
trans_collected                 apb_transfer             -     @8188                                      
  addr                          integral                 32    'h880003                                   
  direction                     apb_direction_enum       32    APB_WRITE                                  
  data                          integral                 32    'hf0f0f0f                                  
  master                        string                   6     master                                     
  slave                         string                   5     uart1                                      
  begin_time                    time                     64    6550000                                    
  end_time                      time                     64    6750000                                    
----------------------------------------------------------------------------------------------------------

UVM_INFO $DVT_PREDEFINED_PROJECTS/uvm_ref_flow_1.1/soc_verification_lib/sv_cb_ex_lib/interface_uvc_lib/ahb/sv/ahb_master_monitor.sv(134) @ 6950000: uvm_test_top.ve.ahb0.master_agent.monitor [ahb_monitor] master transfer collected :
----------------------------------------------------------------------------------------------------------
Name                            Type                     Size  Value                                      
----------------------------------------------------------------------------------------------------------
transfer                        ahb_transfer             -     @14635                                     
  data                          integral                 32    'hf                                        
  address                       integral                 32    'h880003                                   
  direction                     ahb_direction            1     WRITE                                      
  hsize                         ahb_transfer_size        3     BYTE                                       
  burst                         ahb_burst_kind           3     SINGLE                                     
  prot                          integral                 4     'h0x                                       
  begin_time                    time                     64    6350000                                    
  end_time                      time                     64    6950000                                    
----------------------------------------------------------------------------------------------------------

UVM_INFO $DVT_PREDEFINED_PROJECTS/uvm_ref_flow_1.1/soc_verification_lib/sv_cb_ex_lib/apb_subsystem/sv/ahb_user_monitor.sv(50) @ 6950000: uvm_test_top.ve.ahb0.master_agent.monitor [USR_MONITOR]  WRITE to 880003 with data f has ended
UVM_INFO $DVT_PREDEFINED_PROJECTS/uvm_ref_flow_1.1/soc_verification_lib/sv_cb_ex_lib/apb_subsystem/sv/apb_subsystem_env.sv(100) @ 6950000: uvm_test_top.ve.apb_ss_env [apb_subsystem_env] Write -- calling update() with address = 'h880003, data = 'hf
UVM_INFO $DVT_PREDEFINED_PROJECTS/uvm_ref_flow_1.1/soc_verification_lib/sv_cb_ex_lib/apb_subsystem/sv/apb_subsystem_env.sv(149) @ 6950000: uvm_test_top.ve.apb_ss_env [USR_MONITOR] Write access not to Control/Sataus Registers
UVM_INFO $DVT_PREDEFINED_PROJECTS/uvm_ref_flow_1.1/soc_verification_lib/sv_cb_ex_lib/interface_uvc_lib/uart/sv/uart_seq_lib.sv(70) @ 7350000: uvm_test_top.ve.uart0.Tx.sequencer@@lp_shutdown_uart1.lp_shutdown_config.uart_seq [uart_incr_payload_seq] UART sequencer executing sequence...
UVM_INFO $DVT_PREDEFINED_PROJECTS/uvm_ref_flow_1.1/soc_verification_lib/sv_cb_ex_lib/interface_uvc_lib/uart/sv/uart_seq_lib.sv(70) @ 7350000: uvm_test_top.ve.uart1.Tx.sequencer@@lp_shutdown_uart1.lp_shutdown_config.uart_seq [uart_incr_payload_seq] UART sequencer executing sequence...
UVM_INFO $DVT_PREDEFINED_PROJECTS/uvm_ref_flow_1.1/soc_verification_lib/sv_cb_ex_lib/interface_uvc_lib/uart/sv/uart_tx_driver.sv(156) @ 7350000: uvm_test_top.ve.uart0.Tx.driver [uart_tx_driver] Driver Sending TX Frame...
----------------------------------------------------------------------------------------------------------------------------------------------
Name                            Type                     Size  Value                                                                          
----------------------------------------------------------------------------------------------------------------------------------------------
req                             uart_frame               -     @14764                                                                         
  start_bit                     integral                 1     'h0                                                                            
  payload                       integral                 8     'h49                                                                           
  parity                        integral                 1     'h0                                                                            
  stop_bits                     integral                 2     'h3                                                                            
  error_bits                    integral                 4     'h0                                                                            
  parity_type                   parity_e                 1     GOOD_PARITY                                                                    
  transmit_delay                integral                 32    'd2                                                                            
  begin_time                    time                     64    7350000                                                                        
  depth                         int                      32    'd4                                                                            
  parent sequence (name)        string                   8     uart_seq                                                                       
  parent sequence (full name)   string                   79    uvm_test_top.ve.virtual_sequencer.lp_shutdown_uart1.lp_shutdown_config.uart_seq
  sequencer                     string                   34    uvm_test_top.ve.uart0.Tx.sequencer                                             
----------------------------------------------------------------------------------------------------------------------------------------------

UVM_INFO $DVT_PREDEFINED_PROJECTS/uvm_ref_flow_1.1/soc_verification_lib/sv_cb_ex_lib/interface_uvc_lib/uart/sv/uart_tx_driver.sv(156) @ 7350000: uvm_test_top.ve.uart1.Tx.driver [uart_tx_driver] Driver Sending TX Frame...
----------------------------------------------------------------------------------------------------------------------------------------------
Name                            Type                     Size  Value                                                                          
----------------------------------------------------------------------------------------------------------------------------------------------
req                             uart_frame               -     @14778                                                                         
  start_bit                     integral                 1     'h0                                                                            
  payload                       integral                 8     'h9                                                                            
  parity                        integral                 1     'h1                                                                            
  stop_bits                     integral                 2     'h3                                                                            
  error_bits                    integral                 4     'h0                                                                            
  parity_type                   parity_e                 1     GOOD_PARITY                                                                    
  transmit_delay                integral                 32    'd16                                                                           
  begin_time                    time                     64    7350000                                                                        
  depth                         int                      32    'd4                                                                            
  parent sequence (name)        string                   8     uart_seq                                                                       
  parent sequence (full name)   string                   79    uvm_test_top.ve.virtual_sequencer.lp_shutdown_uart1.lp_shutdown_config.uart_seq
  sequencer                     string                   34    uvm_test_top.ve.uart1.Tx.sequencer                                             
----------------------------------------------------------------------------------------------------------------------------------------------

UVM_INFO $DVT_PREDEFINED_PROJECTS/uvm_ref_flow_1.1/soc_verification_lib/sv_cb_ex_lib/interface_uvc_lib/ahb/sv/ahb_master_driver.sv(128) @ 7550000: uvm_test_top.ve.ahb0.master_agent.driver [ahb_master_driver] Item 9 Sent ...
UVM_INFO $DVT_PREDEFINED_PROJECTS/uvm_ref_flow_1.1/soc_verification_lib/sv_cb_ex_lib/interface_uvc_lib/apb/sv/apb_monitor.sv(129) @ 7850000: uvm_test_top.ve.apb0.bus_monitor [apb_monitor] Address Phase Complete: 00810000[APB_WRITE]
UVM_INFO $DVT_PREDEFINED_PROJECTS/uvm_ref_flow_1.1/soc_verification_lib/sv_cb_ex_lib/interface_uvc_lib/apb/sv/apb_monitor.sv(145) @ 7950000: uvm_test_top.ve.apb0.bus_monitor [apb_monitor] Transaction Collected:
----------------------------------------------------------------------------------------------------------------------------------------------
Name                            Type                     Size  Value                                                                          
----------------------------------------------------------------------------------------------------------------------------------------------
trans_collected                 apb_transfer             -     @14366                                                                         
  addr                          integral                 32    'h810000                                                                       
  direction                     apb_direction_enum       32    APB_WRITE                                                                      
  data                          integral                 32    'h6b3bee72                                                                     
  master                        string                   6     master                                                                         
  slave                         string                   5     uart0                                                                          
  begin_time                    time                     64    7750000                                                                        
  end_time                      time                     64    7950000                                                                        
----------------------------------------------------------------------------------------------------------------------------------------------

UVM_INFO $DVT_PREDEFINED_PROJECTS/uvm_ref_flow_1.1/soc_verification_lib/sv_cb_ex_lib/uart_ctrl/sv/uart_ctrl_env.sv(123) @ 7950000: uvm_test_top.ve.apb_ss_env.apb_uart0 [uart_ctrl_env] APB_WRITE: addr = 'h810000, data = 'h6b3bee72
UVM_INFO $DVT_PREDEFINED_PROJECTS/uvm_ref_flow_1.1/soc_verification_lib/sv_cb_ex_lib/uart_ctrl/sv/uart_ctrl_env.sv(185) @ 7950000: uvm_test_top.ve.apb_ss_env.apb_uart0 [uart_ctrl_env] Setting Config
----------------------------------------------------------------------------------------------------------------------------------------------
Name                            Type                     Size  Value                                                                          
----------------------------------------------------------------------------------------------------------------------------------------------
uart_cfg                        uart_config              -     @5030                                                                          
  is_tx_active                  uvm_active_passive_enum  1     UVM_ACTIVE                                                                     
  is_rx_active                  uvm_active_passive_enum  1     UVM_PASSIVE                                                                    
  baud_rate_gen                 integral                 8     'd1                                                                            
  baud_rate_div                 integral                 8     'd0                                                                            
  char_length                   integral                 2     'h3                                                                            
  nbstop                        integral                 1     'h1                                                                            
  parity_en                     integral                 1     'h1                                                                            
  parity_mode                   integral                 2     'h0                                                                            
----------------------------------------------------------------------------------------------------------------------------------------------

UVM_INFO $DVT_PREDEFINED_PROJECTS/uvm_ref_flow_1.1/soc_verification_lib/sv_cb_ex_lib/uart_ctrl/sv/uart_ctrl_scoreboard.sv(159) @ 7950000: uvm_test_top.ve.apb_ss_env.apb_uart0.monitor.rx_scbd [SCRBD] write_apb called with addr = 'h810000 and data = 'h6b3bee72
UVM_INFO $DVT_PREDEFINED_PROJECTS/uvm_ref_flow_1.1/soc_verification_lib/sv_cb_ex_lib/uart_ctrl/sv/uart_ctrl_scoreboard.sv(173) @ 7950000: uvm_test_top.ve.apb_ss_env.apb_uart0.monitor.rx_scbd [SCRBD] write_apb called pushing into queue with data = 'h6b3bee72
UVM_INFO $DVT_PREDEFINED_PROJECTS/uvm_ref_flow_1.1/soc_verification_lib/sv_cb_ex_lib/uart_ctrl/sv/uart_ctrl_scoreboard.sv(159) @ 7950000: uvm_test_top.ve.apb_ss_env.apb_uart1.monitor.rx_scbd [SCRBD] write_apb called with addr = 'h810000 and data = 'h6b3bee72
UVM_INFO $DVT_PREDEFINED_PROJECTS/uvm_ref_flow_1.1/soc_verification_lib/sv_cb_ex_lib/interface_uvc_lib/apb/sv/apb_collector.sv(139) @ 7950000: uvm_test_top.ve.apb0.bus_collector [apb_collector] Transfer collected :
----------------------------------------------------------------------------------------------------------------------------------------------
Name                            Type                     Size  Value                                                                          
----------------------------------------------------------------------------------------------------------------------------------------------
trans_collected                 apb_transfer             -     @8188                                                                          
  addr                          integral                 32    'h810000                                                                       
  direction                     apb_direction_enum       32    APB_WRITE                                                                      
  data                          integral                 32    'h6b3bee72                                                                     
  master                        string                   6     master                                                                         
  slave                         string                   5     uart0                                                                          
  begin_time                    time                     64    7750000                                                                        
  end_time                      time                     64    7950000                                                                        
----------------------------------------------------------------------------------------------------------------------------------------------

UVM_INFO $DVT_PREDEFINED_PROJECTS/uvm_ref_flow_1.1/soc_verification_lib/sv_cb_ex_lib/interface_uvc_lib/ahb/sv/ahb_master_monitor.sv(134) @ 8150000: uvm_test_top.ve.ahb0.master_agent.monitor [ahb_monitor] master transfer collected :
----------------------------------------------------------------------------------------------------------------------------------------------
Name                            Type                     Size  Value                                                                          
----------------------------------------------------------------------------------------------------------------------------------------------
transfer                        ahb_transfer             -     @14635                                                                         
  data                          integral                 32    'h6b3bee72                                                                     
  address                       integral                 32    'h810000                                                                       
  direction                     ahb_direction            1     WRITE                                                                          
  hsize                         ahb_transfer_size        3     BYTE                                                                           
  burst                         ahb_burst_kind           3     SINGLE                                                                         
  prot                          integral                 4     'h0x                                                                           
  begin_time                    time                     64    7550000                                                                        
  end_time                      time                     64    8150000                                                                        
----------------------------------------------------------------------------------------------------------------------------------------------

UVM_INFO $DVT_PREDEFINED_PROJECTS/uvm_ref_flow_1.1/soc_verification_lib/sv_cb_ex_lib/apb_subsystem/sv/ahb_user_monitor.sv(50) @ 8150000: uvm_test_top.ve.ahb0.master_agent.monitor [USR_MONITOR]  WRITE to 810000 with data 6b3bee72 has ended
UVM_INFO $DVT_PREDEFINED_PROJECTS/uvm_ref_flow_1.1/soc_verification_lib/sv_cb_ex_lib/apb_subsystem/sv/apb_subsystem_env.sv(100) @ 8150000: uvm_test_top.ve.apb_ss_env [apb_subsystem_env] Write -- calling update() with address = 'h810000, data = 'h6b3bee72
UVM_INFO $DVT_PREDEFINED_PROJECTS/uvm_ref_flow_1.1/soc_verification_lib/sv_cb_ex_lib/apb_subsystem/sv/apb_subsystem_env.sv(149) @ 8150000: uvm_test_top.ve.apb_ss_env [USR_MONITOR] Write access not to Control/Sataus Registers
UVM_INFO $DVT_PREDEFINED_PROJECTS/uvm_ref_flow_1.1/soc_verification_lib/sv_cb_ex_lib/interface_uvc_lib/ahb/sv/ahb_master_driver.sv(128) @ 8250000: uvm_test_top.ve.ahb0.master_agent.driver [ahb_master_driver] Item 10 Sent ...
UVM_INFO $DVT_PREDEFINED_PROJECTS/uvm_ref_flow_1.1/soc_verification_lib/sv_cb_ex_lib/interface_uvc_lib/apb/sv/apb_monitor.sv(129) @ 8550000: uvm_test_top.ve.apb0.bus_monitor [apb_monitor] Address Phase Complete: 00880000[APB_WRITE]
UVM_INFO $DVT_PREDEFINED_PROJECTS/uvm_ref_flow_1.1/soc_verification_lib/sv_cb_ex_lib/interface_uvc_lib/apb/sv/apb_monitor.sv(145) @ 8650000: uvm_test_top.ve.apb0.bus_monitor [apb_monitor] Transaction Collected:
----------------------------------------------------------------------------------------------------------------------------------------------
Name                            Type                     Size  Value                                                                          
----------------------------------------------------------------------------------------------------------------------------------------------
trans_collected                 apb_transfer             -     @14525                                                                         
  addr                          integral                 32    'h880000                                                                       
  direction                     apb_direction_enum       32    APB_WRITE                                                                      
  data                          integral                 32    'hde5b8b5f                                                                     
  master                        string                   6     master                                                                         
  slave                         string                   5     uart1                                                                          
  begin_time                    time                     64    8450000                                                                        
  end_time                      time                     64    8650000                                                                        
----------------------------------------------------------------------------------------------------------------------------------------------

UVM_INFO $DVT_PREDEFINED_PROJECTS/uvm_ref_flow_1.1/soc_verification_lib/sv_cb_ex_lib/uart_ctrl/sv/uart_ctrl_scoreboard.sv(159) @ 8650000: uvm_test_top.ve.apb_ss_env.apb_uart0.monitor.rx_scbd [SCRBD] write_apb called with addr = 'h880000 and data = 'hde5b8b5f
UVM_INFO $DVT_PREDEFINED_PROJECTS/uvm_ref_flow_1.1/soc_verification_lib/sv_cb_ex_lib/uart_ctrl/sv/uart_ctrl_env.sv(123) @ 8650000: uvm_test_top.ve.apb_ss_env.apb_uart1 [uart_ctrl_env] APB_WRITE: addr = 'h880000, data = 'hde5b8b5f
UVM_INFO $DVT_PREDEFINED_PROJECTS/uvm_ref_flow_1.1/soc_verification_lib/sv_cb_ex_lib/uart_ctrl/sv/uart_ctrl_env.sv(185) @ 8650000: uvm_test_top.ve.apb_ss_env.apb_uart1 [uart_ctrl_env] Setting Config
----------------------------------------------------------------------------------------------------------------------------------------------
Name                            Type                     Size  Value                                                                          
----------------------------------------------------------------------------------------------------------------------------------------------
uart_cfg                        uart_config              -     @5038                                                                          
  is_tx_active                  uvm_active_passive_enum  1     UVM_ACTIVE                                                                     
  is_rx_active                  uvm_active_passive_enum  1     UVM_PASSIVE                                                                    
  baud_rate_gen                 integral                 8     'd1                                                                            
  baud_rate_div                 integral                 8     'd0                                                                            
  char_length                   integral                 2     'h3                                                                            
  nbstop                        integral                 1     'h1                                                                            
  parity_en                     integral                 1     'h1                                                                            
  parity_mode                   integral                 2     'h0                                                                            
----------------------------------------------------------------------------------------------------------------------------------------------

UVM_INFO $DVT_PREDEFINED_PROJECTS/uvm_ref_flow_1.1/soc_verification_lib/sv_cb_ex_lib/uart_ctrl/sv/uart_ctrl_scoreboard.sv(159) @ 8650000: uvm_test_top.ve.apb_ss_env.apb_uart1.monitor.rx_scbd [SCRBD] write_apb called with addr = 'h880000 and data = 'hde5b8b5f
UVM_INFO $DVT_PREDEFINED_PROJECTS/uvm_ref_flow_1.1/soc_verification_lib/sv_cb_ex_lib/uart_ctrl/sv/uart_ctrl_scoreboard.sv(173) @ 8650000: uvm_test_top.ve.apb_ss_env.apb_uart1.monitor.rx_scbd [SCRBD] write_apb called pushing into queue with data = 'hde5b8b5f
UVM_INFO $DVT_PREDEFINED_PROJECTS/uvm_ref_flow_1.1/soc_verification_lib/sv_cb_ex_lib/interface_uvc_lib/apb/sv/apb_collector.sv(139) @ 8650000: uvm_test_top.ve.apb0.bus_collector [apb_collector] Transfer collected :
----------------------------------------------------------------------------------------------------------------------------------------------
Name                            Type                     Size  Value                                                                          
----------------------------------------------------------------------------------------------------------------------------------------------
trans_collected                 apb_transfer             -     @8188                                                                          
  addr                          integral                 32    'h880000                                                                       
  direction                     apb_direction_enum       32    APB_WRITE                                                                      
  data                          integral                 32    'hde5b8b5f                                                                     
  master                        string                   6     master                                                                         
  slave                         string                   5     uart1                                                                          
  begin_time                    time                     64    8450000                                                                        
  end_time                      time                     64    8650000                                                                        
----------------------------------------------------------------------------------------------------------------------------------------------

UVM_INFO $DVT_PREDEFINED_PROJECTS/uvm_ref_flow_1.1/soc_verification_lib/sv_cb_ex_lib/interface_uvc_lib/uart/sv/uart_tx_driver.sv(163) @ 8750000: uvm_test_top.ve.uart0.Tx.driver [uart_tx_driver] Driver - Modem RTS or CTS asserted
UVM_INFO $DVT_PREDEFINED_PROJECTS/uvm_ref_flow_1.1/soc_verification_lib/sv_cb_ex_lib/interface_uvc_lib/ahb/sv/ahb_master_monitor.sv(134) @ 8850000: uvm_test_top.ve.ahb0.master_agent.monitor [ahb_monitor] master transfer collected :
----------------------------------------------------------------------------------------------------------------------------------------------
Name                            Type                     Size  Value                                                                          
----------------------------------------------------------------------------------------------------------------------------------------------
transfer                        ahb_transfer             -     @14635                                                                         
  data                          integral                 32    'hde5b8b5f                                                                     
  address                       integral                 32    'h880000                                                                       
  direction                     ahb_direction            1     WRITE                                                                          
  hsize                         ahb_transfer_size        3     BYTE                                                                           
  burst                         ahb_burst_kind           3     SINGLE                                                                         
  prot                          integral                 4     'h0x                                                                           
  begin_time                    time                     64    8250000                                                                        
  end_time                      time                     64    8850000                                                                        
----------------------------------------------------------------------------------------------------------------------------------------------

UVM_INFO $DVT_PREDEFINED_PROJECTS/uvm_ref_flow_1.1/soc_verification_lib/sv_cb_ex_lib/apb_subsystem/sv/ahb_user_monitor.sv(50) @ 8850000: uvm_test_top.ve.ahb0.master_agent.monitor [USR_MONITOR]  WRITE to 880000 with data de5b8b5f has ended
UVM_INFO $DVT_PREDEFINED_PROJECTS/uvm_ref_flow_1.1/soc_verification_lib/sv_cb_ex_lib/apb_subsystem/sv/apb_subsystem_env.sv(100) @ 8850000: uvm_test_top.ve.apb_ss_env [apb_subsystem_env] Write -- calling update() with address = 'h880000, data = 'hde5b8b5f
UVM_INFO $DVT_PREDEFINED_PROJECTS/uvm_ref_flow_1.1/soc_verification_lib/sv_cb_ex_lib/apb_subsystem/sv/apb_subsystem_env.sv(149) @ 8850000: uvm_test_top.ve.apb_ss_env [USR_MONITOR] Write access not to Control/Sataus Registers
UVM_INFO $DVT_PREDEFINED_PROJECTS/uvm_ref_flow_1.1/soc_verification_lib/sv_cb_ex_lib/interface_uvc_lib/uart/sv/uart_monitor.sv(185) @ 9150000: uvm_test_top.ve.uart0.Rx.monitor [uart_rx_monitor] SOP detected
UVM_INFO $DVT_PREDEFINED_PROJECTS/uvm_ref_flow_1.1/soc_verification_lib/sv_cb_ex_lib/interface_uvc_lib/uart/sv/uart_monitor.sv(194) @ 9150000: uvm_test_top.ve.uart0.Rx.monitor [uart_rx_monitor] Collecting a frame: 1
UVM_INFO $DVT_PREDEFINED_PROJECTS/uvm_ref_flow_1.1/soc_verification_lib/sv_cb_ex_lib/interface_uvc_lib/uart/sv/uart_monitor.sv(145) @ 9550000: uvm_test_top.ve.uart0.Rx.monitor [uart_rx_monitor] sample_clk- resetting ua_brgr
UVM_INFO $DVT_PREDEFINED_PROJECTS/uvm_ref_flow_1.1/soc_verification_lib/sv_cb_ex_lib/interface_uvc_lib/uart/sv/uart_monitor.sv(185) @ 9950000: uvm_test_top.ve.uart1.Rx.monitor [uart_rx_monitor] SOP detected
UVM_INFO $DVT_PREDEFINED_PROJECTS/uvm_ref_flow_1.1/soc_verification_lib/sv_cb_ex_lib/interface_uvc_lib/uart/sv/uart_monitor.sv(194) @ 9950000: uvm_test_top.ve.uart1.Rx.monitor [uart_rx_monitor] Collecting a frame: 1
UVM_INFO $DVT_PREDEFINED_PROJECTS/uvm_ref_flow_1.1/soc_verification_lib/sv_cb_ex_lib/interface_uvc_lib/uart/sv/uart_monitor.sv(145) @ 10350000: uvm_test_top.ve.uart1.Rx.monitor [uart_rx_monitor] sample_clk- resetting ua_brgr
UVM_INFO $DVT_PREDEFINED_PROJECTS/uvm_ref_flow_1.1/soc_verification_lib/sv_cb_ex_lib/interface_uvc_lib/uart/sv/uart_tx_driver.sv(174) @ 10351000: uvm_test_top.ve.uart0.Tx.driver [uart_tx_driver] Driver Sending Frame SOP: 0
UVM_INFO $DVT_PREDEFINED_PROJECTS/uvm_ref_flow_1.1/soc_verification_lib/sv_cb_ex_lib/interface_uvc_lib/uart/sv/uart_monitor.sv(211) @ 11151000: uvm_test_top.ve.uart0.Rx.monitor [uart_rx_monitor] Received a Frame data bit:'b0
UVM_INFO $DVT_PREDEFINED_PROJECTS/uvm_ref_flow_1.1/soc_verification_lib/sv_cb_ex_lib/interface_uvc_lib/uart/sv/uart_monitor.sv(185) @ 11550000: uvm_test_top.ve.uart0.Tx.monitor [uart_tx_monitor] SOP detected
UVM_INFO $DVT_PREDEFINED_PROJECTS/uvm_ref_flow_1.1/soc_verification_lib/sv_cb_ex_lib/interface_uvc_lib/uart/sv/uart_monitor.sv(194) @ 11550000: uvm_test_top.ve.uart0.Tx.monitor [uart_tx_monitor] Collecting a frame: 1
UVM_INFO $DVT_PREDEFINED_PROJECTS/uvm_ref_flow_1.1/soc_verification_lib/sv_cb_ex_lib/interface_uvc_lib/uart/sv/uart_monitor.sv(145) @ 11950000: uvm_test_top.ve.uart0.Tx.monitor [uart_tx_monitor] sample_clk- resetting ua_brgr
UVM_INFO $DVT_PREDEFINED_PROJECTS/uvm_ref_flow_1.1/soc_verification_lib/sv_cb_ex_lib/interface_uvc_lib/uart/sv/uart_monitor.sv(211) @ 11951000: uvm_test_top.ve.uart1.Rx.monitor [uart_rx_monitor] Received a Frame data bit:'b1
UVM_INFO $DVT_PREDEFINED_PROJECTS/uvm_ref_flow_1.1/soc_verification_lib/sv_cb_ex_lib/interface_uvc_lib/uart/sv/uart_tx_driver.sv(182) @ 11951000: uvm_test_top.ve.uart0.Tx.driver [uart_tx_driver] Driver Sending Frame data bit number:0 value:'b00000001
UVM_INFO $DVT_PREDEFINED_PROJECTS/uvm_ref_flow_1.1/soc_verification_lib/sv_cb_ex_lib/interface_uvc_lib/uart/sv/uart_monitor.sv(211) @ 12751000: uvm_test_top.ve.uart0.Rx.monitor [uart_rx_monitor] Received a Frame data bit:'b1
UVM_INFO $DVT_PREDEFINED_PROJECTS/uvm_ref_flow_1.1/soc_verification_lib/sv_cb_ex_lib/interface_uvc_lib/uart/sv/uart_monitor.sv(211) @ 13551000: uvm_test_top.ve.uart1.Rx.monitor [uart_rx_monitor] Received a Frame data bit:'b1
UVM_INFO $DVT_PREDEFINED_PROJECTS/uvm_ref_flow_1.1/soc_verification_lib/sv_cb_ex_lib/interface_uvc_lib/uart/sv/uart_tx_driver.sv(182) @ 13551000: uvm_test_top.ve.uart0.Tx.driver [uart_tx_driver] Driver Sending Frame data bit number:1 value:'b00000000
UVM_INFO $DVT_PREDEFINED_PROJECTS/uvm_ref_flow_1.1/soc_verification_lib/sv_cb_ex_lib/interface_uvc_lib/uart/sv/uart_monitor.sv(211) @ 13551000: uvm_test_top.ve.uart0.Tx.monitor [uart_tx_monitor] Received a Frame data bit:'b1
UVM_INFO $DVT_PREDEFINED_PROJECTS/uvm_ref_flow_1.1/soc_verification_lib/sv_cb_ex_lib/interface_uvc_lib/uart/sv/uart_monitor.sv(211) @ 14351000: uvm_test_top.ve.uart0.Rx.monitor [uart_rx_monitor] Received a Frame data bit:'b0
UVM_INFO $DVT_PREDEFINED_PROJECTS/uvm_ref_flow_1.1/soc_verification_lib/sv_cb_ex_lib/interface_uvc_lib/uart/sv/uart_monitor.sv(211) @ 15151000: uvm_test_top.ve.uart1.Rx.monitor [uart_rx_monitor] Received a Frame data bit:'b1
UVM_INFO $DVT_PREDEFINED_PROJECTS/uvm_ref_flow_1.1/soc_verification_lib/sv_cb_ex_lib/interface_uvc_lib/uart/sv/uart_tx_driver.sv(182) @ 15151000: uvm_test_top.ve.uart0.Tx.driver [uart_tx_driver] Driver Sending Frame data bit number:2 value:'b00000000
UVM_INFO $DVT_PREDEFINED_PROJECTS/uvm_ref_flow_1.1/soc_verification_lib/sv_cb_ex_lib/interface_uvc_lib/uart/sv/uart_monitor.sv(211) @ 15151000: uvm_test_top.ve.uart0.Tx.monitor [uart_tx_monitor] Received a Frame data bit:'b0
UVM_INFO $DVT_PREDEFINED_PROJECTS/uvm_ref_flow_1.1/soc_verification_lib/sv_cb_ex_lib/interface_uvc_lib/uart/sv/uart_monitor.sv(211) @ 15951000: uvm_test_top.ve.uart0.Rx.monitor [uart_rx_monitor] Received a Frame data bit:'b0
UVM_INFO $DVT_PREDEFINED_PROJECTS/uvm_ref_flow_1.1/soc_verification_lib/sv_cb_ex_lib/interface_uvc_lib/uart/sv/uart_monitor.sv(211) @ 16751000: uvm_test_top.ve.uart1.Rx.monitor [uart_rx_monitor] Received a Frame data bit:'b1
UVM_INFO $DVT_PREDEFINED_PROJECTS/uvm_ref_flow_1.1/soc_verification_lib/sv_cb_ex_lib/interface_uvc_lib/uart/sv/uart_tx_driver.sv(182) @ 16751000: uvm_test_top.ve.uart0.Tx.driver [uart_tx_driver] Driver Sending Frame data bit number:3 value:'b00000001
UVM_INFO $DVT_PREDEFINED_PROJECTS/uvm_ref_flow_1.1/soc_verification_lib/sv_cb_ex_lib/interface_uvc_lib/uart/sv/uart_monitor.sv(211) @ 16751000: uvm_test_top.ve.uart0.Tx.monitor [uart_tx_monitor] Received a Frame data bit:'b0
UVM_INFO $DVT_PREDEFINED_PROJECTS/uvm_ref_flow_1.1/soc_verification_lib/sv_cb_ex_lib/interface_uvc_lib/uart/sv/uart_monitor.sv(211) @ 17551000: uvm_test_top.ve.uart0.Rx.monitor [uart_rx_monitor] Received a Frame data bit:'b1
UVM_INFO $DVT_PREDEFINED_PROJECTS/uvm_ref_flow_1.1/soc_verification_lib/sv_cb_ex_lib/interface_uvc_lib/uart/sv/uart_monitor.sv(211) @ 18351000: uvm_test_top.ve.uart1.Rx.monitor [uart_rx_monitor] Received a Frame data bit:'b1
UVM_INFO $DVT_PREDEFINED_PROJECTS/uvm_ref_flow_1.1/soc_verification_lib/sv_cb_ex_lib/interface_uvc_lib/uart/sv/uart_tx_driver.sv(182) @ 18351000: uvm_test_top.ve.uart0.Tx.driver [uart_tx_driver] Driver Sending Frame data bit number:4 value:'b00000000
UVM_INFO $DVT_PREDEFINED_PROJECTS/uvm_ref_flow_1.1/soc_verification_lib/sv_cb_ex_lib/interface_uvc_lib/uart/sv/uart_monitor.sv(211) @ 18351000: uvm_test_top.ve.uart0.Tx.monitor [uart_tx_monitor] Received a Frame data bit:'b1
UVM_INFO $DVT_PREDEFINED_PROJECTS/uvm_ref_flow_1.1/soc_verification_lib/sv_cb_ex_lib/interface_uvc_lib/uart/sv/uart_monitor.sv(211) @ 19151000: uvm_test_top.ve.uart0.Rx.monitor [uart_rx_monitor] Received a Frame data bit:'b1
UVM_INFO $DVT_PREDEFINED_PROJECTS/uvm_ref_flow_1.1/soc_verification_lib/sv_cb_ex_lib/interface_uvc_lib/uart/sv/uart_tx_driver.sv(163) @ 19950000: uvm_test_top.ve.uart1.Tx.driver [uart_tx_driver] Driver - Modem RTS or CTS asserted
UVM_INFO $DVT_PREDEFINED_PROJECTS/uvm_ref_flow_1.1/soc_verification_lib/sv_cb_ex_lib/interface_uvc_lib/uart/sv/uart_monitor.sv(211) @ 19951000: uvm_test_top.ve.uart1.Rx.monitor [uart_rx_monitor] Received a Frame data bit:'b0
UVM_INFO $DVT_PREDEFINED_PROJECTS/uvm_ref_flow_1.1/soc_verification_lib/sv_cb_ex_lib/interface_uvc_lib/uart/sv/uart_tx_driver.sv(182) @ 19951000: uvm_test_top.ve.uart0.Tx.driver [uart_tx_driver] Driver Sending Frame data bit number:5 value:'b00000000
UVM_INFO $DVT_PREDEFINED_PROJECTS/uvm_ref_flow_1.1/soc_verification_lib/sv_cb_ex_lib/interface_uvc_lib/uart/sv/uart_monitor.sv(211) @ 19951000: uvm_test_top.ve.uart0.Tx.monitor [uart_tx_monitor] Received a Frame data bit:'b0
UVM_INFO $DVT_PREDEFINED_PROJECTS/uvm_ref_flow_1.1/soc_verification_lib/sv_cb_ex_lib/interface_uvc_lib/uart/sv/uart_tx_driver.sv(174) @ 20751000: uvm_test_top.ve.uart1.Tx.driver [uart_tx_driver] Driver Sending Frame SOP: 0
UVM_INFO $DVT_PREDEFINED_PROJECTS/uvm_ref_flow_1.1/soc_verification_lib/sv_cb_ex_lib/interface_uvc_lib/uart/sv/uart_monitor.sv(211) @ 20751000: uvm_test_top.ve.uart0.Rx.monitor [uart_rx_monitor] Received a Frame data bit:'b1
UVM_INFO $DVT_PREDEFINED_PROJECTS/uvm_ref_flow_1.1/soc_verification_lib/sv_cb_ex_lib/interface_uvc_lib/uart/sv/uart_monitor.sv(211) @ 21551000: uvm_test_top.ve.uart1.Rx.monitor [uart_rx_monitor] Received a Frame data bit:'b1
UVM_INFO $DVT_PREDEFINED_PROJECTS/uvm_ref_flow_1.1/soc_verification_lib/sv_cb_ex_lib/interface_uvc_lib/uart/sv/uart_tx_driver.sv(182) @ 21551000: uvm_test_top.ve.uart0.Tx.driver [uart_tx_driver] Driver Sending Frame data bit number:6 value:'b00000001
UVM_INFO $DVT_PREDEFINED_PROJECTS/uvm_ref_flow_1.1/soc_verification_lib/sv_cb_ex_lib/interface_uvc_lib/uart/sv/uart_monitor.sv(211) @ 21551000: uvm_test_top.ve.uart0.Tx.monitor [uart_tx_monitor] Received a Frame data bit:'b0
UVM_INFO $DVT_PREDEFINED_PROJECTS/uvm_ref_flow_1.1/soc_verification_lib/sv_cb_ex_lib/interface_uvc_lib/uart/sv/uart_monitor.sv(185) @ 21950000: uvm_test_top.ve.uart1.Tx.monitor [uart_tx_monitor] SOP detected
UVM_INFO $DVT_PREDEFINED_PROJECTS/uvm_ref_flow_1.1/soc_verification_lib/sv_cb_ex_lib/interface_uvc_lib/uart/sv/uart_monitor.sv(194) @ 21950000: uvm_test_top.ve.uart1.Tx.monitor [uart_tx_monitor] Collecting a frame: 1
UVM_INFO $DVT_PREDEFINED_PROJECTS/uvm_ref_flow_1.1/soc_verification_lib/sv_cb_ex_lib/interface_uvc_lib/uart/sv/uart_monitor.sv(145) @ 22350000: uvm_test_top.ve.uart1.Tx.monitor [uart_tx_monitor] sample_clk- resetting ua_brgr
UVM_INFO $DVT_PREDEFINED_PROJECTS/uvm_ref_flow_1.1/soc_verification_lib/sv_cb_ex_lib/interface_uvc_lib/uart/sv/uart_tx_driver.sv(182) @ 22351000: uvm_test_top.ve.uart1.Tx.driver [uart_tx_driver] Driver Sending Frame data bit number:0 value:'b00000001
UVM_INFO $DVT_PREDEFINED_PROJECTS/uvm_ref_flow_1.1/soc_verification_lib/sv_cb_ex_lib/interface_uvc_lib/uart/sv/uart_monitor.sv(211) @ 22351000: uvm_test_top.ve.uart0.Rx.monitor [uart_rx_monitor] Received a Frame data bit:'b0
UVM_INFO $DVT_PREDEFINED_PROJECTS/uvm_ref_flow_1.1/soc_verification_lib/sv_cb_ex_lib/interface_uvc_lib/uart/sv/uart_monitor.sv(211) @ 23151000: uvm_test_top.ve.uart1.Rx.monitor [uart_rx_monitor] Received a Frame data bit:'b0
UVM_INFO $DVT_PREDEFINED_PROJECTS/uvm_ref_flow_1.1/soc_verification_lib/sv_cb_ex_lib/interface_uvc_lib/uart/sv/uart_tx_driver.sv(182) @ 23151000: uvm_test_top.ve.uart0.Tx.driver [uart_tx_driver] Driver Sending Frame data bit number:7 value:'b00000000
UVM_INFO $DVT_PREDEFINED_PROJECTS/uvm_ref_flow_1.1/soc_verification_lib/sv_cb_ex_lib/interface_uvc_lib/uart/sv/uart_monitor.sv(211) @ 23151000: uvm_test_top.ve.uart0.Tx.monitor [uart_tx_monitor] Received a Frame data bit:'b1
UVM_INFO $DVT_PREDEFINED_PROJECTS/uvm_ref_flow_1.1/soc_verification_lib/sv_cb_ex_lib/interface_uvc_lib/uart/sv/uart_tx_driver.sv(182) @ 23951000: uvm_test_top.ve.uart1.Tx.driver [uart_tx_driver] Driver Sending Frame data bit number:1 value:'b00000000
UVM_INFO $DVT_PREDEFINED_PROJECTS/uvm_ref_flow_1.1/soc_verification_lib/sv_cb_ex_lib/interface_uvc_lib/uart/sv/uart_monitor.sv(211) @ 23951000: uvm_test_top.ve.uart1.Tx.monitor [uart_tx_monitor] Received a Frame data bit:'b1
UVM_INFO $DVT_PREDEFINED_PROJECTS/uvm_ref_flow_1.1/soc_verification_lib/sv_cb_ex_lib/interface_uvc_lib/uart/sv/uart_monitor.sv(217) @ 23951000: uvm_test_top.ve.uart0.Rx.monitor [uart_rx_monitor] Received Parity bit:'b1
UVM_INFO $DVT_PREDEFINED_PROJECTS/uvm_ref_flow_1.1/soc_verification_lib/sv_cb_ex_lib/interface_uvc_lib/uart/sv/uart_monitor.sv(219) @ 23951000: uvm_test_top.ve.uart0.Rx.monitor [uart_rx_monitor] Received Parity is same as calculated Parity
UVM_INFO $DVT_PREDEFINED_PROJECTS/uvm_ref_flow_1.1/soc_verification_lib/sv_cb_ex_lib/interface_uvc_lib/uart/sv/uart_monitor.sv(217) @ 24751000: uvm_test_top.ve.uart1.Rx.monitor [uart_rx_monitor] Received Parity bit:'b1
UVM_INFO $DVT_PREDEFINED_PROJECTS/uvm_ref_flow_1.1/soc_verification_lib/sv_cb_ex_lib/interface_uvc_lib/uart/sv/uart_monitor.sv(219) @ 24751000: uvm_test_top.ve.uart1.Rx.monitor [uart_rx_monitor] Received Parity is same as calculated Parity
UVM_INFO $DVT_PREDEFINED_PROJECTS/uvm_ref_flow_1.1/soc_verification_lib/sv_cb_ex_lib/interface_uvc_lib/uart/sv/uart_tx_driver.sv(189) @ 24751000: uvm_test_top.ve.uart0.Tx.driver [uart_tx_driver] Driver Sending Frame Parity bit:'b0
UVM_INFO $DVT_PREDEFINED_PROJECTS/uvm_ref_flow_1.1/soc_verification_lib/sv_cb_ex_lib/interface_uvc_lib/uart/sv/uart_monitor.sv(211) @ 24751000: uvm_test_top.ve.uart0.Tx.monitor [uart_tx_monitor] Received a Frame data bit:'b0
UVM_INFO $DVT_PREDEFINED_PROJECTS/uvm_ref_flow_1.1/soc_verification_lib/sv_cb_ex_lib/interface_uvc_lib/uart/sv/uart_tx_driver.sv(182) @ 25551000: uvm_test_top.ve.uart1.Tx.driver [uart_tx_driver] Driver Sending Frame data bit number:2 value:'b00000000
UVM_INFO $DVT_PREDEFINED_PROJECTS/uvm_ref_flow_1.1/soc_verification_lib/sv_cb_ex_lib/interface_uvc_lib/uart/sv/uart_monitor.sv(211) @ 25551000: uvm_test_top.ve.uart1.Tx.monitor [uart_tx_monitor] Received a Frame data bit:'b0
UVM_INFO $DVT_PREDEFINED_PROJECTS/uvm_ref_flow_1.1/soc_verification_lib/sv_cb_ex_lib/interface_uvc_lib/uart/sv/uart_monitor.sv(227) @ 25551000: uvm_test_top.ve.uart0.Rx.monitor [uart_rx_monitor] Received a Stop bit: 'b1
UVM_INFO $DVT_PREDEFINED_PROJECTS/uvm_ref_flow_1.1/soc_verification_lib/sv_cb_ex_lib/interface_uvc_lib/uart/sv/uart_monitor.sv(236) @ 26350000: uvm_test_top.ve.uart0.Rx.monitor [uart_rx_monitor] Collected the following Frame No:1
----------------------------------------------------------------------------------------------------------------------------------------------
Name                            Type                     Size  Value                                                                          
----------------------------------------------------------------------------------------------------------------------------------------------
uart_frame                      uart_frame               -     @14320                                                                         
  start_bit                     integral                 1     'h0                                                                            
  payload                       integral                 8     'h72                                                                           
  parity                        integral                 1     'h1                                                                            
  stop_bits                     integral                 2     'h1                                                                            
  error_bits                    integral                 4     'h0                                                                            
  parity_type                   parity_e                 1     GOOD_PARITY                                                                    
  transmit_delay                integral                 32    'd10                                                                           
  begin_time                    time                     64    9150000                                                                        
----------------------------------------------------------------------------------------------------------------------------------------------

UVM_INFO $DVT_PREDEFINED_PROJECTS/uvm_ref_flow_1.1/soc_verification_lib/sv_cb_ex_lib/uart_ctrl/sv/uart_ctrl_scoreboard.sv(193) @ 26350000: uvm_test_top.ve.apb_ss_env.apb_uart0.monitor.rx_scbd [SCRBD] ####### PASS : uart0 RECEIVED CORRECT DATA expected = 'h72, received = 'h72
UVM_INFO $DVT_PREDEFINED_PROJECTS/uvm_ref_flow_1.1/soc_verification_lib/sv_cb_ex_lib/interface_uvc_lib/uart/sv/uart_monitor.sv(175) @ 26350000: uvm_test_top.ve.uart0.Rx.monitor [uart_rx_monitor] trying to detect SOP
UVM_INFO $DVT_PREDEFINED_PROJECTS/uvm_ref_flow_1.1/soc_verification_lib/sv_cb_ex_lib/interface_uvc_lib/uart/sv/uart_monitor.sv(227) @ 26351000: uvm_test_top.ve.uart1.Rx.monitor [uart_rx_monitor] Received a Stop bit: 'b1
UVM_INFO $DVT_PREDEFINED_PROJECTS/uvm_ref_flow_1.1/soc_verification_lib/sv_cb_ex_lib/interface_uvc_lib/uart/sv/uart_tx_driver.sv(196) @ 26351000: uvm_test_top.ve.uart0.Tx.driver [uart_tx_driver] Driver Sending Frame Stop bit:'b1
UVM_INFO $DVT_PREDEFINED_PROJECTS/uvm_ref_flow_1.1/soc_verification_lib/sv_cb_ex_lib/interface_uvc_lib/uart/sv/uart_monitor.sv(217) @ 26351000: uvm_test_top.ve.uart0.Tx.monitor [uart_tx_monitor] Received Parity bit:'b0
UVM_INFO $DVT_PREDEFINED_PROJECTS/uvm_ref_flow_1.1/soc_verification_lib/sv_cb_ex_lib/interface_uvc_lib/uart/sv/uart_monitor.sv(219) @ 26351000: uvm_test_top.ve.uart0.Tx.monitor [uart_tx_monitor] Received Parity is same as calculated Parity
UVM_INFO $DVT_PREDEFINED_PROJECTS/uvm_ref_flow_1.1/soc_verification_lib/sv_cb_ex_lib/interface_uvc_lib/uart/sv/uart_monitor.sv(236) @ 27150000: uvm_test_top.ve.uart1.Rx.monitor [uart_rx_monitor] Collected the following Frame No:1
----------------------------------------------------------------------------------------------------------------------------------------------
Name                            Type                     Size  Value                                                                          
----------------------------------------------------------------------------------------------------------------------------------------------
uart_frame                      uart_frame               -     @14736                                                                         
  start_bit                     integral                 1     'h0                                                                            
  payload                       integral                 8     'h5f                                                                           
  parity                        integral                 1     'h1                                                                            
  stop_bits                     integral                 2     'h1                                                                            
  error_bits                    integral                 4     'h0                                                                            
  parity_type                   parity_e                 1     GOOD_PARITY                                                                    
  transmit_delay                integral                 32    'd11                                                                           
  begin_time                    time                     64    9950000                                                                        
----------------------------------------------------------------------------------------------------------------------------------------------

UVM_INFO $DVT_PREDEFINED_PROJECTS/uvm_ref_flow_1.1/soc_verification_lib/sv_cb_ex_lib/uart_ctrl/sv/uart_ctrl_scoreboard.sv(193) @ 27150000: uvm_test_top.ve.apb_ss_env.apb_uart1.monitor.rx_scbd [SCRBD] ####### PASS : uart1 RECEIVED CORRECT DATA expected = 'h5f, received = 'h5f
UVM_INFO $DVT_PREDEFINED_PROJECTS/uvm_ref_flow_1.1/soc_verification_lib/sv_cb_ex_lib/interface_uvc_lib/uart/sv/uart_monitor.sv(175) @ 27150000: uvm_test_top.ve.uart1.Rx.monitor [uart_rx_monitor] trying to detect SOP
UVM_INFO $DVT_PREDEFINED_PROJECTS/uvm_ref_flow_1.1/soc_verification_lib/sv_cb_ex_lib/interface_uvc_lib/uart/sv/uart_tx_driver.sv(216) @ 27150000: uvm_test_top.ve.uart0.Tx.driver [uart_tx_driver] Frame **1** Sent...
UVM_INFO $DVT_PREDEFINED_PROJECTS/uvm_ref_flow_1.1/soc_verification_lib/sv_cb_ex_lib/interface_uvc_lib/uart/sv/uart_tx_driver.sv(182) @ 27151000: uvm_test_top.ve.uart1.Tx.driver [uart_tx_driver] Driver Sending Frame data bit number:3 value:'b00000001
UVM_INFO $DVT_PREDEFINED_PROJECTS/uvm_ref_flow_1.1/soc_verification_lib/sv_cb_ex_lib/interface_uvc_lib/uart/sv/uart_monitor.sv(211) @ 27151000: uvm_test_top.ve.uart1.Tx.monitor [uart_tx_monitor] Received a Frame data bit:'b0
UVM_INFO $DVT_PREDEFINED_PROJECTS/uvm_ref_flow_1.1/soc_verification_lib/sv_cb_ex_lib/interface_uvc_lib/uart/sv/uart_tx_driver.sv(220) @ 27950000: uvm_test_top.ve.uart0.Tx.driver [uart_tx_driver] Frame complete...
UVM_INFO $DVT_PREDEFINED_PROJECTS/uvm_ref_flow_1.1/soc_verification_lib/sv_cb_ex_lib/interface_uvc_lib/uart/sv/uart_monitor.sv(227) @ 27951000: uvm_test_top.ve.uart0.Tx.monitor [uart_tx_monitor] Received a Stop bit: 'b1
UVM_INFO $DVT_PREDEFINED_PROJECTS/uvm_ref_flow_1.1/soc_verification_lib/sv_cb_ex_lib/interface_uvc_lib/uart/sv/uart_monitor.sv(236) @ 28750000: uvm_test_top.ve.uart0.Tx.monitor [uart_tx_monitor] Collected the following Frame No:1
----------------------------------------------------------------------------------------------------------------------------------------------
Name                            Type                     Size  Value                                                                          
----------------------------------------------------------------------------------------------------------------------------------------------
uart_frame                      uart_frame               -     @14815                                                                         
  start_bit                     integral                 1     'h0                                                                            
  payload                       integral                 8     'h49                                                                           
  parity                        integral                 1     'h0                                                                            
  stop_bits                     integral                 2     'h1                                                                            
  error_bits                    integral                 4     'h0                                                                            
  parity_type                   parity_e                 1     GOOD_PARITY                                                                    
  transmit_delay                integral                 32    'd13                                                                           
  begin_time                    time                     64    11550000                                                                       
----------------------------------------------------------------------------------------------------------------------------------------------

UVM_INFO $DVT_PREDEFINED_PROJECTS/uvm_ref_flow_1.1/soc_verification_lib/sv_cb_ex_lib/interface_uvc_lib/uart/sv/uart_monitor.sv(175) @ 28750000: uvm_test_top.ve.uart0.Tx.monitor [uart_tx_monitor] trying to detect SOP
UVM_INFO $DVT_PREDEFINED_PROJECTS/uvm_ref_flow_1.1/soc_verification_lib/sv_cb_ex_lib/interface_uvc_lib/uart/sv/uart_tx_driver.sv(156) @ 28750000: uvm_test_top.ve.uart0.Tx.driver [uart_tx_driver] Driver Sending TX Frame...
----------------------------------------------------------------------------------------------------------------------------------------------
Name                            Type                     Size  Value                                                                          
----------------------------------------------------------------------------------------------------------------------------------------------
req                             uart_frame               -     @14435                                                                         
  start_bit                     integral                 1     'h0                                                                            
  payload                       integral                 8     'h4c                                                                           
  parity                        integral                 1     'h0                                                                            
  stop_bits                     integral                 2     'h3                                                                            
  error_bits                    integral                 4     'h0                                                                            
  parity_type                   parity_e                 1     GOOD_PARITY                                                                    
  transmit_delay                integral                 32    'd8                                                                            
  begin_time                    time                     64    28750000                                                                       
  depth                         int                      32    'd4                                                                            
  parent sequence (name)        string                   8     uart_seq                                                                       
  parent sequence (full name)   string                   79    uvm_test_top.ve.virtual_sequencer.lp_shutdown_uart1.lp_shutdown_config.uart_seq
  sequencer                     string                   34    uvm_test_top.ve.uart0.Tx.sequencer                                             
----------------------------------------------------------------------------------------------------------------------------------------------

UVM_INFO $DVT_PREDEFINED_PROJECTS/uvm_ref_flow_1.1/soc_verification_lib/sv_cb_ex_lib/interface_uvc_lib/uart/sv/uart_tx_driver.sv(182) @ 28751000: uvm_test_top.ve.uart1.Tx.driver [uart_tx_driver] Driver Sending Frame data bit number:4 value:'b00000000
UVM_INFO $DVT_PREDEFINED_PROJECTS/uvm_ref_flow_1.1/soc_verification_lib/sv_cb_ex_lib/interface_uvc_lib/uart/sv/uart_monitor.sv(211) @ 28751000: uvm_test_top.ve.uart1.Tx.monitor [uart_tx_monitor] Received a Frame data bit:'b1
UVM_INFO $DVT_PREDEFINED_PROJECTS/uvm_ref_flow_1.1/soc_verification_lib/sv_cb_ex_lib/interface_uvc_lib/uart/sv/uart_tx_driver.sv(182) @ 30351000: uvm_test_top.ve.uart1.Tx.driver [uart_tx_driver] Driver Sending Frame data bit number:5 value:'b00000000
UVM_INFO $DVT_PREDEFINED_PROJECTS/uvm_ref_flow_1.1/soc_verification_lib/sv_cb_ex_lib/interface_uvc_lib/uart/sv/uart_monitor.sv(211) @ 30351000: uvm_test_top.ve.uart1.Tx.monitor [uart_tx_monitor] Received a Frame data bit:'b0
UVM_INFO $DVT_PREDEFINED_PROJECTS/uvm_ref_flow_1.1/soc_verification_lib/sv_cb_ex_lib/interface_uvc_lib/uart/sv/uart_tx_driver.sv(182) @ 31951000: uvm_test_top.ve.uart1.Tx.driver [uart_tx_driver] Driver Sending Frame data bit number:6 value:'b00000000
UVM_INFO $DVT_PREDEFINED_PROJECTS/uvm_ref_flow_1.1/soc_verification_lib/sv_cb_ex_lib/interface_uvc_lib/uart/sv/uart_monitor.sv(211) @ 31951000: uvm_test_top.ve.uart1.Tx.monitor [uart_tx_monitor] Received a Frame data bit:'b0
UVM_INFO $DVT_PREDEFINED_PROJECTS/uvm_ref_flow_1.1/soc_verification_lib/sv_cb_ex_lib/interface_uvc_lib/uart/sv/uart_tx_driver.sv(182) @ 33551000: uvm_test_top.ve.uart1.Tx.driver [uart_tx_driver] Driver Sending Frame data bit number:7 value:'b00000000
UVM_INFO $DVT_PREDEFINED_PROJECTS/uvm_ref_flow_1.1/soc_verification_lib/sv_cb_ex_lib/interface_uvc_lib/uart/sv/uart_monitor.sv(211) @ 33551000: uvm_test_top.ve.uart1.Tx.monitor [uart_tx_monitor] Received a Frame data bit:'b0
UVM_INFO $DVT_PREDEFINED_PROJECTS/uvm_ref_flow_1.1/soc_verification_lib/sv_cb_ex_lib/interface_uvc_lib/uart/sv/uart_tx_driver.sv(163) @ 35150000: uvm_test_top.ve.uart0.Tx.driver [uart_tx_driver] Driver - Modem RTS or CTS asserted
UVM_INFO $DVT_PREDEFINED_PROJECTS/uvm_ref_flow_1.1/soc_verification_lib/sv_cb_ex_lib/interface_uvc_lib/uart/sv/uart_tx_driver.sv(189) @ 35151000: uvm_test_top.ve.uart1.Tx.driver [uart_tx_driver] Driver Sending Frame Parity bit:'b1
UVM_INFO $DVT_PREDEFINED_PROJECTS/uvm_ref_flow_1.1/soc_verification_lib/sv_cb_ex_lib/interface_uvc_lib/uart/sv/uart_monitor.sv(211) @ 35151000: uvm_test_top.ve.uart1.Tx.monitor [uart_tx_monitor] Received a Frame data bit:'b0
UVM_INFO $DVT_PREDEFINED_PROJECTS/uvm_ref_flow_1.1/soc_verification_lib/sv_cb_ex_lib/interface_uvc_lib/uart/sv/uart_tx_driver.sv(174) @ 35951000: uvm_test_top.ve.uart0.Tx.driver [uart_tx_driver] Driver Sending Frame SOP: 0
UVM_INFO $DVT_PREDEFINED_PROJECTS/uvm_ref_flow_1.1/soc_verification_lib/sv_cb_ex_lib/interface_uvc_lib/uart/sv/uart_tx_driver.sv(196) @ 36751000: uvm_test_top.ve.uart1.Tx.driver [uart_tx_driver] Driver Sending Frame Stop bit:'b1
UVM_INFO $DVT_PREDEFINED_PROJECTS/uvm_ref_flow_1.1/soc_verification_lib/sv_cb_ex_lib/interface_uvc_lib/uart/sv/uart_monitor.sv(217) @ 36751000: uvm_test_top.ve.uart1.Tx.monitor [uart_tx_monitor] Received Parity bit:'b1
UVM_INFO $DVT_PREDEFINED_PROJECTS/uvm_ref_flow_1.1/soc_verification_lib/sv_cb_ex_lib/interface_uvc_lib/uart/sv/uart_monitor.sv(219) @ 36751000: uvm_test_top.ve.uart1.Tx.monitor [uart_tx_monitor] Received Parity is same as calculated Parity
UVM_INFO $DVT_PREDEFINED_PROJECTS/uvm_ref_flow_1.1/soc_verification_lib/sv_cb_ex_lib/interface_uvc_lib/uart/sv/uart_monitor.sv(185) @ 37150000: uvm_test_top.ve.uart0.Tx.monitor [uart_tx_monitor] SOP detected
UVM_INFO $DVT_PREDEFINED_PROJECTS/uvm_ref_flow_1.1/soc_verification_lib/sv_cb_ex_lib/interface_uvc_lib/uart/sv/uart_monitor.sv(194) @ 37150000: uvm_test_top.ve.uart0.Tx.monitor [uart_tx_monitor] Collecting a frame: 2
UVM_INFO $DVT_PREDEFINED_PROJECTS/uvm_ref_flow_1.1/soc_verification_lib/sv_cb_ex_lib/interface_uvc_lib/uart/sv/uart_monitor.sv(145) @ 37550000: uvm_test_top.ve.uart0.Tx.monitor [uart_tx_monitor] sample_clk- resetting ua_brgr
UVM_INFO $DVT_PREDEFINED_PROJECTS/uvm_ref_flow_1.1/soc_verification_lib/sv_cb_ex_lib/interface_uvc_lib/uart/sv/uart_tx_driver.sv(216) @ 37550000: uvm_test_top.ve.uart1.Tx.driver [uart_tx_driver] Frame **1** Sent...
UVM_INFO $DVT_PREDEFINED_PROJECTS/uvm_ref_flow_1.1/soc_verification_lib/sv_cb_ex_lib/interface_uvc_lib/uart/sv/uart_tx_driver.sv(182) @ 37551000: uvm_test_top.ve.uart0.Tx.driver [uart_tx_driver] Driver Sending Frame data bit number:0 value:'b00000000
UVM_INFO $DVT_PREDEFINED_PROJECTS/uvm_ref_flow_1.1/soc_verification_lib/sv_cb_ex_lib/interface_uvc_lib/uart/sv/uart_tx_driver.sv(220) @ 38350000: uvm_test_top.ve.uart1.Tx.driver [uart_tx_driver] Frame complete...
UVM_INFO $DVT_PREDEFINED_PROJECTS/uvm_ref_flow_1.1/soc_verification_lib/sv_cb_ex_lib/interface_uvc_lib/uart/sv/uart_monitor.sv(227) @ 38351000: uvm_test_top.ve.uart1.Tx.monitor [uart_tx_monitor] Received a Stop bit: 'b1
UVM_INFO $DVT_PREDEFINED_PROJECTS/uvm_ref_flow_1.1/soc_verification_lib/sv_cb_ex_lib/interface_uvc_lib/uart/sv/uart_monitor.sv(236) @ 39150000: uvm_test_top.ve.uart1.Tx.monitor [uart_tx_monitor] Collected the following Frame No:1
----------------------------------------------------------------------------------------------------------------------------------------------
Name                            Type                     Size  Value                                                                          
----------------------------------------------------------------------------------------------------------------------------------------------
uart_frame                      uart_frame               -     @14556                                                                         
  start_bit                     integral                 1     'h0                                                                            
  payload                       integral                 8     'h9                                                                            
  parity                        integral                 1     'h1                                                                            
  stop_bits                     integral                 2     'h1                                                                            
  error_bits                    integral                 4     'h0                                                                            
  parity_type                   parity_e                 1     GOOD_PARITY                                                                    
  transmit_delay                integral                 32    'd26                                                                           
  begin_time                    time                     64    21950000                                                                       
----------------------------------------------------------------------------------------------------------------------------------------------

UVM_INFO $DVT_PREDEFINED_PROJECTS/uvm_ref_flow_1.1/soc_verification_lib/sv_cb_ex_lib/interface_uvc_lib/uart/sv/uart_monitor.sv(175) @ 39150000: uvm_test_top.ve.uart1.Tx.monitor [uart_tx_monitor] trying to detect SOP
UVM_INFO $DVT_PREDEFINED_PROJECTS/uvm_ref_flow_1.1/soc_verification_lib/sv_cb_ex_lib/interface_uvc_lib/uart/sv/uart_tx_driver.sv(156) @ 39150000: uvm_test_top.ve.uart1.Tx.driver [uart_tx_driver] Driver Sending TX Frame...
----------------------------------------------------------------------------------------------------------------------------------------------
Name                            Type                     Size  Value                                                                          
----------------------------------------------------------------------------------------------------------------------------------------------
req                             uart_frame               -     @14654                                                                         
  start_bit                     integral                 1     'h0                                                                            
  payload                       integral                 8     'hc                                                                            
  parity                        integral                 1     'h1                                                                            
  stop_bits                     integral                 2     'h3                                                                            
  error_bits                    integral                 4     'h0                                                                            
  parity_type                   parity_e                 1     GOOD_PARITY                                                                    
  transmit_delay                integral                 32    'd1                                                                            
  begin_time                    time                     64    39150000                                                                       
  depth                         int                      32    'd4                                                                            
  parent sequence (name)        string                   8     uart_seq                                                                       
  parent sequence (full name)   string                   79    uvm_test_top.ve.virtual_sequencer.lp_shutdown_uart1.lp_shutdown_config.uart_seq
  sequencer                     string                   34    uvm_test_top.ve.uart1.Tx.sequencer                                             
----------------------------------------------------------------------------------------------------------------------------------------------

UVM_INFO $DVT_PREDEFINED_PROJECTS/uvm_ref_flow_1.1/soc_verification_lib/sv_cb_ex_lib/interface_uvc_lib/uart/sv/uart_tx_driver.sv(182) @ 39151000: uvm_test_top.ve.uart0.Tx.driver [uart_tx_driver] Driver Sending Frame data bit number:1 value:'b00000000
UVM_INFO $DVT_PREDEFINED_PROJECTS/uvm_ref_flow_1.1/soc_verification_lib/sv_cb_ex_lib/interface_uvc_lib/uart/sv/uart_monitor.sv(211) @ 39151000: uvm_test_top.ve.uart0.Tx.monitor [uart_tx_monitor] Received a Frame data bit:'b0
UVM_INFO $DVT_PREDEFINED_PROJECTS/uvm_ref_flow_1.1/soc_verification_lib/sv_cb_ex_lib/interface_uvc_lib/uart/sv/uart_tx_driver.sv(163) @ 39950000: uvm_test_top.ve.uart1.Tx.driver [uart_tx_driver] Driver - Modem RTS or CTS asserted
UVM_INFO $DVT_PREDEFINED_PROJECTS/uvm_ref_flow_1.1/soc_verification_lib/sv_cb_ex_lib/interface_uvc_lib/uart/sv/uart_tx_driver.sv(182) @ 40751000: uvm_test_top.ve.uart0.Tx.driver [uart_tx_driver] Driver Sending Frame data bit number:2 value:'b00000001
UVM_INFO $DVT_PREDEFINED_PROJECTS/uvm_ref_flow_1.1/soc_verification_lib/sv_cb_ex_lib/interface_uvc_lib/uart/sv/uart_monitor.sv(211) @ 40751000: uvm_test_top.ve.uart0.Tx.monitor [uart_tx_monitor] Received a Frame data bit:'b0
UVM_INFO $DVT_PREDEFINED_PROJECTS/uvm_ref_flow_1.1/soc_verification_lib/sv_cb_ex_lib/interface_uvc_lib/uart/sv/uart_tx_driver.sv(174) @ 41551000: uvm_test_top.ve.uart1.Tx.driver [uart_tx_driver] Driver Sending Frame SOP: 0
UVM_INFO $DVT_PREDEFINED_PROJECTS/uvm_ref_flow_1.1/soc_verification_lib/sv_cb_ex_lib/interface_uvc_lib/uart/sv/uart_tx_driver.sv(182) @ 42351000: uvm_test_top.ve.uart0.Tx.driver [uart_tx_driver] Driver Sending Frame data bit number:3 value:'b00000001
UVM_INFO $DVT_PREDEFINED_PROJECTS/uvm_ref_flow_1.1/soc_verification_lib/sv_cb_ex_lib/interface_uvc_lib/uart/sv/uart_monitor.sv(211) @ 42351000: uvm_test_top.ve.uart0.Tx.monitor [uart_tx_monitor] Received a Frame data bit:'b1
UVM_INFO $DVT_PREDEFINED_PROJECTS/uvm_ref_flow_1.1/soc_verification_lib/sv_cb_ex_lib/interface_uvc_lib/uart/sv/uart_monitor.sv(185) @ 42750000: uvm_test_top.ve.uart1.Tx.monitor [uart_tx_monitor] SOP detected
UVM_INFO $DVT_PREDEFINED_PROJECTS/uvm_ref_flow_1.1/soc_verification_lib/sv_cb_ex_lib/interface_uvc_lib/uart/sv/uart_monitor.sv(194) @ 42750000: uvm_test_top.ve.uart1.Tx.monitor [uart_tx_monitor] Collecting a frame: 2
UVM_INFO $DVT_PREDEFINED_PROJECTS/uvm_ref_flow_1.1/soc_verification_lib/sv_cb_ex_lib/interface_uvc_lib/uart/sv/uart_monitor.sv(145) @ 43150000: uvm_test_top.ve.uart1.Tx.monitor [uart_tx_monitor] sample_clk- resetting ua_brgr
UVM_INFO $DVT_PREDEFINED_PROJECTS/uvm_ref_flow_1.1/soc_verification_lib/sv_cb_ex_lib/interface_uvc_lib/uart/sv/uart_tx_driver.sv(182) @ 43151000: uvm_test_top.ve.uart1.Tx.driver [uart_tx_driver] Driver Sending Frame data bit number:0 value:'b00000000
UVM_INFO $DVT_PREDEFINED_PROJECTS/uvm_ref_flow_1.1/soc_verification_lib/sv_cb_ex_lib/interface_uvc_lib/uart/sv/uart_tx_driver.sv(182) @ 43951000: uvm_test_top.ve.uart0.Tx.driver [uart_tx_driver] Driver Sending Frame data bit number:4 value:'b00000000
UVM_INFO $DVT_PREDEFINED_PROJECTS/uvm_ref_flow_1.1/soc_verification_lib/sv_cb_ex_lib/interface_uvc_lib/uart/sv/uart_monitor.sv(211) @ 43951000: uvm_test_top.ve.uart0.Tx.monitor [uart_tx_monitor] Received a Frame data bit:'b1
UVM_INFO $DVT_PREDEFINED_PROJECTS/uvm_ref_flow_1.1/soc_verification_lib/sv_cb_ex_lib/interface_uvc_lib/uart/sv/uart_tx_driver.sv(182) @ 44751000: uvm_test_top.ve.uart1.Tx.driver [uart_tx_driver] Driver Sending Frame data bit number:1 value:'b00000000
UVM_INFO $DVT_PREDEFINED_PROJECTS/uvm_ref_flow_1.1/soc_verification_lib/sv_cb_ex_lib/interface_uvc_lib/uart/sv/uart_monitor.sv(211) @ 44751000: uvm_test_top.ve.uart1.Tx.monitor [uart_tx_monitor] Received a Frame data bit:'b0
UVM_INFO $DVT_PREDEFINED_PROJECTS/uvm_ref_flow_1.1/soc_verification_lib/sv_cb_ex_lib/interface_uvc_lib/uart/sv/uart_tx_driver.sv(182) @ 45551000: uvm_test_top.ve.uart0.Tx.driver [uart_tx_driver] Driver Sending Frame data bit number:5 value:'b00000000
UVM_INFO $DVT_PREDEFINED_PROJECTS/uvm_ref_flow_1.1/soc_verification_lib/sv_cb_ex_lib/interface_uvc_lib/uart/sv/uart_monitor.sv(211) @ 45551000: uvm_test_top.ve.uart0.Tx.monitor [uart_tx_monitor] Received a Frame data bit:'b0
UVM_INFO $DVT_PREDEFINED_PROJECTS/uvm_ref_flow_1.1/soc_verification_lib/sv_cb_ex_lib/interface_uvc_lib/uart/sv/uart_tx_driver.sv(182) @ 46351000: uvm_test_top.ve.uart1.Tx.driver [uart_tx_driver] Driver Sending Frame data bit number:2 value:'b00000001
UVM_INFO $DVT_PREDEFINED_PROJECTS/uvm_ref_flow_1.1/soc_verification_lib/sv_cb_ex_lib/interface_uvc_lib/uart/sv/uart_monitor.sv(211) @ 46351000: uvm_test_top.ve.uart1.Tx.monitor [uart_tx_monitor] Received a Frame data bit:'b0
UVM_INFO $DVT_PREDEFINED_PROJECTS/uvm_ref_flow_1.1/soc_verification_lib/sv_cb_ex_lib/interface_uvc_lib/uart/sv/uart_tx_driver.sv(182) @ 47151000: uvm_test_top.ve.uart0.Tx.driver [uart_tx_driver] Driver Sending Frame data bit number:6 value:'b00000001
UVM_INFO $DVT_PREDEFINED_PROJECTS/uvm_ref_flow_1.1/soc_verification_lib/sv_cb_ex_lib/interface_uvc_lib/uart/sv/uart_monitor.sv(211) @ 47151000: uvm_test_top.ve.uart0.Tx.monitor [uart_tx_monitor] Received a Frame data bit:'b0
UVM_INFO $DVT_PREDEFINED_PROJECTS/uvm_ref_flow_1.1/soc_verification_lib/sv_cb_ex_lib/interface_uvc_lib/uart/sv/uart_tx_driver.sv(182) @ 47951000: uvm_test_top.ve.uart1.Tx.driver [uart_tx_driver] Driver Sending Frame data bit number:3 value:'b00000001
UVM_INFO $DVT_PREDEFINED_PROJECTS/uvm_ref_flow_1.1/soc_verification_lib/sv_cb_ex_lib/interface_uvc_lib/uart/sv/uart_monitor.sv(211) @ 47951000: uvm_test_top.ve.uart1.Tx.monitor [uart_tx_monitor] Received a Frame data bit:'b1
UVM_INFO $DVT_PREDEFINED_PROJECTS/uvm_ref_flow_1.1/soc_verification_lib/sv_cb_ex_lib/interface_uvc_lib/uart/sv/uart_tx_driver.sv(182) @ 48751000: uvm_test_top.ve.uart0.Tx.driver [uart_tx_driver] Driver Sending Frame data bit number:7 value:'b00000000
UVM_INFO $DVT_PREDEFINED_PROJECTS/uvm_ref_flow_1.1/soc_verification_lib/sv_cb_ex_lib/interface_uvc_lib/uart/sv/uart_monitor.sv(211) @ 48751000: uvm_test_top.ve.uart0.Tx.monitor [uart_tx_monitor] Received a Frame data bit:'b1
UVM_INFO $DVT_PREDEFINED_PROJECTS/uvm_ref_flow_1.1/soc_verification_lib/sv_cb_ex_lib/interface_uvc_lib/uart/sv/uart_tx_driver.sv(182) @ 49551000: uvm_test_top.ve.uart1.Tx.driver [uart_tx_driver] Driver Sending Frame data bit number:4 value:'b00000000
UVM_INFO $DVT_PREDEFINED_PROJECTS/uvm_ref_flow_1.1/soc_verification_lib/sv_cb_ex_lib/interface_uvc_lib/uart/sv/uart_monitor.sv(211) @ 49551000: uvm_test_top.ve.uart1.Tx.monitor [uart_tx_monitor] Received a Frame data bit:'b1
UVM_INFO $DVT_PREDEFINED_PROJECTS/uvm_ref_flow_1.1/soc_verification_lib/sv_cb_ex_lib/interface_uvc_lib/uart/sv/uart_tx_driver.sv(189) @ 50351000: uvm_test_top.ve.uart0.Tx.driver [uart_tx_driver] Driver Sending Frame Parity bit:'b0
UVM_INFO $DVT_PREDEFINED_PROJECTS/uvm_ref_flow_1.1/soc_verification_lib/sv_cb_ex_lib/interface_uvc_lib/uart/sv/uart_monitor.sv(211) @ 50351000: uvm_test_top.ve.uart0.Tx.monitor [uart_tx_monitor] Received a Frame data bit:'b0
UVM_INFO $DVT_PREDEFINED_PROJECTS/uvm_ref_flow_1.1/soc_verification_lib/sv_cb_ex_lib/interface_uvc_lib/uart/sv/uart_tx_driver.sv(182) @ 51151000: uvm_test_top.ve.uart1.Tx.driver [uart_tx_driver] Driver Sending Frame data bit number:5 value:'b00000000
UVM_INFO $DVT_PREDEFINED_PROJECTS/uvm_ref_flow_1.1/soc_verification_lib/sv_cb_ex_lib/interface_uvc_lib/uart/sv/uart_monitor.sv(211) @ 51151000: uvm_test_top.ve.uart1.Tx.monitor [uart_tx_monitor] Received a Frame data bit:'b0
UVM_INFO $DVT_PREDEFINED_PROJECTS/uvm_ref_flow_1.1/soc_verification_lib/sv_cb_ex_lib/interface_uvc_lib/uart/sv/uart_tx_driver.sv(196) @ 51951000: uvm_test_top.ve.uart0.Tx.driver [uart_tx_driver] Driver Sending Frame Stop bit:'b1
UVM_INFO $DVT_PREDEFINED_PROJECTS/uvm_ref_flow_1.1/soc_verification_lib/sv_cb_ex_lib/interface_uvc_lib/uart/sv/uart_monitor.sv(217) @ 51951000: uvm_test_top.ve.uart0.Tx.monitor [uart_tx_monitor] Received Parity bit:'b0
UVM_INFO $DVT_PREDEFINED_PROJECTS/uvm_ref_flow_1.1/soc_verification_lib/sv_cb_ex_lib/interface_uvc_lib/uart/sv/uart_monitor.sv(219) @ 51951000: uvm_test_top.ve.uart0.Tx.monitor [uart_tx_monitor] Received Parity is same as calculated Parity
UVM_INFO $DVT_PREDEFINED_PROJECTS/uvm_ref_flow_1.1/soc_verification_lib/sv_cb_ex_lib/interface_uvc_lib/uart/sv/uart_tx_driver.sv(216) @ 52750000: uvm_test_top.ve.uart0.Tx.driver [uart_tx_driver] Frame **2** Sent...
UVM_INFO $DVT_PREDEFINED_PROJECTS/uvm_ref_flow_1.1/soc_verification_lib/sv_cb_ex_lib/interface_uvc_lib/uart/sv/uart_tx_driver.sv(182) @ 52751000: uvm_test_top.ve.uart1.Tx.driver [uart_tx_driver] Driver Sending Frame data bit number:6 value:'b00000000
UVM_INFO $DVT_PREDEFINED_PROJECTS/uvm_ref_flow_1.1/soc_verification_lib/sv_cb_ex_lib/interface_uvc_lib/uart/sv/uart_monitor.sv(211) @ 52751000: uvm_test_top.ve.uart1.Tx.monitor [uart_tx_monitor] Received a Frame data bit:'b0
UVM_INFO $DVT_PREDEFINED_PROJECTS/uvm_ref_flow_1.1/soc_verification_lib/sv_cb_ex_lib/interface_uvc_lib/uart/sv/uart_tx_driver.sv(220) @ 53550000: uvm_test_top.ve.uart0.Tx.driver [uart_tx_driver] Frame complete...
UVM_INFO $DVT_PREDEFINED_PROJECTS/uvm_ref_flow_1.1/soc_verification_lib/sv_cb_ex_lib/interface_uvc_lib/uart/sv/uart_monitor.sv(227) @ 53551000: uvm_test_top.ve.uart0.Tx.monitor [uart_tx_monitor] Received a Stop bit: 'b1
UVM_INFO $DVT_PREDEFINED_PROJECTS/uvm_ref_flow_1.1/soc_verification_lib/sv_cb_ex_lib/interface_uvc_lib/uart/sv/uart_monitor.sv(236) @ 54350000: uvm_test_top.ve.uart0.Tx.monitor [uart_tx_monitor] Collected the following Frame No:2
----------------------------------------------------------------------------------------------------------------------------------------------
Name                            Type                     Size  Value                                                                          
----------------------------------------------------------------------------------------------------------------------------------------------
uart_frame                      uart_frame               -     @14875                                                                         
  start_bit                     integral                 1     'h0                                                                            
  payload                       integral                 8     'h4c                                                                           
  parity                        integral                 1     'h0                                                                            
  stop_bits                     integral                 2     'h1                                                                            
  error_bits                    integral                 4     'h0                                                                            
  parity_type                   parity_e                 1     GOOD_PARITY                                                                    
  transmit_delay                integral                 32    'd11                                                                           
  begin_time                    time                     64    37150000                                                                       
----------------------------------------------------------------------------------------------------------------------------------------------

UVM_INFO $DVT_PREDEFINED_PROJECTS/uvm_ref_flow_1.1/soc_verification_lib/sv_cb_ex_lib/interface_uvc_lib/uart/sv/uart_monitor.sv(175) @ 54350000: uvm_test_top.ve.uart0.Tx.monitor [uart_tx_monitor] trying to detect SOP
UVM_INFO $DVT_PREDEFINED_PROJECTS/uvm_ref_flow_1.1/soc_verification_lib/sv_cb_ex_lib/interface_uvc_lib/uart/sv/uart_tx_driver.sv(156) @ 54350000: uvm_test_top.ve.uart0.Tx.driver [uart_tx_driver] Driver Sending TX Frame...
----------------------------------------------------------------------------------------------------------------------------------------------
Name                            Type                     Size  Value                                                                          
----------------------------------------------------------------------------------------------------------------------------------------------
req                             uart_frame               -     @14793                                                                         
  start_bit                     integral                 1     'h0                                                                            
  payload                       integral                 8     'h4f                                                                           
  parity                        integral                 1     'h0                                                                            
  stop_bits                     integral                 2     'h3                                                                            
  error_bits                    integral                 4     'h0                                                                            
  parity_type                   parity_e                 1     GOOD_PARITY                                                                    
  transmit_delay                integral                 32    'd7                                                                            
  begin_time                    time                     64    54350000                                                                       
  depth                         int                      32    'd4                                                                            
  parent sequence (name)        string                   8     uart_seq                                                                       
  parent sequence (full name)   string                   79    uvm_test_top.ve.virtual_sequencer.lp_shutdown_uart1.lp_shutdown_config.uart_seq
  sequencer                     string                   34    uvm_test_top.ve.uart0.Tx.sequencer                                             
----------------------------------------------------------------------------------------------------------------------------------------------

UVM_INFO $DVT_PREDEFINED_PROJECTS/uvm_ref_flow_1.1/soc_verification_lib/sv_cb_ex_lib/interface_uvc_lib/uart/sv/uart_tx_driver.sv(182) @ 54351000: uvm_test_top.ve.uart1.Tx.driver [uart_tx_driver] Driver Sending Frame data bit number:7 value:'b00000000
UVM_INFO $DVT_PREDEFINED_PROJECTS/uvm_ref_flow_1.1/soc_verification_lib/sv_cb_ex_lib/interface_uvc_lib/uart/sv/uart_monitor.sv(211) @ 54351000: uvm_test_top.ve.uart1.Tx.monitor [uart_tx_monitor] Received a Frame data bit:'b0
UVM_INFO $DVT_PREDEFINED_PROJECTS/uvm_ref_flow_1.1/soc_verification_lib/sv_cb_ex_lib/interface_uvc_lib/uart/sv/uart_tx_driver.sv(189) @ 55951000: uvm_test_top.ve.uart1.Tx.driver [uart_tx_driver] Driver Sending Frame Parity bit:'b1
UVM_INFO $DVT_PREDEFINED_PROJECTS/uvm_ref_flow_1.1/soc_verification_lib/sv_cb_ex_lib/interface_uvc_lib/uart/sv/uart_monitor.sv(211) @ 55951000: uvm_test_top.ve.uart1.Tx.monitor [uart_tx_monitor] Received a Frame data bit:'b0
UVM_INFO $DVT_PREDEFINED_PROJECTS/uvm_ref_flow_1.1/soc_verification_lib/sv_cb_ex_lib/interface_uvc_lib/uart/sv/uart_tx_driver.sv(196) @ 57551000: uvm_test_top.ve.uart1.Tx.driver [uart_tx_driver] Driver Sending Frame Stop bit:'b1
UVM_INFO $DVT_PREDEFINED_PROJECTS/uvm_ref_flow_1.1/soc_verification_lib/sv_cb_ex_lib/interface_uvc_lib/uart/sv/uart_monitor.sv(217) @ 57551000: uvm_test_top.ve.uart1.Tx.monitor [uart_tx_monitor] Received Parity bit:'b1
UVM_INFO $DVT_PREDEFINED_PROJECTS/uvm_ref_flow_1.1/soc_verification_lib/sv_cb_ex_lib/interface_uvc_lib/uart/sv/uart_monitor.sv(219) @ 57551000: uvm_test_top.ve.uart1.Tx.monitor [uart_tx_monitor] Received Parity is same as calculated Parity
UVM_INFO $DVT_PREDEFINED_PROJECTS/uvm_ref_flow_1.1/soc_verification_lib/sv_cb_ex_lib/interface_uvc_lib/uart/sv/uart_tx_driver.sv(216) @ 58350000: uvm_test_top.ve.uart1.Tx.driver [uart_tx_driver] Frame **2** Sent...
UVM_INFO $DVT_PREDEFINED_PROJECTS/uvm_ref_flow_1.1/soc_verification_lib/sv_cb_ex_lib/interface_uvc_lib/uart/sv/uart_tx_driver.sv(220) @ 59150000: uvm_test_top.ve.uart1.Tx.driver [uart_tx_driver] Frame complete...
UVM_INFO $DVT_PREDEFINED_PROJECTS/uvm_ref_flow_1.1/soc_verification_lib/sv_cb_ex_lib/interface_uvc_lib/uart/sv/uart_monitor.sv(227) @ 59151000: uvm_test_top.ve.uart1.Tx.monitor [uart_tx_monitor] Received a Stop bit: 'b1
UVM_INFO $DVT_PREDEFINED_PROJECTS/uvm_ref_flow_1.1/soc_verification_lib/sv_cb_ex_lib/interface_uvc_lib/uart/sv/uart_tx_driver.sv(163) @ 59950000: uvm_test_top.ve.uart0.Tx.driver [uart_tx_driver] Driver - Modem RTS or CTS asserted
UVM_INFO $DVT_PREDEFINED_PROJECTS/uvm_ref_flow_1.1/soc_verification_lib/sv_cb_ex_lib/interface_uvc_lib/uart/sv/uart_monitor.sv(236) @ 59950000: uvm_test_top.ve.uart1.Tx.monitor [uart_tx_monitor] Collected the following Frame No:2
----------------------------------------------------------------------------------------------------------------------------------------------
Name                            Type                     Size  Value                                                                          
----------------------------------------------------------------------------------------------------------------------------------------------
uart_frame                      uart_frame               -     @14890                                                                         
  start_bit                     integral                 1     'h0                                                                            
  payload                       integral                 8     'hc                                                                            
  parity                        integral                 1     'h1                                                                            
  stop_bits                     integral                 2     'h1                                                                            
  error_bits                    integral                 4     'h0                                                                            
  parity_type                   parity_e                 1     GOOD_PARITY                                                                    
  transmit_delay                integral                 32    'd5                                                                            
  begin_time                    time                     64    42750000                                                                       
----------------------------------------------------------------------------------------------------------------------------------------------

UVM_INFO $DVT_PREDEFINED_PROJECTS/uvm_ref_flow_1.1/soc_verification_lib/sv_cb_ex_lib/interface_uvc_lib/uart/sv/uart_monitor.sv(175) @ 59950000: uvm_test_top.ve.uart1.Tx.monitor [uart_tx_monitor] trying to detect SOP
UVM_INFO $DVT_PREDEFINED_PROJECTS/uvm_ref_flow_1.1/soc_verification_lib/sv_cb_ex_lib/interface_uvc_lib/uart/sv/uart_tx_driver.sv(156) @ 59950000: uvm_test_top.ve.uart1.Tx.driver [uart_tx_driver] Driver Sending TX Frame...
----------------------------------------------------------------------------------------------------------------------------------------------
Name                            Type                     Size  Value                                                                          
----------------------------------------------------------------------------------------------------------------------------------------------
req                             uart_frame               -     @14834                                                                         
  start_bit                     integral                 1     'h0                                                                            
  payload                       integral                 8     'hf                                                                            
  parity                        integral                 1     'h1                                                                            
  stop_bits                     integral                 2     'h3                                                                            
  error_bits                    integral                 4     'h0                                                                            
  parity_type                   parity_e                 1     GOOD_PARITY                                                                    
  transmit_delay                integral                 32    'd18                                                                           
  begin_time                    time                     64    59950000                                                                       
  depth                         int                      32    'd4                                                                            
  parent sequence (name)        string                   8     uart_seq                                                                       
  parent sequence (full name)   string                   79    uvm_test_top.ve.virtual_sequencer.lp_shutdown_uart1.lp_shutdown_config.uart_seq
  sequencer                     string                   34    uvm_test_top.ve.uart1.Tx.sequencer                                             
----------------------------------------------------------------------------------------------------------------------------------------------

UVM_INFO $DVT_PREDEFINED_PROJECTS/uvm_ref_flow_1.1/soc_verification_lib/sv_cb_ex_lib/interface_uvc_lib/uart/sv/uart_tx_driver.sv(174) @ 61551000: uvm_test_top.ve.uart0.Tx.driver [uart_tx_driver] Driver Sending Frame SOP: 0
UVM_INFO $DVT_PREDEFINED_PROJECTS/uvm_ref_flow_1.1/soc_verification_lib/sv_cb_ex_lib/interface_uvc_lib/uart/sv/uart_monitor.sv(185) @ 62750000: uvm_test_top.ve.uart0.Tx.monitor [uart_tx_monitor] SOP detected
UVM_INFO $DVT_PREDEFINED_PROJECTS/uvm_ref_flow_1.1/soc_verification_lib/sv_cb_ex_lib/interface_uvc_lib/uart/sv/uart_monitor.sv(194) @ 62750000: uvm_test_top.ve.uart0.Tx.monitor [uart_tx_monitor] Collecting a frame: 3
UVM_INFO $DVT_PREDEFINED_PROJECTS/uvm_ref_flow_1.1/soc_verification_lib/sv_cb_ex_lib/interface_uvc_lib/uart/sv/uart_monitor.sv(145) @ 63150000: uvm_test_top.ve.uart0.Tx.monitor [uart_tx_monitor] sample_clk- resetting ua_brgr
UVM_INFO $DVT_PREDEFINED_PROJECTS/uvm_ref_flow_1.1/soc_verification_lib/sv_cb_ex_lib/interface_uvc_lib/uart/sv/uart_tx_driver.sv(182) @ 63151000: uvm_test_top.ve.uart0.Tx.driver [uart_tx_driver] Driver Sending Frame data bit number:0 value:'b00000001
UVM_INFO $DVT_PREDEFINED_PROJECTS/uvm_ref_flow_1.1/soc_verification_lib/sv_cb_ex_lib/interface_uvc_lib/uart/sv/uart_tx_driver.sv(182) @ 64751000: uvm_test_top.ve.uart0.Tx.driver [uart_tx_driver] Driver Sending Frame data bit number:1 value:'b00000001
UVM_INFO $DVT_PREDEFINED_PROJECTS/uvm_ref_flow_1.1/soc_verification_lib/sv_cb_ex_lib/interface_uvc_lib/uart/sv/uart_monitor.sv(211) @ 64751000: uvm_test_top.ve.uart0.Tx.monitor [uart_tx_monitor] Received a Frame data bit:'b1
UVM_INFO $DVT_PREDEFINED_PROJECTS/uvm_ref_flow_1.1/soc_verification_lib/sv_cb_ex_lib/interface_uvc_lib/uart/sv/uart_tx_driver.sv(182) @ 66351000: uvm_test_top.ve.uart0.Tx.driver [uart_tx_driver] Driver Sending Frame data bit number:2 value:'b00000001
UVM_INFO $DVT_PREDEFINED_PROJECTS/uvm_ref_flow_1.1/soc_verification_lib/sv_cb_ex_lib/interface_uvc_lib/uart/sv/uart_monitor.sv(211) @ 66351000: uvm_test_top.ve.uart0.Tx.monitor [uart_tx_monitor] Received a Frame data bit:'b1
UVM_INFO $DVT_PREDEFINED_PROJECTS/uvm_ref_flow_1.1/soc_verification_lib/sv_cb_ex_lib/interface_uvc_lib/uart/sv/uart_tx_driver.sv(182) @ 67951000: uvm_test_top.ve.uart0.Tx.driver [uart_tx_driver] Driver Sending Frame data bit number:3 value:'b00000001
UVM_INFO $DVT_PREDEFINED_PROJECTS/uvm_ref_flow_1.1/soc_verification_lib/sv_cb_ex_lib/interface_uvc_lib/uart/sv/uart_monitor.sv(211) @ 67951000: uvm_test_top.ve.uart0.Tx.monitor [uart_tx_monitor] Received a Frame data bit:'b1
UVM_INFO $DVT_PREDEFINED_PROJECTS/uvm_ref_flow_1.1/soc_verification_lib/sv_cb_ex_lib/interface_uvc_lib/uart/sv/uart_tx_driver.sv(182) @ 69551000: uvm_test_top.ve.uart0.Tx.driver [uart_tx_driver] Driver Sending Frame data bit number:4 value:'b00000000
UVM_INFO $DVT_PREDEFINED_PROJECTS/uvm_ref_flow_1.1/soc_verification_lib/sv_cb_ex_lib/interface_uvc_lib/uart/sv/uart_monitor.sv(211) @ 69551000: uvm_test_top.ve.uart0.Tx.monitor [uart_tx_monitor] Received a Frame data bit:'b1
UVM_INFO $DVT_PREDEFINED_PROJECTS/uvm_ref_flow_1.1/soc_verification_lib/sv_cb_ex_lib/interface_uvc_lib/uart/sv/uart_tx_driver.sv(182) @ 71151000: uvm_test_top.ve.uart0.Tx.driver [uart_tx_driver] Driver Sending Frame data bit number:5 value:'b00000000
UVM_INFO $DVT_PREDEFINED_PROJECTS/uvm_ref_flow_1.1/soc_verification_lib/sv_cb_ex_lib/interface_uvc_lib/uart/sv/uart_monitor.sv(211) @ 71151000: uvm_test_top.ve.uart0.Tx.monitor [uart_tx_monitor] Received a Frame data bit:'b0
UVM_INFO $DVT_PREDEFINED_PROJECTS/uvm_ref_flow_1.1/soc_verification_lib/sv_cb_ex_lib/interface_uvc_lib/uart/sv/uart_tx_driver.sv(182) @ 72751000: uvm_test_top.ve.uart0.Tx.driver [uart_tx_driver] Driver Sending Frame data bit number:6 value:'b00000001
UVM_INFO $DVT_PREDEFINED_PROJECTS/uvm_ref_flow_1.1/soc_verification_lib/sv_cb_ex_lib/interface_uvc_lib/uart/sv/uart_monitor.sv(211) @ 72751000: uvm_test_top.ve.uart0.Tx.monitor [uart_tx_monitor] Received a Frame data bit:'b0
UVM_INFO $DVT_PREDEFINED_PROJECTS/uvm_ref_flow_1.1/soc_verification_lib/sv_cb_ex_lib/interface_uvc_lib/uart/sv/uart_tx_driver.sv(163) @ 74350000: uvm_test_top.ve.uart1.Tx.driver [uart_tx_driver] Driver - Modem RTS or CTS asserted
UVM_INFO $DVT_PREDEFINED_PROJECTS/uvm_ref_flow_1.1/soc_verification_lib/sv_cb_ex_lib/interface_uvc_lib/uart/sv/uart_tx_driver.sv(182) @ 74351000: uvm_test_top.ve.uart0.Tx.driver [uart_tx_driver] Driver Sending Frame data bit number:7 value:'b00000000
UVM_INFO $DVT_PREDEFINED_PROJECTS/uvm_ref_flow_1.1/soc_verification_lib/sv_cb_ex_lib/interface_uvc_lib/uart/sv/uart_monitor.sv(211) @ 74351000: uvm_test_top.ve.uart0.Tx.monitor [uart_tx_monitor] Received a Frame data bit:'b1
UVM_INFO $DVT_PREDEFINED_PROJECTS/uvm_ref_flow_1.1/soc_verification_lib/sv_cb_ex_lib/interface_uvc_lib/uart/sv/uart_tx_driver.sv(174) @ 75151000: uvm_test_top.ve.uart1.Tx.driver [uart_tx_driver] Driver Sending Frame SOP: 0
UVM_INFO $DVT_PREDEFINED_PROJECTS/uvm_ref_flow_1.1/soc_verification_lib/sv_cb_ex_lib/interface_uvc_lib/uart/sv/uart_tx_driver.sv(189) @ 75951000: uvm_test_top.ve.uart0.Tx.driver [uart_tx_driver] Driver Sending Frame Parity bit:'b0
UVM_INFO $DVT_PREDEFINED_PROJECTS/uvm_ref_flow_1.1/soc_verification_lib/sv_cb_ex_lib/interface_uvc_lib/uart/sv/uart_monitor.sv(211) @ 75951000: uvm_test_top.ve.uart0.Tx.monitor [uart_tx_monitor] Received a Frame data bit:'b0
UVM_INFO $DVT_PREDEFINED_PROJECTS/uvm_ref_flow_1.1/soc_verification_lib/sv_cb_ex_lib/interface_uvc_lib/uart/sv/uart_monitor.sv(185) @ 76350000: uvm_test_top.ve.uart1.Tx.monitor [uart_tx_monitor] SOP detected
UVM_INFO $DVT_PREDEFINED_PROJECTS/uvm_ref_flow_1.1/soc_verification_lib/sv_cb_ex_lib/interface_uvc_lib/uart/sv/uart_monitor.sv(194) @ 76350000: uvm_test_top.ve.uart1.Tx.monitor [uart_tx_monitor] Collecting a frame: 3
UVM_INFO $DVT_PREDEFINED_PROJECTS/uvm_ref_flow_1.1/soc_verification_lib/sv_cb_ex_lib/interface_uvc_lib/uart/sv/uart_monitor.sv(145) @ 76750000: uvm_test_top.ve.uart1.Tx.monitor [uart_tx_monitor] sample_clk- resetting ua_brgr
UVM_INFO $DVT_PREDEFINED_PROJECTS/uvm_ref_flow_1.1/soc_verification_lib/sv_cb_ex_lib/interface_uvc_lib/uart/sv/uart_tx_driver.sv(182) @ 76751000: uvm_test_top.ve.uart1.Tx.driver [uart_tx_driver] Driver Sending Frame data bit number:0 value:'b00000001
UVM_INFO $DVT_PREDEFINED_PROJECTS/uvm_ref_flow_1.1/soc_verification_lib/sv_cb_ex_lib/interface_uvc_lib/uart/sv/uart_tx_driver.sv(196) @ 77551000: uvm_test_top.ve.uart0.Tx.driver [uart_tx_driver] Driver Sending Frame Stop bit:'b1
UVM_INFO $DVT_PREDEFINED_PROJECTS/uvm_ref_flow_1.1/soc_verification_lib/sv_cb_ex_lib/interface_uvc_lib/uart/sv/uart_monitor.sv(217) @ 77551000: uvm_test_top.ve.uart0.Tx.monitor [uart_tx_monitor] Received Parity bit:'b0
UVM_INFO $DVT_PREDEFINED_PROJECTS/uvm_ref_flow_1.1/soc_verification_lib/sv_cb_ex_lib/interface_uvc_lib/uart/sv/uart_monitor.sv(219) @ 77551000: uvm_test_top.ve.uart0.Tx.monitor [uart_tx_monitor] Received Parity is same as calculated Parity
UVM_INFO $DVT_PREDEFINED_PROJECTS/uvm_ref_flow_1.1/soc_verification_lib/sv_cb_ex_lib/interface_uvc_lib/uart/sv/uart_tx_driver.sv(216) @ 78350000: uvm_test_top.ve.uart0.Tx.driver [uart_tx_driver] Frame **3** Sent...
UVM_INFO $DVT_PREDEFINED_PROJECTS/uvm_ref_flow_1.1/soc_verification_lib/sv_cb_ex_lib/interface_uvc_lib/uart/sv/uart_tx_driver.sv(182) @ 78351000: uvm_test_top.ve.uart1.Tx.driver [uart_tx_driver] Driver Sending Frame data bit number:1 value:'b00000001
UVM_INFO $DVT_PREDEFINED_PROJECTS/uvm_ref_flow_1.1/soc_verification_lib/sv_cb_ex_lib/interface_uvc_lib/uart/sv/uart_monitor.sv(211) @ 78351000: uvm_test_top.ve.uart1.Tx.monitor [uart_tx_monitor] Received a Frame data bit:'b1
UVM_INFO $DVT_PREDEFINED_PROJECTS/uvm_ref_flow_1.1/soc_verification_lib/sv_cb_ex_lib/interface_uvc_lib/uart/sv/uart_tx_driver.sv(220) @ 79150000: uvm_test_top.ve.uart0.Tx.driver [uart_tx_driver] Frame complete...
UVM_INFO $DVT_PREDEFINED_PROJECTS/uvm_ref_flow_1.1/soc_verification_lib/sv_cb_ex_lib/interface_uvc_lib/uart/sv/uart_monitor.sv(227) @ 79151000: uvm_test_top.ve.uart0.Tx.monitor [uart_tx_monitor] Received a Stop bit: 'b1
UVM_INFO $DVT_PREDEFINED_PROJECTS/uvm_ref_flow_1.1/soc_verification_lib/sv_cb_ex_lib/interface_uvc_lib/uart/sv/uart_monitor.sv(236) @ 79950000: uvm_test_top.ve.uart0.Tx.monitor [uart_tx_monitor] Collected the following Frame No:3
----------------------------------------------------------------------------------------------------------------------------------------------
Name                            Type                     Size  Value                                                                          
----------------------------------------------------------------------------------------------------------------------------------------------
uart_frame                      uart_frame               -     @14784                                                                         
  start_bit                     integral                 1     'h0                                                                            
  payload                       integral                 8     'h4f                                                                           
  parity                        integral                 1     'h0                                                                            
  stop_bits                     integral                 2     'h1                                                                            
  error_bits                    integral                 4     'h0                                                                            
  parity_type                   parity_e                 1     GOOD_PARITY                                                                    
  transmit_delay                integral                 32    'd11                                                                           
  begin_time                    time                     64    62750000                                                                       
----------------------------------------------------------------------------------------------------------------------------------------------

UVM_INFO $DVT_PREDEFINED_PROJECTS/uvm_ref_flow_1.1/soc_verification_lib/sv_cb_ex_lib/interface_uvc_lib/uart/sv/uart_monitor.sv(175) @ 79950000: uvm_test_top.ve.uart0.Tx.monitor [uart_tx_monitor] trying to detect SOP
UVM_INFO $DVT_PREDEFINED_PROJECTS/uvm_ref_flow_1.1/soc_verification_lib/sv_cb_ex_lib/interface_uvc_lib/uart/sv/uart_tx_driver.sv(182) @ 79951000: uvm_test_top.ve.uart1.Tx.driver [uart_tx_driver] Driver Sending Frame data bit number:2 value:'b00000001
UVM_INFO $DVT_PREDEFINED_PROJECTS/uvm_ref_flow_1.1/soc_verification_lib/sv_cb_ex_lib/interface_uvc_lib/uart/sv/uart_monitor.sv(211) @ 79951000: uvm_test_top.ve.uart1.Tx.monitor [uart_tx_monitor] Received a Frame data bit:'b1
UVM_INFO $DVT_PREDEFINED_PROJECTS/uvm_ref_flow_1.1/soc_verification_lib/sv_cb_ex_lib/interface_uvc_lib/uart/sv/uart_tx_driver.sv(182) @ 81551000: uvm_test_top.ve.uart1.Tx.driver [uart_tx_driver] Driver Sending Frame data bit number:3 value:'b00000001
UVM_INFO $DVT_PREDEFINED_PROJECTS/uvm_ref_flow_1.1/soc_verification_lib/sv_cb_ex_lib/interface_uvc_lib/uart/sv/uart_monitor.sv(211) @ 81551000: uvm_test_top.ve.uart1.Tx.monitor [uart_tx_monitor] Received a Frame data bit:'b1
UVM_INFO $DVT_PREDEFINED_PROJECTS/uvm_ref_flow_1.1/soc_verification_lib/sv_cb_ex_lib/interface_uvc_lib/uart/sv/uart_tx_driver.sv(182) @ 83151000: uvm_test_top.ve.uart1.Tx.driver [uart_tx_driver] Driver Sending Frame data bit number:4 value:'b00000000
UVM_INFO $DVT_PREDEFINED_PROJECTS/uvm_ref_flow_1.1/soc_verification_lib/sv_cb_ex_lib/interface_uvc_lib/uart/sv/uart_monitor.sv(211) @ 83151000: uvm_test_top.ve.uart1.Tx.monitor [uart_tx_monitor] Received a Frame data bit:'b1
UVM_INFO $DVT_PREDEFINED_PROJECTS/uvm_ref_flow_1.1/soc_verification_lib/sv_cb_ex_lib/interface_uvc_lib/uart/sv/uart_tx_driver.sv(182) @ 84751000: uvm_test_top.ve.uart1.Tx.driver [uart_tx_driver] Driver Sending Frame data bit number:5 value:'b00000000
UVM_INFO $DVT_PREDEFINED_PROJECTS/uvm_ref_flow_1.1/soc_verification_lib/sv_cb_ex_lib/interface_uvc_lib/uart/sv/uart_monitor.sv(211) @ 84751000: uvm_test_top.ve.uart1.Tx.monitor [uart_tx_monitor] Received a Frame data bit:'b0
UVM_INFO $DVT_PREDEFINED_PROJECTS/uvm_ref_flow_1.1/soc_verification_lib/sv_cb_ex_lib/interface_uvc_lib/uart/sv/uart_tx_driver.sv(182) @ 86351000: uvm_test_top.ve.uart1.Tx.driver [uart_tx_driver] Driver Sending Frame data bit number:6 value:'b00000000
UVM_INFO $DVT_PREDEFINED_PROJECTS/uvm_ref_flow_1.1/soc_verification_lib/sv_cb_ex_lib/interface_uvc_lib/uart/sv/uart_monitor.sv(211) @ 86351000: uvm_test_top.ve.uart1.Tx.monitor [uart_tx_monitor] Received a Frame data bit:'b0
UVM_INFO $DVT_PREDEFINED_PROJECTS/uvm_ref_flow_1.1/soc_verification_lib/sv_cb_ex_lib/interface_uvc_lib/uart/sv/uart_tx_driver.sv(182) @ 87951000: uvm_test_top.ve.uart1.Tx.driver [uart_tx_driver] Driver Sending Frame data bit number:7 value:'b00000000
UVM_INFO $DVT_PREDEFINED_PROJECTS/uvm_ref_flow_1.1/soc_verification_lib/sv_cb_ex_lib/interface_uvc_lib/uart/sv/uart_monitor.sv(211) @ 87951000: uvm_test_top.ve.uart1.Tx.monitor [uart_tx_monitor] Received a Frame data bit:'b0
UVM_INFO $DVT_PREDEFINED_PROJECTS/uvm_ref_flow_1.1/soc_verification_lib/sv_cb_ex_lib/interface_uvc_lib/uart/sv/uart_tx_driver.sv(189) @ 89551000: uvm_test_top.ve.uart1.Tx.driver [uart_tx_driver] Driver Sending Frame Parity bit:'b1
UVM_INFO $DVT_PREDEFINED_PROJECTS/uvm_ref_flow_1.1/soc_verification_lib/sv_cb_ex_lib/interface_uvc_lib/uart/sv/uart_monitor.sv(211) @ 89551000: uvm_test_top.ve.uart1.Tx.monitor [uart_tx_monitor] Received a Frame data bit:'b0
UVM_INFO $DVT_PREDEFINED_PROJECTS/uvm_ref_flow_1.1/soc_verification_lib/sv_cb_ex_lib/interface_uvc_lib/uart/sv/uart_tx_driver.sv(196) @ 91151000: uvm_test_top.ve.uart1.Tx.driver [uart_tx_driver] Driver Sending Frame Stop bit:'b1
UVM_INFO $DVT_PREDEFINED_PROJECTS/uvm_ref_flow_1.1/soc_verification_lib/sv_cb_ex_lib/interface_uvc_lib/uart/sv/uart_monitor.sv(217) @ 91151000: uvm_test_top.ve.uart1.Tx.monitor [uart_tx_monitor] Received Parity bit:'b1
UVM_INFO $DVT_PREDEFINED_PROJECTS/uvm_ref_flow_1.1/soc_verification_lib/sv_cb_ex_lib/interface_uvc_lib/uart/sv/uart_monitor.sv(219) @ 91151000: uvm_test_top.ve.uart1.Tx.monitor [uart_tx_monitor] Received Parity is same as calculated Parity
UVM_INFO $DVT_PREDEFINED_PROJECTS/uvm_ref_flow_1.1/soc_verification_lib/sv_cb_ex_lib/interface_uvc_lib/uart/sv/uart_tx_driver.sv(216) @ 91950000: uvm_test_top.ve.uart1.Tx.driver [uart_tx_driver] Frame **3** Sent...
UVM_INFO $DVT_PREDEFINED_PROJECTS/uvm_ref_flow_1.1/soc_verification_lib/sv_cb_ex_lib/interface_uvc_lib/uart/sv/uart_tx_driver.sv(220) @ 92750000: uvm_test_top.ve.uart1.Tx.driver [uart_tx_driver] Frame complete...
UVM_INFO $DVT_PREDEFINED_PROJECTS/uvm_ref_flow_1.1/soc_verification_lib/sv_cb_ex_lib/interface_uvc_lib/uart/sv/uart_monitor.sv(227) @ 92751000: uvm_test_top.ve.uart1.Tx.monitor [uart_tx_monitor] Received a Stop bit: 'b1
UVM_INFO $DVT_PREDEFINED_PROJECTS/uvm_ref_flow_1.1/soc_verification_lib/sv_cb_ex_lib/interface_uvc_lib/uart/sv/uart_monitor.sv(236) @ 93550000: uvm_test_top.ve.uart1.Tx.monitor [uart_tx_monitor] Collected the following Frame No:3
----------------------------------------------------------------------------------------------------------------------------------------------
Name                            Type                     Size  Value                                                                          
----------------------------------------------------------------------------------------------------------------------------------------------
uart_frame                      uart_frame               -     @14766                                                                         
  start_bit                     integral                 1     'h0                                                                            
  payload                       integral                 8     'hf                                                                            
  parity                        integral                 1     'h1                                                                            
  stop_bits                     integral                 2     'h1                                                                            
  error_bits                    integral                 4     'h0                                                                            
  parity_type                   parity_e                 1     GOOD_PARITY                                                                    
  transmit_delay                integral                 32    'd21                                                                           
  begin_time                    time                     64    76350000                                                                       
----------------------------------------------------------------------------------------------------------------------------------------------

UVM_INFO $DVT_PREDEFINED_PROJECTS/uvm_ref_flow_1.1/soc_verification_lib/sv_cb_ex_lib/interface_uvc_lib/uart/sv/uart_monitor.sv(175) @ 93550000: uvm_test_top.ve.uart1.Tx.monitor [uart_tx_monitor] trying to detect SOP
UVM_INFO $DVT_PREDEFINED_PROJECTS/uvm_ref_flow_1.1/soc_verification_lib/sv_cb_ex_lib/interface_uvc_lib/uart/sv/uart_tx_driver.sv(156) @ 93550000: uvm_test_top.ve.uart1.Tx.driver [uart_tx_driver] Driver Sending TX Frame...
----------------------------------------------------------------------------------------------------------------------------------------------
Name                            Type                     Size  Value                                                                          
----------------------------------------------------------------------------------------------------------------------------------------------
req                             uart_frame               -     @14741                                                                         
  start_bit                     integral                 1     'h0                                                                            
  payload                       integral                 8     'h12                                                                           
  parity                        integral                 1     'h1                                                                            
  stop_bits                     integral                 2     'h3                                                                            
  error_bits                    integral                 4     'h0                                                                            
  parity_type                   parity_e                 1     GOOD_PARITY                                                                    
  transmit_delay                integral                 32    'd2                                                                            
  begin_time                    time                     64    93550000                                                                       
  depth                         int                      32    'd4                                                                            
  parent sequence (name)        string                   8     uart_seq                                                                       
  parent sequence (full name)   string                   79    uvm_test_top.ve.virtual_sequencer.lp_shutdown_uart1.lp_shutdown_config.uart_seq
  sequencer                     string                   34    uvm_test_top.ve.uart1.Tx.sequencer                                             
----------------------------------------------------------------------------------------------------------------------------------------------

UVM_INFO $DVT_PREDEFINED_PROJECTS/uvm_ref_flow_1.1/soc_verification_lib/sv_cb_ex_lib/interface_uvc_lib/uart/sv/uart_tx_driver.sv(163) @ 95150000: uvm_test_top.ve.uart1.Tx.driver [uart_tx_driver] Driver - Modem RTS or CTS asserted
UVM_INFO $DVT_PREDEFINED_PROJECTS/uvm_ref_flow_1.1/soc_verification_lib/sv_cb_ex_lib/interface_uvc_lib/uart/sv/uart_tx_driver.sv(174) @ 95951000: uvm_test_top.ve.uart1.Tx.driver [uart_tx_driver] Driver Sending Frame SOP: 0
UVM_INFO $DVT_PREDEFINED_PROJECTS/uvm_ref_flow_1.1/soc_verification_lib/sv_cb_ex_lib/interface_uvc_lib/uart/sv/uart_monitor.sv(185) @ 97150000: uvm_test_top.ve.uart1.Tx.monitor [uart_tx_monitor] SOP detected
UVM_INFO $DVT_PREDEFINED_PROJECTS/uvm_ref_flow_1.1/soc_verification_lib/sv_cb_ex_lib/interface_uvc_lib/uart/sv/uart_monitor.sv(194) @ 97150000: uvm_test_top.ve.uart1.Tx.monitor [uart_tx_monitor] Collecting a frame: 4
UVM_INFO $DVT_PREDEFINED_PROJECTS/uvm_ref_flow_1.1/soc_verification_lib/sv_cb_ex_lib/interface_uvc_lib/uart/sv/uart_monitor.sv(145) @ 97550000: uvm_test_top.ve.uart1.Tx.monitor [uart_tx_monitor] sample_clk- resetting ua_brgr
UVM_INFO $DVT_PREDEFINED_PROJECTS/uvm_ref_flow_1.1/soc_verification_lib/sv_cb_ex_lib/interface_uvc_lib/uart/sv/uart_tx_driver.sv(182) @ 97551000: uvm_test_top.ve.uart1.Tx.driver [uart_tx_driver] Driver Sending Frame data bit number:0 value:'b00000000
UVM_INFO $DVT_PREDEFINED_PROJECTS/uvm_ref_flow_1.1/soc_verification_lib/sv_cb_ex_lib/interface_uvc_lib/uart/sv/uart_tx_driver.sv(182) @ 99151000: uvm_test_top.ve.uart1.Tx.driver [uart_tx_driver] Driver Sending Frame data bit number:1 value:'b00000001
UVM_INFO $DVT_PREDEFINED_PROJECTS/uvm_ref_flow_1.1/soc_verification_lib/sv_cb_ex_lib/interface_uvc_lib/uart/sv/uart_monitor.sv(211) @ 99151000: uvm_test_top.ve.uart1.Tx.monitor [uart_tx_monitor] Received a Frame data bit:'b0
UVM_INFO $DVT_PREDEFINED_PROJECTS/uvm_ref_flow_1.1/soc_verification_lib/sv_cb_ex_lib/interface_uvc_lib/uart/sv/uart_tx_driver.sv(182) @ 100751000: uvm_test_top.ve.uart1.Tx.driver [uart_tx_driver] Driver Sending Frame data bit number:2 value:'b00000000
UVM_INFO $DVT_PREDEFINED_PROJECTS/uvm_ref_flow_1.1/soc_verification_lib/sv_cb_ex_lib/interface_uvc_lib/uart/sv/uart_monitor.sv(211) @ 100751000: uvm_test_top.ve.uart1.Tx.monitor [uart_tx_monitor] Received a Frame data bit:'b1
UVM_INFO $DVT_PREDEFINED_PROJECTS/uvm_ref_flow_1.1/soc_verification_lib/sv_cb_ex_lib/interface_uvc_lib/uart/sv/uart_tx_driver.sv(182) @ 102351000: uvm_test_top.ve.uart1.Tx.driver [uart_tx_driver] Driver Sending Frame data bit number:3 value:'b00000000
UVM_INFO $DVT_PREDEFINED_PROJECTS/uvm_ref_flow_1.1/soc_verification_lib/sv_cb_ex_lib/interface_uvc_lib/uart/sv/uart_monitor.sv(211) @ 102351000: uvm_test_top.ve.uart1.Tx.monitor [uart_tx_monitor] Received a Frame data bit:'b0
UVM_INFO $DVT_PREDEFINED_PROJECTS/uvm_ref_flow_1.1/soc_verification_lib/sv_cb_ex_lib/interface_uvc_lib/uart/sv/uart_tx_driver.sv(182) @ 103951000: uvm_test_top.ve.uart1.Tx.driver [uart_tx_driver] Driver Sending Frame data bit number:4 value:'b00000001
UVM_INFO $DVT_PREDEFINED_PROJECTS/uvm_ref_flow_1.1/soc_verification_lib/sv_cb_ex_lib/interface_uvc_lib/uart/sv/uart_monitor.sv(211) @ 103951000: uvm_test_top.ve.uart1.Tx.monitor [uart_tx_monitor] Received a Frame data bit:'b0
UVM_INFO $DVT_PREDEFINED_PROJECTS/uvm_ref_flow_1.1/soc_verification_lib/sv_cb_ex_lib/interface_uvc_lib/uart/sv/uart_tx_driver.sv(182) @ 105551000: uvm_test_top.ve.uart1.Tx.driver [uart_tx_driver] Driver Sending Frame data bit number:5 value:'b00000000
UVM_INFO $DVT_PREDEFINED_PROJECTS/uvm_ref_flow_1.1/soc_verification_lib/sv_cb_ex_lib/interface_uvc_lib/uart/sv/uart_monitor.sv(211) @ 105551000: uvm_test_top.ve.uart1.Tx.monitor [uart_tx_monitor] Received a Frame data bit:'b1
UVM_INFO $DVT_PREDEFINED_PROJECTS/uvm_ref_flow_1.1/soc_verification_lib/sv_cb_ex_lib/interface_uvc_lib/uart/sv/uart_tx_driver.sv(182) @ 107151000: uvm_test_top.ve.uart1.Tx.driver [uart_tx_driver] Driver Sending Frame data bit number:6 value:'b00000000
UVM_INFO $DVT_PREDEFINED_PROJECTS/uvm_ref_flow_1.1/soc_verification_lib/sv_cb_ex_lib/interface_uvc_lib/uart/sv/uart_monitor.sv(211) @ 107151000: uvm_test_top.ve.uart1.Tx.monitor [uart_tx_monitor] Received a Frame data bit:'b0
UVM_INFO $DVT_PREDEFINED_PROJECTS/uvm_ref_flow_1.1/soc_verification_lib/sv_cb_ex_lib/interface_uvc_lib/uart/sv/uart_tx_driver.sv(182) @ 108751000: uvm_test_top.ve.uart1.Tx.driver [uart_tx_driver] Driver Sending Frame data bit number:7 value:'b00000000
UVM_INFO $DVT_PREDEFINED_PROJECTS/uvm_ref_flow_1.1/soc_verification_lib/sv_cb_ex_lib/interface_uvc_lib/uart/sv/uart_monitor.sv(211) @ 108751000: uvm_test_top.ve.uart1.Tx.monitor [uart_tx_monitor] Received a Frame data bit:'b0
UVM_INFO $DVT_PREDEFINED_PROJECTS/uvm_ref_flow_1.1/soc_verification_lib/sv_cb_ex_lib/interface_uvc_lib/uart/sv/uart_tx_driver.sv(189) @ 110351000: uvm_test_top.ve.uart1.Tx.driver [uart_tx_driver] Driver Sending Frame Parity bit:'b1
UVM_INFO $DVT_PREDEFINED_PROJECTS/uvm_ref_flow_1.1/soc_verification_lib/sv_cb_ex_lib/interface_uvc_lib/uart/sv/uart_monitor.sv(211) @ 110351000: uvm_test_top.ve.uart1.Tx.monitor [uart_tx_monitor] Received a Frame data bit:'b0
UVM_INFO $DVT_PREDEFINED_PROJECTS/uvm_ref_flow_1.1/soc_verification_lib/sv_cb_ex_lib/interface_uvc_lib/uart/sv/uart_tx_driver.sv(196) @ 111951000: uvm_test_top.ve.uart1.Tx.driver [uart_tx_driver] Driver Sending Frame Stop bit:'b1
UVM_INFO $DVT_PREDEFINED_PROJECTS/uvm_ref_flow_1.1/soc_verification_lib/sv_cb_ex_lib/interface_uvc_lib/uart/sv/uart_monitor.sv(217) @ 111951000: uvm_test_top.ve.uart1.Tx.monitor [uart_tx_monitor] Received Parity bit:'b1
UVM_INFO $DVT_PREDEFINED_PROJECTS/uvm_ref_flow_1.1/soc_verification_lib/sv_cb_ex_lib/interface_uvc_lib/uart/sv/uart_monitor.sv(219) @ 111951000: uvm_test_top.ve.uart1.Tx.monitor [uart_tx_monitor] Received Parity is same as calculated Parity
UVM_INFO $DVT_PREDEFINED_PROJECTS/uvm_ref_flow_1.1/soc_verification_lib/sv_cb_ex_lib/interface_uvc_lib/uart/sv/uart_tx_driver.sv(216) @ 112750000: uvm_test_top.ve.uart1.Tx.driver [uart_tx_driver] Frame **4** Sent...
UVM_INFO $DVT_PREDEFINED_PROJECTS/uvm_ref_flow_1.1/soc_verification_lib/sv_cb_ex_lib/interface_uvc_lib/uart/sv/uart_tx_driver.sv(220) @ 113550000: uvm_test_top.ve.uart1.Tx.driver [uart_tx_driver] Frame complete...
UVM_INFO $DVT_PREDEFINED_PROJECTS/uvm_ref_flow_1.1/soc_verification_lib/sv_cb_ex_lib/interface_uvc_lib/uart/sv/uart_monitor.sv(227) @ 113551000: uvm_test_top.ve.uart1.Tx.monitor [uart_tx_monitor] Received a Stop bit: 'b1
UVM_INFO $DVT_PREDEFINED_PROJECTS/uvm_ref_flow_1.1/soc_verification_lib/sv_cb_ex_lib/interface_uvc_lib/uart/sv/uart_monitor.sv(236) @ 114350000: uvm_test_top.ve.uart1.Tx.monitor [uart_tx_monitor] Collected the following Frame No:4
----------------------------------------------------------------------------------------------------------------------------------------------
Name                            Type                     Size  Value                                                                          
----------------------------------------------------------------------------------------------------------------------------------------------
uart_frame                      uart_frame               -     @14828                                                                         
  start_bit                     integral                 1     'h0                                                                            
  payload                       integral                 8     'h12                                                                           
  parity                        integral                 1     'h1                                                                            
  stop_bits                     integral                 2     'h1                                                                            
  error_bits                    integral                 4     'h0                                                                            
  parity_type                   parity_e                 1     GOOD_PARITY                                                                    
  transmit_delay                integral                 32    'd5                                                                            
  begin_time                    time                     64    97150000                                                                       
----------------------------------------------------------------------------------------------------------------------------------------------

UVM_INFO $DVT_PREDEFINED_PROJECTS/uvm_ref_flow_1.1/soc_verification_lib/sv_cb_ex_lib/interface_uvc_lib/uart/sv/uart_monitor.sv(175) @ 114350000: uvm_test_top.ve.uart1.Tx.monitor [uart_tx_monitor] trying to detect SOP
UVM_INFO $DVT_PREDEFINED_PROJECTS/uvm_ref_flow_1.1/soc_verification_lib/sv_cb_ex_lib/interface_uvc_lib/ahb/sv/ahb_master_driver.sv(128) @ 114750000: uvm_test_top.ve.ahb0.master_agent.driver [ahb_master_driver] Item 11 Sent ...
UVM_INFO $DVT_PREDEFINED_PROJECTS/uvm_ref_flow_1.1/soc_verification_lib/sv_cb_ex_lib/apb_subsystem/sv/sequence_lib/apb_subsystem_seq_lib.sv(199) @ 114750000: uvm_test_top.ve.ahb0.master_agent.sequencer@@lp_shutdown_uart1.lp_shutdown_config.rd_rx_fifo [SEQ] Read RX_FIFO_REG DATA is `x0
UVM_INFO $DVT_PREDEFINED_PROJECTS/uvm_ref_flow_1.1/soc_verification_lib/sv_cb_ex_lib/interface_uvc_lib/apb/sv/apb_monitor.sv(129) @ 115050000: uvm_test_top.ve.apb0.bus_monitor [apb_monitor] Address Phase Complete: 00810000[APB_READ]
UVM_INFO $DVT_PREDEFINED_PROJECTS/uvm_ref_flow_1.1/soc_verification_lib/sv_cb_ex_lib/interface_uvc_lib/apb/sv/apb_monitor.sv(145) @ 115150000: uvm_test_top.ve.apb0.bus_monitor [apb_monitor] Transaction Collected:
----------------------------------------------------------------------------------------------------------------------------------------------
Name                            Type                     Size  Value                                                                          
----------------------------------------------------------------------------------------------------------------------------------------------
trans_collected                 apb_transfer             -     @14866                                                                         
  addr                          integral                 32    'h810000                                                                       
  direction                     apb_direction_enum       32    APB_READ                                                                       
  data                          integral                 32    'h49                                                                           
  master                        string                   6     master                                                                         
  slave                         string                   5     uart0                                                                          
  begin_time                    time                     64    114950000                                                                      
  end_time                      time                     64    115150000                                                                      
----------------------------------------------------------------------------------------------------------------------------------------------

UVM_INFO $DVT_PREDEFINED_PROJECTS/uvm_ref_flow_1.1/soc_verification_lib/sv_cb_ex_lib/uart_ctrl/sv/uart_ctrl_env.sv(129) @ 115150000: uvm_test_top.ve.apb_ss_env.apb_uart0 [uart_ctrl_env] APB_READ: addr = 'h810000, data = 'h49
UVM_INFO $DVT_PREDEFINED_PROJECTS/uvm_ref_flow_1.1/soc_verification_lib/sv_cb_ex_lib/uart_ctrl/sv/uart_ctrl_scoreboard.sv(159) @ 115150000: uvm_test_top.ve.apb_ss_env.apb_uart0.monitor.rx_scbd [SCRBD] write_apb called with addr = 'h810000 and data = 'h49
UVM_INFO $DVT_PREDEFINED_PROJECTS/uvm_ref_flow_1.1/soc_verification_lib/sv_cb_ex_lib/uart_ctrl/sv/uart_ctrl_scoreboard.sv(83) @ 115150000: uvm_test_top.ve.apb_ss_env.apb_uart0.monitor.tx_scbd [SCRBD] ####### PASS : APB RECEIVED CORRECT DATA from uart0  expected = 'h49, received = 'h49
UVM_INFO $DVT_PREDEFINED_PROJECTS/uvm_ref_flow_1.1/soc_verification_lib/sv_cb_ex_lib/uart_ctrl/sv/uart_ctrl_scoreboard.sv(159) @ 115150000: uvm_test_top.ve.apb_ss_env.apb_uart1.monitor.rx_scbd [SCRBD] write_apb called with addr = 'h810000 and data = 'h49
UVM_INFO $DVT_PREDEFINED_PROJECTS/uvm_ref_flow_1.1/soc_verification_lib/sv_cb_ex_lib/interface_uvc_lib/apb/sv/apb_collector.sv(139) @ 115150000: uvm_test_top.ve.apb0.bus_collector [apb_collector] Transfer collected :
----------------------------------------------------------------------------------------------------------------------------------------------
Name                            Type                     Size  Value                                                                          
----------------------------------------------------------------------------------------------------------------------------------------------
trans_collected                 apb_transfer             -     @8188                                                                          
  addr                          integral                 32    'h810000                                                                       
  direction                     apb_direction_enum       32    APB_READ                                                                       
  data                          integral                 32    'h49                                                                           
  master                        string                   6     master                                                                         
  slave                         string                   5     uart0                                                                          
  begin_time                    time                     64    114950000                                                                      
  end_time                      time                     64    115150000                                                                      
----------------------------------------------------------------------------------------------------------------------------------------------

UVM_INFO $DVT_PREDEFINED_PROJECTS/uvm_ref_flow_1.1/soc_verification_lib/sv_cb_ex_lib/interface_uvc_lib/ahb/sv/ahb_master_monitor.sv(134) @ 115350000: uvm_test_top.ve.ahb0.master_agent.monitor [ahb_monitor] master transfer collected :
----------------------------------------------------------------------------------------------------------------------------------------------
Name                            Type                     Size  Value                                                                          
----------------------------------------------------------------------------------------------------------------------------------------------
transfer                        ahb_transfer             -     @14635                                                                         
  data                          integral                 32    'h4X                                                                           
  address                       integral                 32    'h810000                                                                       
  direction                     ahb_direction            1     READ                                                                           
  hsize                         ahb_transfer_size        3     BYTE                                                                           
  burst                         ahb_burst_kind           3     SINGLE                                                                         
  prot                          integral                 4     'h0x                                                                           
  begin_time                    time                     64    114750000                                                                      
  end_time                      time                     64    115350000                                                                      
----------------------------------------------------------------------------------------------------------------------------------------------

UVM_INFO $DVT_PREDEFINED_PROJECTS/uvm_ref_flow_1.1/soc_verification_lib/sv_cb_ex_lib/apb_subsystem/sv/ahb_user_monitor.sv(50) @ 115350000: uvm_test_top.ve.ahb0.master_agent.monitor [USR_MONITOR]  READ to 810000 with data 4X has ended
UVM_INFO $DVT_PREDEFINED_PROJECTS/uvm_ref_flow_1.1/soc_verification_lib/sv_cb_ex_lib/interface_uvc_lib/ahb/sv/ahb_master_driver.sv(128) @ 115450000: uvm_test_top.ve.ahb0.master_agent.driver [ahb_master_driver] Item 12 Sent ...
UVM_INFO $DVT_PREDEFINED_PROJECTS/uvm_ref_flow_1.1/soc_verification_lib/sv_cb_ex_lib/apb_subsystem/sv/sequence_lib/apb_subsystem_seq_lib.sv(199) @ 115450000: uvm_test_top.ve.ahb0.master_agent.sequencer@@lp_shutdown_uart1.lp_shutdown_config.rd_rx_fifo [SEQ] Read RX_FIFO_REG DATA is `x0
UVM_INFO $DVT_PREDEFINED_PROJECTS/uvm_ref_flow_1.1/soc_verification_lib/sv_cb_ex_lib/interface_uvc_lib/apb/sv/apb_monitor.sv(129) @ 115750000: uvm_test_top.ve.apb0.bus_monitor [apb_monitor] Address Phase Complete: 00810000[APB_READ]
UVM_INFO $DVT_PREDEFINED_PROJECTS/uvm_ref_flow_1.1/soc_verification_lib/sv_cb_ex_lib/interface_uvc_lib/apb/sv/apb_monitor.sv(145) @ 115850000: uvm_test_top.ve.apb0.bus_monitor [apb_monitor] Transaction Collected:
----------------------------------------------------------------------------------------------------------------------------------------------
Name                            Type                     Size  Value                                                                          
----------------------------------------------------------------------------------------------------------------------------------------------
trans_collected                 apb_transfer             -     @14738                                                                         
  addr                          integral                 32    'h810000                                                                       
  direction                     apb_direction_enum       32    APB_READ                                                                       
  data                          integral                 32    'h4c                                                                           
  master                        string                   6     master                                                                         
  slave                         string                   5     uart0                                                                          
  begin_time                    time                     64    115650000                                                                      
  end_time                      time                     64    115850000                                                                      
----------------------------------------------------------------------------------------------------------------------------------------------

UVM_INFO $DVT_PREDEFINED_PROJECTS/uvm_ref_flow_1.1/soc_verification_lib/sv_cb_ex_lib/uart_ctrl/sv/uart_ctrl_env.sv(129) @ 115850000: uvm_test_top.ve.apb_ss_env.apb_uart0 [uart_ctrl_env] APB_READ: addr = 'h810000, data = 'h4c
UVM_INFO $DVT_PREDEFINED_PROJECTS/uvm_ref_flow_1.1/soc_verification_lib/sv_cb_ex_lib/uart_ctrl/sv/uart_ctrl_scoreboard.sv(159) @ 115850000: uvm_test_top.ve.apb_ss_env.apb_uart0.monitor.rx_scbd [SCRBD] write_apb called with addr = 'h810000 and data = 'h4c
UVM_INFO $DVT_PREDEFINED_PROJECTS/uvm_ref_flow_1.1/soc_verification_lib/sv_cb_ex_lib/uart_ctrl/sv/uart_ctrl_scoreboard.sv(83) @ 115850000: uvm_test_top.ve.apb_ss_env.apb_uart0.monitor.tx_scbd [SCRBD] ####### PASS : APB RECEIVED CORRECT DATA from uart0  expected = 'h4c, received = 'h4c
UVM_INFO $DVT_PREDEFINED_PROJECTS/uvm_ref_flow_1.1/soc_verification_lib/sv_cb_ex_lib/uart_ctrl/sv/uart_ctrl_scoreboard.sv(159) @ 115850000: uvm_test_top.ve.apb_ss_env.apb_uart1.monitor.rx_scbd [SCRBD] write_apb called with addr = 'h810000 and data = 'h4c
UVM_INFO $DVT_PREDEFINED_PROJECTS/uvm_ref_flow_1.1/soc_verification_lib/sv_cb_ex_lib/interface_uvc_lib/apb/sv/apb_collector.sv(139) @ 115850000: uvm_test_top.ve.apb0.bus_collector [apb_collector] Transfer collected :
----------------------------------------------------------------------------------------------------------------------------------------------
Name                            Type                     Size  Value                                                                          
----------------------------------------------------------------------------------------------------------------------------------------------
trans_collected                 apb_transfer             -     @8188                                                                          
  addr                          integral                 32    'h810000                                                                       
  direction                     apb_direction_enum       32    APB_READ                                                                       
  data                          integral                 32    'h4c                                                                           
  master                        string                   6     master                                                                         
  slave                         string                   5     uart0                                                                          
  begin_time                    time                     64    115650000                                                                      
  end_time                      time                     64    115850000                                                                      
----------------------------------------------------------------------------------------------------------------------------------------------

UVM_INFO $DVT_PREDEFINED_PROJECTS/uvm_ref_flow_1.1/soc_verification_lib/sv_cb_ex_lib/interface_uvc_lib/ahb/sv/ahb_master_monitor.sv(134) @ 116050000: uvm_test_top.ve.ahb0.master_agent.monitor [ahb_monitor] master transfer collected :
----------------------------------------------------------------------------------------------------------------------------------------------
Name                            Type                     Size  Value                                                                          
----------------------------------------------------------------------------------------------------------------------------------------------
transfer                        ahb_transfer             -     @14635                                                                         
  data                          integral                 32    'h4X                                                                           
  address                       integral                 32    'h810000                                                                       
  direction                     ahb_direction            1     READ                                                                           
  hsize                         ahb_transfer_size        3     BYTE                                                                           
  burst                         ahb_burst_kind           3     SINGLE                                                                         
  prot                          integral                 4     'h0x                                                                           
  begin_time                    time                     64    115450000                                                                      
  end_time                      time                     64    116050000                                                                      
----------------------------------------------------------------------------------------------------------------------------------------------

UVM_INFO $DVT_PREDEFINED_PROJECTS/uvm_ref_flow_1.1/soc_verification_lib/sv_cb_ex_lib/apb_subsystem/sv/ahb_user_monitor.sv(50) @ 116050000: uvm_test_top.ve.ahb0.master_agent.monitor [USR_MONITOR]  READ to 810000 with data 4X has ended
UVM_INFO $DVT_PREDEFINED_PROJECTS/uvm_ref_flow_1.1/soc_verification_lib/sv_cb_ex_lib/interface_uvc_lib/ahb/sv/ahb_master_driver.sv(128) @ 116150000: uvm_test_top.ve.ahb0.master_agent.driver [ahb_master_driver] Item 13 Sent ...
UVM_INFO $DVT_PREDEFINED_PROJECTS/uvm_ref_flow_1.1/soc_verification_lib/sv_cb_ex_lib/apb_subsystem/sv/sequence_lib/apb_subsystem_seq_lib.sv(199) @ 116150000: uvm_test_top.ve.ahb0.master_agent.sequencer@@lp_shutdown_uart1.lp_shutdown_config.rd_rx_fifo [SEQ] Read RX_FIFO_REG DATA is `x0
UVM_INFO $DVT_PREDEFINED_PROJECTS/uvm_ref_flow_1.1/soc_verification_lib/sv_cb_ex_lib/interface_uvc_lib/apb/sv/apb_monitor.sv(129) @ 116450000: uvm_test_top.ve.apb0.bus_monitor [apb_monitor] Address Phase Complete: 00810000[APB_READ]
UVM_INFO $DVT_PREDEFINED_PROJECTS/uvm_ref_flow_1.1/soc_verification_lib/sv_cb_ex_lib/interface_uvc_lib/apb/sv/apb_monitor.sv(145) @ 116550000: uvm_test_top.ve.apb0.bus_monitor [apb_monitor] Transaction Collected:
----------------------------------------------------------------------------------------------------------------------------------------------
Name                            Type                     Size  Value                                                                          
----------------------------------------------------------------------------------------------------------------------------------------------
trans_collected                 apb_transfer             -     @14772                                                                         
  addr                          integral                 32    'h810000                                                                       
  direction                     apb_direction_enum       32    APB_READ                                                                       
  data                          integral                 32    'h4f                                                                           
  master                        string                   6     master                                                                         
  slave                         string                   5     uart0                                                                          
  begin_time                    time                     64    116350000                                                                      
  end_time                      time                     64    116550000                                                                      
----------------------------------------------------------------------------------------------------------------------------------------------

UVM_INFO $DVT_PREDEFINED_PROJECTS/uvm_ref_flow_1.1/soc_verification_lib/sv_cb_ex_lib/uart_ctrl/sv/uart_ctrl_env.sv(129) @ 116550000: uvm_test_top.ve.apb_ss_env.apb_uart0 [uart_ctrl_env] APB_READ: addr = 'h810000, data = 'h4f
UVM_INFO $DVT_PREDEFINED_PROJECTS/uvm_ref_flow_1.1/soc_verification_lib/sv_cb_ex_lib/uart_ctrl/sv/uart_ctrl_scoreboard.sv(159) @ 116550000: uvm_test_top.ve.apb_ss_env.apb_uart0.monitor.rx_scbd [SCRBD] write_apb called with addr = 'h810000 and data = 'h4f
UVM_INFO $DVT_PREDEFINED_PROJECTS/uvm_ref_flow_1.1/soc_verification_lib/sv_cb_ex_lib/uart_ctrl/sv/uart_ctrl_scoreboard.sv(83) @ 116550000: uvm_test_top.ve.apb_ss_env.apb_uart0.monitor.tx_scbd [SCRBD] ####### PASS : APB RECEIVED CORRECT DATA from uart0  expected = 'h4f, received = 'h4f
UVM_INFO $DVT_PREDEFINED_PROJECTS/uvm_ref_flow_1.1/soc_verification_lib/sv_cb_ex_lib/uart_ctrl/sv/uart_ctrl_scoreboard.sv(159) @ 116550000: uvm_test_top.ve.apb_ss_env.apb_uart1.monitor.rx_scbd [SCRBD] write_apb called with addr = 'h810000 and data = 'h4f
UVM_INFO $DVT_PREDEFINED_PROJECTS/uvm_ref_flow_1.1/soc_verification_lib/sv_cb_ex_lib/interface_uvc_lib/apb/sv/apb_collector.sv(139) @ 116550000: uvm_test_top.ve.apb0.bus_collector [apb_collector] Transfer collected :
----------------------------------------------------------------------------------------------------------------------------------------------
Name                            Type                     Size  Value                                                                          
----------------------------------------------------------------------------------------------------------------------------------------------
trans_collected                 apb_transfer             -     @8188                                                                          
  addr                          integral                 32    'h810000                                                                       
  direction                     apb_direction_enum       32    APB_READ                                                                       
  data                          integral                 32    'h4f                                                                           
  master                        string                   6     master                                                                         
  slave                         string                   5     uart0                                                                          
  begin_time                    time                     64    116350000                                                                      
  end_time                      time                     64    116550000                                                                      
----------------------------------------------------------------------------------------------------------------------------------------------

UVM_INFO $DVT_PREDEFINED_PROJECTS/uvm_ref_flow_1.1/soc_verification_lib/sv_cb_ex_lib/interface_uvc_lib/ahb/sv/ahb_master_monitor.sv(134) @ 116750000: uvm_test_top.ve.ahb0.master_agent.monitor [ahb_monitor] master transfer collected :
----------------------------------------------------------------------------------------------------------------------------------------------
Name                            Type                     Size  Value                                                                          
----------------------------------------------------------------------------------------------------------------------------------------------
transfer                        ahb_transfer             -     @14635                                                                         
  data                          integral                 32    'h4x                                                                           
  address                       integral                 32    'h810000                                                                       
  direction                     ahb_direction            1     READ                                                                           
  hsize                         ahb_transfer_size        3     BYTE                                                                           
  burst                         ahb_burst_kind           3     SINGLE                                                                         
  prot                          integral                 4     'h0x                                                                           
  begin_time                    time                     64    116150000                                                                      
  end_time                      time                     64    116750000                                                                      
----------------------------------------------------------------------------------------------------------------------------------------------

UVM_INFO $DVT_PREDEFINED_PROJECTS/uvm_ref_flow_1.1/soc_verification_lib/sv_cb_ex_lib/apb_subsystem/sv/ahb_user_monitor.sv(50) @ 116750000: uvm_test_top.ve.ahb0.master_agent.monitor [USR_MONITOR]  READ to 810000 with data 4x has ended
UVM_INFO $DVT_PREDEFINED_PROJECTS/uvm_ref_flow_1.1/soc_verification_lib/sv_cb_ex_lib/interface_uvc_lib/ahb/sv/ahb_master_driver.sv(128) @ 116850000: uvm_test_top.ve.ahb0.master_agent.driver [ahb_master_driver] Item 14 Sent ...
UVM_INFO $DVT_PREDEFINED_PROJECTS/uvm_ref_flow_1.1/soc_verification_lib/sv_cb_ex_lib/apb_subsystem/sv/sequence_lib/apb_subsystem_seq_lib.sv(199) @ 116850000: uvm_test_top.ve.ahb0.master_agent.sequencer@@lp_shutdown_uart1.lp_shutdown_config.rd_rx_fifo [SEQ] Read RX_FIFO_REG DATA is `x0
UVM_INFO $DVT_PREDEFINED_PROJECTS/uvm_ref_flow_1.1/soc_verification_lib/sv_cb_ex_lib/interface_uvc_lib/apb/sv/apb_monitor.sv(129) @ 117150000: uvm_test_top.ve.apb0.bus_monitor [apb_monitor] Address Phase Complete: 00880000[APB_READ]
UVM_INFO $DVT_PREDEFINED_PROJECTS/uvm_ref_flow_1.1/soc_verification_lib/sv_cb_ex_lib/interface_uvc_lib/apb/sv/apb_monitor.sv(145) @ 117250000: uvm_test_top.ve.apb0.bus_monitor [apb_monitor] Transaction Collected:
----------------------------------------------------------------------------------------------------------------------------------------------
Name                            Type                     Size  Value                                                                          
----------------------------------------------------------------------------------------------------------------------------------------------
trans_collected                 apb_transfer             -     @14782                                                                         
  addr                          integral                 32    'h880000                                                                       
  direction                     apb_direction_enum       32    APB_READ                                                                       
  data                          integral                 32    'h9                                                                            
  master                        string                   6     master                                                                         
  slave                         string                   5     uart1                                                                          
  begin_time                    time                     64    117050000                                                                      
  end_time                      time                     64    117250000                                                                      
----------------------------------------------------------------------------------------------------------------------------------------------

UVM_INFO $DVT_PREDEFINED_PROJECTS/uvm_ref_flow_1.1/soc_verification_lib/sv_cb_ex_lib/uart_ctrl/sv/uart_ctrl_scoreboard.sv(159) @ 117250000: uvm_test_top.ve.apb_ss_env.apb_uart0.monitor.rx_scbd [SCRBD] write_apb called with addr = 'h880000 and data = 'h9
UVM_INFO $DVT_PREDEFINED_PROJECTS/uvm_ref_flow_1.1/soc_verification_lib/sv_cb_ex_lib/uart_ctrl/sv/uart_ctrl_env.sv(129) @ 117250000: uvm_test_top.ve.apb_ss_env.apb_uart1 [uart_ctrl_env] APB_READ: addr = 'h880000, data = 'h9
UVM_INFO $DVT_PREDEFINED_PROJECTS/uvm_ref_flow_1.1/soc_verification_lib/sv_cb_ex_lib/uart_ctrl/sv/uart_ctrl_scoreboard.sv(159) @ 117250000: uvm_test_top.ve.apb_ss_env.apb_uart1.monitor.rx_scbd [SCRBD] write_apb called with addr = 'h880000 and data = 'h9
UVM_INFO $DVT_PREDEFINED_PROJECTS/uvm_ref_flow_1.1/soc_verification_lib/sv_cb_ex_lib/uart_ctrl/sv/uart_ctrl_scoreboard.sv(83) @ 117250000: uvm_test_top.ve.apb_ss_env.apb_uart1.monitor.tx_scbd [SCRBD] ####### PASS : APB RECEIVED CORRECT DATA from uart1  expected = 'h9, received = 'h9
UVM_INFO $DVT_PREDEFINED_PROJECTS/uvm_ref_flow_1.1/soc_verification_lib/sv_cb_ex_lib/interface_uvc_lib/apb/sv/apb_collector.sv(139) @ 117250000: uvm_test_top.ve.apb0.bus_collector [apb_collector] Transfer collected :
----------------------------------------------------------------------------------------------------------------------------------------------
Name                            Type                     Size  Value                                                                          
----------------------------------------------------------------------------------------------------------------------------------------------
trans_collected                 apb_transfer             -     @8188                                                                          
  addr                          integral                 32    'h880000                                                                       
  direction                     apb_direction_enum       32    APB_READ                                                                       
  data                          integral                 32    'h9                                                                            
  master                        string                   6     master                                                                         
  slave                         string                   5     uart1                                                                          
  begin_time                    time                     64    117050000                                                                      
  end_time                      time                     64    117250000                                                                      
----------------------------------------------------------------------------------------------------------------------------------------------

UVM_INFO $DVT_PREDEFINED_PROJECTS/uvm_ref_flow_1.1/soc_verification_lib/sv_cb_ex_lib/interface_uvc_lib/ahb/sv/ahb_master_monitor.sv(134) @ 117450000: uvm_test_top.ve.ahb0.master_agent.monitor [ahb_monitor] master transfer collected :
----------------------------------------------------------------------------------------------------------------------------------------------
Name                            Type                     Size  Value                                                                          
----------------------------------------------------------------------------------------------------------------------------------------------
transfer                        ahb_transfer             -     @14635                                                                         
  data                          integral                 32    'h0X                                                                           
  address                       integral                 32    'h880000                                                                       
  direction                     ahb_direction            1     READ                                                                           
  hsize                         ahb_transfer_size        3     BYTE                                                                           
  burst                         ahb_burst_kind           3     SINGLE                                                                         
  prot                          integral                 4     'h0x                                                                           
  begin_time                    time                     64    116850000                                                                      
  end_time                      time                     64    117450000                                                                      
----------------------------------------------------------------------------------------------------------------------------------------------

UVM_INFO $DVT_PREDEFINED_PROJECTS/uvm_ref_flow_1.1/soc_verification_lib/sv_cb_ex_lib/apb_subsystem/sv/ahb_user_monitor.sv(50) @ 117450000: uvm_test_top.ve.ahb0.master_agent.monitor [USR_MONITOR]  READ to 880000 with data 0X has ended
UVM_INFO $DVT_PREDEFINED_PROJECTS/uvm_ref_flow_1.1/soc_verification_lib/sv_cb_ex_lib/interface_uvc_lib/ahb/sv/ahb_master_driver.sv(128) @ 117550000: uvm_test_top.ve.ahb0.master_agent.driver [ahb_master_driver] Item 15 Sent ...
UVM_INFO $DVT_PREDEFINED_PROJECTS/uvm_ref_flow_1.1/soc_verification_lib/sv_cb_ex_lib/apb_subsystem/sv/sequence_lib/apb_subsystem_seq_lib.sv(199) @ 117550000: uvm_test_top.ve.ahb0.master_agent.sequencer@@lp_shutdown_uart1.lp_shutdown_config.rd_rx_fifo [SEQ] Read RX_FIFO_REG DATA is `x0
UVM_INFO $DVT_PREDEFINED_PROJECTS/uvm_ref_flow_1.1/soc_verification_lib/sv_cb_ex_lib/interface_uvc_lib/apb/sv/apb_monitor.sv(129) @ 117850000: uvm_test_top.ve.apb0.bus_monitor [apb_monitor] Address Phase Complete: 00880000[APB_READ]
UVM_INFO $DVT_PREDEFINED_PROJECTS/uvm_ref_flow_1.1/soc_verification_lib/sv_cb_ex_lib/interface_uvc_lib/apb/sv/apb_monitor.sv(145) @ 117950000: uvm_test_top.ve.apb0.bus_monitor [apb_monitor] Transaction Collected:
----------------------------------------------------------------------------------------------------------------------------------------------
Name                            Type                     Size  Value                                                                          
----------------------------------------------------------------------------------------------------------------------------------------------
trans_collected                 apb_transfer             -     @14801                                                                         
  addr                          integral                 32    'h880000                                                                       
  direction                     apb_direction_enum       32    APB_READ                                                                       
  data                          integral                 32    'hc                                                                            
  master                        string                   6     master                                                                         
  slave                         string                   5     uart1                                                                          
  begin_time                    time                     64    117750000                                                                      
  end_time                      time                     64    117950000                                                                      
----------------------------------------------------------------------------------------------------------------------------------------------

UVM_INFO $DVT_PREDEFINED_PROJECTS/uvm_ref_flow_1.1/soc_verification_lib/sv_cb_ex_lib/uart_ctrl/sv/uart_ctrl_scoreboard.sv(159) @ 117950000: uvm_test_top.ve.apb_ss_env.apb_uart0.monitor.rx_scbd [SCRBD] write_apb called with addr = 'h880000 and data = 'hc
UVM_INFO $DVT_PREDEFINED_PROJECTS/uvm_ref_flow_1.1/soc_verification_lib/sv_cb_ex_lib/uart_ctrl/sv/uart_ctrl_env.sv(129) @ 117950000: uvm_test_top.ve.apb_ss_env.apb_uart1 [uart_ctrl_env] APB_READ: addr = 'h880000, data = 'hc
UVM_INFO $DVT_PREDEFINED_PROJECTS/uvm_ref_flow_1.1/soc_verification_lib/sv_cb_ex_lib/uart_ctrl/sv/uart_ctrl_scoreboard.sv(159) @ 117950000: uvm_test_top.ve.apb_ss_env.apb_uart1.monitor.rx_scbd [SCRBD] write_apb called with addr = 'h880000 and data = 'hc
UVM_INFO $DVT_PREDEFINED_PROJECTS/uvm_ref_flow_1.1/soc_verification_lib/sv_cb_ex_lib/uart_ctrl/sv/uart_ctrl_scoreboard.sv(83) @ 117950000: uvm_test_top.ve.apb_ss_env.apb_uart1.monitor.tx_scbd [SCRBD] ####### PASS : APB RECEIVED CORRECT DATA from uart1  expected = 'hc, received = 'hc
UVM_INFO $DVT_PREDEFINED_PROJECTS/uvm_ref_flow_1.1/soc_verification_lib/sv_cb_ex_lib/interface_uvc_lib/apb/sv/apb_collector.sv(139) @ 117950000: uvm_test_top.ve.apb0.bus_collector [apb_collector] Transfer collected :
----------------------------------------------------------------------------------------------------------------------------------------------
Name                            Type                     Size  Value                                                                          
----------------------------------------------------------------------------------------------------------------------------------------------
trans_collected                 apb_transfer             -     @8188                                                                          
  addr                          integral                 32    'h880000                                                                       
  direction                     apb_direction_enum       32    APB_READ                                                                       
  data                          integral                 32    'hc                                                                            
  master                        string                   6     master                                                                         
  slave                         string                   5     uart1                                                                          
  begin_time                    time                     64    117750000                                                                      
  end_time                      time                     64    117950000                                                                      
----------------------------------------------------------------------------------------------------------------------------------------------

UVM_INFO $DVT_PREDEFINED_PROJECTS/uvm_ref_flow_1.1/soc_verification_lib/sv_cb_ex_lib/interface_uvc_lib/ahb/sv/ahb_master_monitor.sv(134) @ 118150000: uvm_test_top.ve.ahb0.master_agent.monitor [ahb_monitor] master transfer collected :
----------------------------------------------------------------------------------------------------------------------------------------------
Name                            Type                     Size  Value                                                                          
----------------------------------------------------------------------------------------------------------------------------------------------
transfer                        ahb_transfer             -     @14635                                                                         
  data                          integral                 32    'h0X                                                                           
  address                       integral                 32    'h880000                                                                       
  direction                     ahb_direction            1     READ                                                                           
  hsize                         ahb_transfer_size        3     BYTE                                                                           
  burst                         ahb_burst_kind           3     SINGLE                                                                         
  prot                          integral                 4     'h0x                                                                           
  begin_time                    time                     64    117550000                                                                      
  end_time                      time                     64    118150000                                                                      
----------------------------------------------------------------------------------------------------------------------------------------------

UVM_INFO $DVT_PREDEFINED_PROJECTS/uvm_ref_flow_1.1/soc_verification_lib/sv_cb_ex_lib/apb_subsystem/sv/ahb_user_monitor.sv(50) @ 118150000: uvm_test_top.ve.ahb0.master_agent.monitor [USR_MONITOR]  READ to 880000 with data 0X has ended
UVM_INFO $DVT_PREDEFINED_PROJECTS/uvm_ref_flow_1.1/soc_verification_lib/sv_cb_ex_lib/interface_uvc_lib/ahb/sv/ahb_master_driver.sv(128) @ 118250000: uvm_test_top.ve.ahb0.master_agent.driver [ahb_master_driver] Item 16 Sent ...
UVM_INFO $DVT_PREDEFINED_PROJECTS/uvm_ref_flow_1.1/soc_verification_lib/sv_cb_ex_lib/apb_subsystem/sv/sequence_lib/apb_subsystem_seq_lib.sv(199) @ 118250000: uvm_test_top.ve.ahb0.master_agent.sequencer@@lp_shutdown_uart1.lp_shutdown_config.rd_rx_fifo [SEQ] Read RX_FIFO_REG DATA is `x0
UVM_INFO $DVT_PREDEFINED_PROJECTS/uvm_ref_flow_1.1/soc_verification_lib/sv_cb_ex_lib/interface_uvc_lib/apb/sv/apb_monitor.sv(129) @ 118550000: uvm_test_top.ve.apb0.bus_monitor [apb_monitor] Address Phase Complete: 00880000[APB_READ]
UVM_INFO $DVT_PREDEFINED_PROJECTS/uvm_ref_flow_1.1/soc_verification_lib/sv_cb_ex_lib/interface_uvc_lib/apb/sv/apb_monitor.sv(145) @ 118650000: uvm_test_top.ve.apb0.bus_monitor [apb_monitor] Transaction Collected:
----------------------------------------------------------------------------------------------------------------------------------------------
Name                            Type                     Size  Value                                                                          
----------------------------------------------------------------------------------------------------------------------------------------------
trans_collected                 apb_transfer             -     @14411                                                                         
  addr                          integral                 32    'h880000                                                                       
  direction                     apb_direction_enum       32    APB_READ                                                                       
  data                          integral                 32    'hf                                                                            
  master                        string                   6     master                                                                         
  slave                         string                   5     uart1                                                                          
  begin_time                    time                     64    118450000                                                                      
  end_time                      time                     64    118650000                                                                      
----------------------------------------------------------------------------------------------------------------------------------------------

UVM_INFO $DVT_PREDEFINED_PROJECTS/uvm_ref_flow_1.1/soc_verification_lib/sv_cb_ex_lib/uart_ctrl/sv/uart_ctrl_scoreboard.sv(159) @ 118650000: uvm_test_top.ve.apb_ss_env.apb_uart0.monitor.rx_scbd [SCRBD] write_apb called with addr = 'h880000 and data = 'hf
UVM_INFO $DVT_PREDEFINED_PROJECTS/uvm_ref_flow_1.1/soc_verification_lib/sv_cb_ex_lib/uart_ctrl/sv/uart_ctrl_env.sv(129) @ 118650000: uvm_test_top.ve.apb_ss_env.apb_uart1 [uart_ctrl_env] APB_READ: addr = 'h880000, data = 'hf
UVM_INFO $DVT_PREDEFINED_PROJECTS/uvm_ref_flow_1.1/soc_verification_lib/sv_cb_ex_lib/uart_ctrl/sv/uart_ctrl_scoreboard.sv(159) @ 118650000: uvm_test_top.ve.apb_ss_env.apb_uart1.monitor.rx_scbd [SCRBD] write_apb called with addr = 'h880000 and data = 'hf
UVM_INFO $DVT_PREDEFINED_PROJECTS/uvm_ref_flow_1.1/soc_verification_lib/sv_cb_ex_lib/uart_ctrl/sv/uart_ctrl_scoreboard.sv(83) @ 118650000: uvm_test_top.ve.apb_ss_env.apb_uart1.monitor.tx_scbd [SCRBD] ####### PASS : APB RECEIVED CORRECT DATA from uart1  expected = 'hf, received = 'hf
UVM_INFO $DVT_PREDEFINED_PROJECTS/uvm_ref_flow_1.1/soc_verification_lib/sv_cb_ex_lib/interface_uvc_lib/apb/sv/apb_collector.sv(139) @ 118650000: uvm_test_top.ve.apb0.bus_collector [apb_collector] Transfer collected :
----------------------------------------------------------------------------------------------------------------------------------------------
Name                            Type                     Size  Value                                                                          
----------------------------------------------------------------------------------------------------------------------------------------------
trans_collected                 apb_transfer             -     @8188                                                                          
  addr                          integral                 32    'h880000                                                                       
  direction                     apb_direction_enum       32    APB_READ                                                                       
  data                          integral                 32    'hf                                                                            
  master                        string                   6     master                                                                         
  slave                         string                   5     uart1                                                                          
  begin_time                    time                     64    118450000                                                                      
  end_time                      time                     64    118650000                                                                      
----------------------------------------------------------------------------------------------------------------------------------------------

UVM_INFO $DVT_PREDEFINED_PROJECTS/uvm_ref_flow_1.1/soc_verification_lib/sv_cb_ex_lib/interface_uvc_lib/ahb/sv/ahb_master_monitor.sv(134) @ 118850000: uvm_test_top.ve.ahb0.master_agent.monitor [ahb_monitor] master transfer collected :
----------------------------------------------------------------------------------------------------------------------------------------------
Name                            Type                     Size  Value                                                                          
----------------------------------------------------------------------------------------------------------------------------------------------
transfer                        ahb_transfer             -     @14635                                                                         
  data                          integral                 32    'h0x                                                                           
  address                       integral                 32    'h880000                                                                       
  direction                     ahb_direction            1     READ                                                                           
  hsize                         ahb_transfer_size        3     BYTE                                                                           
  burst                         ahb_burst_kind           3     SINGLE                                                                         
  prot                          integral                 4     'h0x                                                                           
  begin_time                    time                     64    118250000                                                                      
  end_time                      time                     64    118850000                                                                      
----------------------------------------------------------------------------------------------------------------------------------------------

UVM_INFO $DVT_PREDEFINED_PROJECTS/uvm_ref_flow_1.1/soc_verification_lib/sv_cb_ex_lib/apb_subsystem/sv/ahb_user_monitor.sv(50) @ 118850000: uvm_test_top.ve.ahb0.master_agent.monitor [USR_MONITOR]  READ to 880000 with data 0x has ended
UVM_INFO $DVT_PREDEFINED_PROJECTS/uvm_ref_flow_1.1/soc_verification_lib/sv_cb_ex_lib/interface_uvc_lib/ahb/sv/ahb_master_driver.sv(128) @ 118950000: uvm_test_top.ve.ahb0.master_agent.driver [ahb_master_driver] Item 17 Sent ...
UVM_INFO $DVT_PREDEFINED_PROJECTS/uvm_ref_flow_1.1/soc_verification_lib/sv_cb_ex_lib/apb_subsystem/sv/sequence_lib/apb_subsystem_seq_lib.sv(199) @ 118950000: uvm_test_top.ve.ahb0.master_agent.sequencer@@lp_shutdown_uart1.lp_shutdown_config.rd_rx_fifo [SEQ] Read RX_FIFO_REG DATA is `x0
UVM_INFO $DVT_PREDEFINED_PROJECTS/uvm_ref_flow_1.1/soc_verification_lib/sv_cb_ex_lib/interface_uvc_lib/uart/sv/uart_seq_lib.sv(70) @ 118950000: uvm_test_top.ve.uart0.Tx.sequencer@@lp_shutdown_uart1.lp_shutdown_config.uart_seq [uart_incr_payload_seq] UART sequencer executing sequence...
UVM_INFO $DVT_PREDEFINED_PROJECTS/uvm_ref_flow_1.1/soc_verification_lib/sv_cb_ex_lib/interface_uvc_lib/uart/sv/uart_tx_driver.sv(156) @ 118950000: uvm_test_top.ve.uart0.Tx.driver [uart_tx_driver] Driver Sending TX Frame...
----------------------------------------------------------------------------------------------------------------------------------------------
Name                            Type                     Size  Value                                                                          
----------------------------------------------------------------------------------------------------------------------------------------------
req                             uart_frame               -     @14922                                                                         
  start_bit                     integral                 1     'h0                                                                            
  payload                       integral                 8     'hdd                                                                           
  parity                        integral                 1     'h1                                                                            
  stop_bits                     integral                 2     'h3                                                                            
  error_bits                    integral                 4     'h0                                                                            
  parity_type                   parity_e                 1     GOOD_PARITY                                                                    
  transmit_delay                integral                 32    'd8                                                                            
  begin_time                    time                     64    118950000                                                                      
  depth                         int                      32    'd4                                                                            
  parent sequence (name)        string                   8     uart_seq                                                                       
  parent sequence (full name)   string                   79    uvm_test_top.ve.virtual_sequencer.lp_shutdown_uart1.lp_shutdown_config.uart_seq
  sequencer                     string                   34    uvm_test_top.ve.uart0.Tx.sequencer                                             
----------------------------------------------------------------------------------------------------------------------------------------------

UVM_INFO $DVT_PREDEFINED_PROJECTS/uvm_ref_flow_1.1/soc_verification_lib/sv_cb_ex_lib/interface_uvc_lib/apb/sv/apb_monitor.sv(129) @ 119250000: uvm_test_top.ve.apb0.bus_monitor [apb_monitor] Address Phase Complete: 00880000[APB_READ]
UVM_INFO $DVT_PREDEFINED_PROJECTS/uvm_ref_flow_1.1/soc_verification_lib/sv_cb_ex_lib/interface_uvc_lib/apb/sv/apb_monitor.sv(145) @ 119350000: uvm_test_top.ve.apb0.bus_monitor [apb_monitor] Transaction Collected:
----------------------------------------------------------------------------------------------------------------------------------------------
Name                            Type                     Size  Value                                                                          
----------------------------------------------------------------------------------------------------------------------------------------------
trans_collected                 apb_transfer             -     @14373                                                                         
  addr                          integral                 32    'h880000                                                                       
  direction                     apb_direction_enum       32    APB_READ                                                                       
  data                          integral                 32    'h12                                                                           
  master                        string                   6     master                                                                         
  slave                         string                   5     uart1                                                                          
  begin_time                    time                     64    119150000                                                                      
  end_time                      time                     64    119350000                                                                      
----------------------------------------------------------------------------------------------------------------------------------------------

UVM_INFO $DVT_PREDEFINED_PROJECTS/uvm_ref_flow_1.1/soc_verification_lib/sv_cb_ex_lib/uart_ctrl/sv/uart_ctrl_scoreboard.sv(159) @ 119350000: uvm_test_top.ve.apb_ss_env.apb_uart0.monitor.rx_scbd [SCRBD] write_apb called with addr = 'h880000 and data = 'h12
UVM_INFO $DVT_PREDEFINED_PROJECTS/uvm_ref_flow_1.1/soc_verification_lib/sv_cb_ex_lib/uart_ctrl/sv/uart_ctrl_env.sv(129) @ 119350000: uvm_test_top.ve.apb_ss_env.apb_uart1 [uart_ctrl_env] APB_READ: addr = 'h880000, data = 'h12
UVM_INFO $DVT_PREDEFINED_PROJECTS/uvm_ref_flow_1.1/soc_verification_lib/sv_cb_ex_lib/uart_ctrl/sv/uart_ctrl_scoreboard.sv(159) @ 119350000: uvm_test_top.ve.apb_ss_env.apb_uart1.monitor.rx_scbd [SCRBD] write_apb called with addr = 'h880000 and data = 'h12
UVM_INFO $DVT_PREDEFINED_PROJECTS/uvm_ref_flow_1.1/soc_verification_lib/sv_cb_ex_lib/uart_ctrl/sv/uart_ctrl_scoreboard.sv(83) @ 119350000: uvm_test_top.ve.apb_ss_env.apb_uart1.monitor.tx_scbd [SCRBD] ####### PASS : APB RECEIVED CORRECT DATA from uart1  expected = 'h12, received = 'h12
UVM_INFO $DVT_PREDEFINED_PROJECTS/uvm_ref_flow_1.1/soc_verification_lib/sv_cb_ex_lib/interface_uvc_lib/apb/sv/apb_collector.sv(139) @ 119350000: uvm_test_top.ve.apb0.bus_collector [apb_collector] Transfer collected :
----------------------------------------------------------------------------------------------------------------------------------------------
Name                            Type                     Size  Value                                                                          
----------------------------------------------------------------------------------------------------------------------------------------------
trans_collected                 apb_transfer             -     @8188                                                                          
  addr                          integral                 32    'h880000                                                                       
  direction                     apb_direction_enum       32    APB_READ                                                                       
  data                          integral                 32    'h12                                                                           
  master                        string                   6     master                                                                         
  slave                         string                   5     uart1                                                                          
  begin_time                    time                     64    119150000                                                                      
  end_time                      time                     64    119350000                                                                      
----------------------------------------------------------------------------------------------------------------------------------------------

UVM_INFO $DVT_PREDEFINED_PROJECTS/uvm_ref_flow_1.1/soc_verification_lib/sv_cb_ex_lib/interface_uvc_lib/ahb/sv/ahb_master_monitor.sv(134) @ 119550000: uvm_test_top.ve.ahb0.master_agent.monitor [ahb_monitor] master transfer collected :
----------------------------------------------------------------------------------------------------------------------------------------------
Name                            Type                     Size  Value                                                                          
----------------------------------------------------------------------------------------------------------------------------------------------
transfer                        ahb_transfer             -     @14635                                                                         
  data                          integral                 32    'h1X                                                                           
  address                       integral                 32    'h880000                                                                       
  direction                     ahb_direction            1     READ                                                                           
  hsize                         ahb_transfer_size        3     BYTE                                                                           
  burst                         ahb_burst_kind           3     SINGLE                                                                         
  prot                          integral                 4     'h0x                                                                           
  begin_time                    time                     64    118950000                                                                      
  end_time                      time                     64    119550000                                                                      
----------------------------------------------------------------------------------------------------------------------------------------------

UVM_INFO $DVT_PREDEFINED_PROJECTS/uvm_ref_flow_1.1/soc_verification_lib/sv_cb_ex_lib/apb_subsystem/sv/ahb_user_monitor.sv(50) @ 119550000: uvm_test_top.ve.ahb0.master_agent.monitor [USR_MONITOR]  READ to 880000 with data 1X has ended
UVM_INFO $DVT_PREDEFINED_PROJECTS/uvm_ref_flow_1.1/soc_verification_lib/sv_cb_ex_lib/interface_uvc_lib/ahb/sv/ahb_master_driver.sv(128) @ 119650000: uvm_test_top.ve.ahb0.master_agent.driver [ahb_master_driver] Item 18 Sent ...
UVM_INFO $DVT_PREDEFINED_PROJECTS/uvm_ref_flow_1.1/soc_verification_lib/sv_cb_ex_lib/interface_uvc_lib/apb/sv/apb_monitor.sv(129) @ 119950000: uvm_test_top.ve.apb0.bus_monitor [apb_monitor] Address Phase Complete: 00810000[APB_WRITE]
UVM_INFO $DVT_PREDEFINED_PROJECTS/uvm_ref_flow_1.1/soc_verification_lib/sv_cb_ex_lib/interface_uvc_lib/apb/sv/apb_monitor.sv(145) @ 120050000: uvm_test_top.ve.apb0.bus_monitor [apb_monitor] Transaction Collected:
----------------------------------------------------------------------------------------------------------------------------------------------
Name                            Type                     Size  Value                                                                          
----------------------------------------------------------------------------------------------------------------------------------------------
trans_collected                 apb_transfer             -     @14419                                                                         
  addr                          integral                 32    'h810000                                                                       
  direction                     apb_direction_enum       32    APB_WRITE                                                                      
  data                          integral                 32    'hefd0fe06                                                                     
  master                        string                   6     master                                                                         
  slave                         string                   5     uart0                                                                          
  begin_time                    time                     64    119850000                                                                      
  end_time                      time                     64    120050000                                                                      
----------------------------------------------------------------------------------------------------------------------------------------------

UVM_INFO $DVT_PREDEFINED_PROJECTS/uvm_ref_flow_1.1/soc_verification_lib/sv_cb_ex_lib/uart_ctrl/sv/uart_ctrl_env.sv(123) @ 120050000: uvm_test_top.ve.apb_ss_env.apb_uart0 [uart_ctrl_env] APB_WRITE: addr = 'h810000, data = 'hefd0fe06
UVM_INFO $DVT_PREDEFINED_PROJECTS/uvm_ref_flow_1.1/soc_verification_lib/sv_cb_ex_lib/uart_ctrl/sv/uart_ctrl_env.sv(185) @ 120050000: uvm_test_top.ve.apb_ss_env.apb_uart0 [uart_ctrl_env] Setting Config
----------------------------------------------------------------------------------------------------------------------------------------------
Name                            Type                     Size  Value                                                                          
----------------------------------------------------------------------------------------------------------------------------------------------
uart_cfg                        uart_config              -     @5030                                                                          
  is_tx_active                  uvm_active_passive_enum  1     UVM_ACTIVE                                                                     
  is_rx_active                  uvm_active_passive_enum  1     UVM_PASSIVE                                                                    
  baud_rate_gen                 integral                 8     'd1                                                                            
  baud_rate_div                 integral                 8     'd0                                                                            
  char_length                   integral                 2     'h3                                                                            
  nbstop                        integral                 1     'h1                                                                            
  parity_en                     integral                 1     'h1                                                                            
  parity_mode                   integral                 2     'h0                                                                            
----------------------------------------------------------------------------------------------------------------------------------------------

UVM_INFO $DVT_PREDEFINED_PROJECTS/uvm_ref_flow_1.1/soc_verification_lib/sv_cb_ex_lib/uart_ctrl/sv/uart_ctrl_scoreboard.sv(159) @ 120050000: uvm_test_top.ve.apb_ss_env.apb_uart0.monitor.rx_scbd [SCRBD] write_apb called with addr = 'h810000 and data = 'hefd0fe06
UVM_INFO $DVT_PREDEFINED_PROJECTS/uvm_ref_flow_1.1/soc_verification_lib/sv_cb_ex_lib/uart_ctrl/sv/uart_ctrl_scoreboard.sv(173) @ 120050000: uvm_test_top.ve.apb_ss_env.apb_uart0.monitor.rx_scbd [SCRBD] write_apb called pushing into queue with data = 'hefd0fe06
UVM_INFO $DVT_PREDEFINED_PROJECTS/uvm_ref_flow_1.1/soc_verification_lib/sv_cb_ex_lib/uart_ctrl/sv/uart_ctrl_scoreboard.sv(159) @ 120050000: uvm_test_top.ve.apb_ss_env.apb_uart1.monitor.rx_scbd [SCRBD] write_apb called with addr = 'h810000 and data = 'hefd0fe06
UVM_INFO $DVT_PREDEFINED_PROJECTS/uvm_ref_flow_1.1/soc_verification_lib/sv_cb_ex_lib/interface_uvc_lib/apb/sv/apb_collector.sv(139) @ 120050000: uvm_test_top.ve.apb0.bus_collector [apb_collector] Transfer collected :
----------------------------------------------------------------------------------------------------------------------------------------------
Name                            Type                     Size  Value                                                                          
----------------------------------------------------------------------------------------------------------------------------------------------
trans_collected                 apb_transfer             -     @8188                                                                          
  addr                          integral                 32    'h810000                                                                       
  direction                     apb_direction_enum       32    APB_WRITE                                                                      
  data                          integral                 32    'hefd0fe06                                                                     
  master                        string                   6     master                                                                         
  slave                         string                   5     uart0                                                                          
  begin_time                    time                     64    119850000                                                                      
  end_time                      time                     64    120050000                                                                      
----------------------------------------------------------------------------------------------------------------------------------------------

UVM_INFO $DVT_PREDEFINED_PROJECTS/uvm_ref_flow_1.1/soc_verification_lib/sv_cb_ex_lib/interface_uvc_lib/ahb/sv/ahb_master_monitor.sv(134) @ 120250000: uvm_test_top.ve.ahb0.master_agent.monitor [ahb_monitor] master transfer collected :
----------------------------------------------------------------------------------------------------------------------------------------------
Name                            Type                     Size  Value                                                                          
----------------------------------------------------------------------------------------------------------------------------------------------
transfer                        ahb_transfer             -     @14635                                                                         
  data                          integral                 32    'hefd0fe06                                                                     
  address                       integral                 32    'h810000                                                                       
  direction                     ahb_direction            1     WRITE                                                                          
  hsize                         ahb_transfer_size        3     BYTE                                                                           
  burst                         ahb_burst_kind           3     SINGLE                                                                         
  prot                          integral                 4     'h0x                                                                           
  begin_time                    time                     64    119650000                                                                      
  end_time                      time                     64    120250000                                                                      
----------------------------------------------------------------------------------------------------------------------------------------------

UVM_INFO $DVT_PREDEFINED_PROJECTS/uvm_ref_flow_1.1/soc_verification_lib/sv_cb_ex_lib/apb_subsystem/sv/ahb_user_monitor.sv(50) @ 120250000: uvm_test_top.ve.ahb0.master_agent.monitor [USR_MONITOR]  WRITE to 810000 with data efd0fe06 has ended
UVM_INFO $DVT_PREDEFINED_PROJECTS/uvm_ref_flow_1.1/soc_verification_lib/sv_cb_ex_lib/apb_subsystem/sv/apb_subsystem_env.sv(100) @ 120250000: uvm_test_top.ve.apb_ss_env [apb_subsystem_env] Write -- calling update() with address = 'h810000, data = 'hefd0fe06
UVM_INFO $DVT_PREDEFINED_PROJECTS/uvm_ref_flow_1.1/soc_verification_lib/sv_cb_ex_lib/apb_subsystem/sv/apb_subsystem_env.sv(149) @ 120250000: uvm_test_top.ve.apb_ss_env [USR_MONITOR] Write access not to Control/Sataus Registers
UVM_INFO $DVT_PREDEFINED_PROJECTS/uvm_ref_flow_1.1/soc_verification_lib/sv_cb_ex_lib/interface_uvc_lib/uart/sv/uart_monitor.sv(185) @ 121150000: uvm_test_top.ve.uart0.Rx.monitor [uart_rx_monitor] SOP detected
UVM_INFO $DVT_PREDEFINED_PROJECTS/uvm_ref_flow_1.1/soc_verification_lib/sv_cb_ex_lib/interface_uvc_lib/uart/sv/uart_monitor.sv(194) @ 121150000: uvm_test_top.ve.uart0.Rx.monitor [uart_rx_monitor] Collecting a frame: 2
UVM_INFO $DVT_PREDEFINED_PROJECTS/uvm_ref_flow_1.1/soc_verification_lib/sv_cb_ex_lib/interface_uvc_lib/uart/sv/uart_monitor.sv(145) @ 121550000: uvm_test_top.ve.uart0.Rx.monitor [uart_rx_monitor] sample_clk- resetting ua_brgr
UVM_INFO $DVT_PREDEFINED_PROJECTS/uvm_ref_flow_1.1/soc_verification_lib/sv_cb_ex_lib/interface_uvc_lib/uart/sv/uart_monitor.sv(211) @ 123151000: uvm_test_top.ve.uart0.Rx.monitor [uart_rx_monitor] Received a Frame data bit:'b0
UVM_INFO $DVT_PREDEFINED_PROJECTS/uvm_ref_flow_1.1/soc_verification_lib/sv_cb_ex_lib/interface_uvc_lib/uart/sv/uart_tx_driver.sv(163) @ 124750000: uvm_test_top.ve.uart0.Tx.driver [uart_tx_driver] Driver - Modem RTS or CTS asserted
UVM_INFO $DVT_PREDEFINED_PROJECTS/uvm_ref_flow_1.1/soc_verification_lib/sv_cb_ex_lib/interface_uvc_lib/uart/sv/uart_monitor.sv(211) @ 124751000: uvm_test_top.ve.uart0.Rx.monitor [uart_rx_monitor] Received a Frame data bit:'b1
UVM_INFO $DVT_PREDEFINED_PROJECTS/uvm_ref_flow_1.1/soc_verification_lib/sv_cb_ex_lib/interface_uvc_lib/uart/sv/uart_tx_driver.sv(174) @ 125551000: uvm_test_top.ve.uart0.Tx.driver [uart_tx_driver] Driver Sending Frame SOP: 0
UVM_INFO $DVT_PREDEFINED_PROJECTS/uvm_ref_flow_1.1/soc_verification_lib/sv_cb_ex_lib/interface_uvc_lib/uart/sv/uart_monitor.sv(211) @ 126351000: uvm_test_top.ve.uart0.Rx.monitor [uart_rx_monitor] Received a Frame data bit:'b1
UVM_INFO $DVT_PREDEFINED_PROJECTS/uvm_ref_flow_1.1/soc_verification_lib/sv_cb_ex_lib/interface_uvc_lib/uart/sv/uart_monitor.sv(185) @ 126750000: uvm_test_top.ve.uart0.Tx.monitor [uart_tx_monitor] SOP detected
UVM_INFO $DVT_PREDEFINED_PROJECTS/uvm_ref_flow_1.1/soc_verification_lib/sv_cb_ex_lib/interface_uvc_lib/uart/sv/uart_monitor.sv(194) @ 126750000: uvm_test_top.ve.uart0.Tx.monitor [uart_tx_monitor] Collecting a frame: 4
UVM_INFO $DVT_PREDEFINED_PROJECTS/uvm_ref_flow_1.1/soc_verification_lib/sv_cb_ex_lib/interface_uvc_lib/uart/sv/uart_monitor.sv(145) @ 127150000: uvm_test_top.ve.uart0.Tx.monitor [uart_tx_monitor] sample_clk- resetting ua_brgr
UVM_INFO $DVT_PREDEFINED_PROJECTS/uvm_ref_flow_1.1/soc_verification_lib/sv_cb_ex_lib/interface_uvc_lib/uart/sv/uart_tx_driver.sv(182) @ 127151000: uvm_test_top.ve.uart0.Tx.driver [uart_tx_driver] Driver Sending Frame data bit number:0 value:'b00000001
UVM_INFO $DVT_PREDEFINED_PROJECTS/uvm_ref_flow_1.1/soc_verification_lib/sv_cb_ex_lib/interface_uvc_lib/uart/sv/uart_monitor.sv(211) @ 127951000: uvm_test_top.ve.uart0.Rx.monitor [uart_rx_monitor] Received a Frame data bit:'b0
UVM_INFO $DVT_PREDEFINED_PROJECTS/uvm_ref_flow_1.1/soc_verification_lib/sv_cb_ex_lib/interface_uvc_lib/uart/sv/uart_tx_driver.sv(182) @ 128751000: uvm_test_top.ve.uart0.Tx.driver [uart_tx_driver] Driver Sending Frame data bit number:1 value:'b00000000
UVM_INFO $DVT_PREDEFINED_PROJECTS/uvm_ref_flow_1.1/soc_verification_lib/sv_cb_ex_lib/interface_uvc_lib/uart/sv/uart_monitor.sv(211) @ 128751000: uvm_test_top.ve.uart0.Tx.monitor [uart_tx_monitor] Received a Frame data bit:'b1
UVM_INFO $DVT_PREDEFINED_PROJECTS/uvm_ref_flow_1.1/soc_verification_lib/sv_cb_ex_lib/interface_uvc_lib/uart/sv/uart_monitor.sv(211) @ 129551000: uvm_test_top.ve.uart0.Rx.monitor [uart_rx_monitor] Received a Frame data bit:'b0
UVM_INFO $DVT_PREDEFINED_PROJECTS/uvm_ref_flow_1.1/soc_verification_lib/sv_cb_ex_lib/interface_uvc_lib/uart/sv/uart_tx_driver.sv(182) @ 130351000: uvm_test_top.ve.uart0.Tx.driver [uart_tx_driver] Driver Sending Frame data bit number:2 value:'b00000001
UVM_INFO $DVT_PREDEFINED_PROJECTS/uvm_ref_flow_1.1/soc_verification_lib/sv_cb_ex_lib/interface_uvc_lib/uart/sv/uart_monitor.sv(211) @ 130351000: uvm_test_top.ve.uart0.Tx.monitor [uart_tx_monitor] Received a Frame data bit:'b0
UVM_INFO $DVT_PREDEFINED_PROJECTS/uvm_ref_flow_1.1/soc_verification_lib/sv_cb_ex_lib/interface_uvc_lib/uart/sv/uart_monitor.sv(211) @ 131151000: uvm_test_top.ve.uart0.Rx.monitor [uart_rx_monitor] Received a Frame data bit:'b0
UVM_INFO $DVT_PREDEFINED_PROJECTS/uvm_ref_flow_1.1/soc_verification_lib/sv_cb_ex_lib/interface_uvc_lib/uart/sv/uart_tx_driver.sv(182) @ 131951000: uvm_test_top.ve.uart0.Tx.driver [uart_tx_driver] Driver Sending Frame data bit number:3 value:'b00000001
UVM_INFO $DVT_PREDEFINED_PROJECTS/uvm_ref_flow_1.1/soc_verification_lib/sv_cb_ex_lib/interface_uvc_lib/uart/sv/uart_monitor.sv(211) @ 131951000: uvm_test_top.ve.uart0.Tx.monitor [uart_tx_monitor] Received a Frame data bit:'b1
UVM_INFO $DVT_PREDEFINED_PROJECTS/uvm_ref_flow_1.1/soc_verification_lib/sv_cb_ex_lib/interface_uvc_lib/uart/sv/uart_monitor.sv(211) @ 132751000: uvm_test_top.ve.uart0.Rx.monitor [uart_rx_monitor] Received a Frame data bit:'b0
UVM_INFO $DVT_PREDEFINED_PROJECTS/uvm_ref_flow_1.1/soc_verification_lib/sv_cb_ex_lib/interface_uvc_lib/uart/sv/uart_tx_driver.sv(182) @ 133551000: uvm_test_top.ve.uart0.Tx.driver [uart_tx_driver] Driver Sending Frame data bit number:4 value:'b00000001
UVM_INFO $DVT_PREDEFINED_PROJECTS/uvm_ref_flow_1.1/soc_verification_lib/sv_cb_ex_lib/interface_uvc_lib/uart/sv/uart_monitor.sv(211) @ 133551000: uvm_test_top.ve.uart0.Tx.monitor [uart_tx_monitor] Received a Frame data bit:'b1
UVM_INFO $DVT_PREDEFINED_PROJECTS/uvm_ref_flow_1.1/soc_verification_lib/sv_cb_ex_lib/interface_uvc_lib/uart/sv/uart_monitor.sv(211) @ 134351000: uvm_test_top.ve.uart0.Rx.monitor [uart_rx_monitor] Received a Frame data bit:'b0
UVM_INFO $DVT_PREDEFINED_PROJECTS/uvm_ref_flow_1.1/soc_verification_lib/sv_cb_ex_lib/interface_uvc_lib/uart/sv/uart_tx_driver.sv(182) @ 135151000: uvm_test_top.ve.uart0.Tx.driver [uart_tx_driver] Driver Sending Frame data bit number:5 value:'b00000000
UVM_INFO $DVT_PREDEFINED_PROJECTS/uvm_ref_flow_1.1/soc_verification_lib/sv_cb_ex_lib/interface_uvc_lib/uart/sv/uart_monitor.sv(211) @ 135151000: uvm_test_top.ve.uart0.Tx.monitor [uart_tx_monitor] Received a Frame data bit:'b1
UVM_INFO $DVT_PREDEFINED_PROJECTS/uvm_ref_flow_1.1/soc_verification_lib/sv_cb_ex_lib/interface_uvc_lib/uart/sv/uart_monitor.sv(217) @ 135951000: uvm_test_top.ve.uart0.Rx.monitor [uart_rx_monitor] Received Parity bit:'b1
UVM_INFO $DVT_PREDEFINED_PROJECTS/uvm_ref_flow_1.1/soc_verification_lib/sv_cb_ex_lib/interface_uvc_lib/uart/sv/uart_monitor.sv(219) @ 135951000: uvm_test_top.ve.uart0.Rx.monitor [uart_rx_monitor] Received Parity is same as calculated Parity
UVM_INFO $DVT_PREDEFINED_PROJECTS/uvm_ref_flow_1.1/soc_verification_lib/sv_cb_ex_lib/interface_uvc_lib/uart/sv/uart_tx_driver.sv(182) @ 136751000: uvm_test_top.ve.uart0.Tx.driver [uart_tx_driver] Driver Sending Frame data bit number:6 value:'b00000001
UVM_INFO $DVT_PREDEFINED_PROJECTS/uvm_ref_flow_1.1/soc_verification_lib/sv_cb_ex_lib/interface_uvc_lib/uart/sv/uart_monitor.sv(211) @ 136751000: uvm_test_top.ve.uart0.Tx.monitor [uart_tx_monitor] Received a Frame data bit:'b0
UVM_INFO $DVT_PREDEFINED_PROJECTS/uvm_ref_flow_1.1/soc_verification_lib/sv_cb_ex_lib/interface_uvc_lib/uart/sv/uart_monitor.sv(227) @ 137551000: uvm_test_top.ve.uart0.Rx.monitor [uart_rx_monitor] Received a Stop bit: 'b1
UVM_INFO $DVT_PREDEFINED_PROJECTS/uvm_ref_flow_1.1/soc_verification_lib/sv_cb_ex_lib/interface_uvc_lib/uart/sv/uart_monitor.sv(236) @ 138350000: uvm_test_top.ve.uart0.Rx.monitor [uart_rx_monitor] Collected the following Frame No:2
----------------------------------------------------------------------------------------------------------------------------------------------
Name                            Type                     Size  Value                                                                          
----------------------------------------------------------------------------------------------------------------------------------------------
uart_frame                      uart_frame               -     @14868                                                                         
  start_bit                     integral                 1     'h0                                                                            
  payload                       integral                 8     'h6                                                                            
  parity                        integral                 1     'h1                                                                            
  stop_bits                     integral                 2     'h1                                                                            
  error_bits                    integral                 4     'h0                                                                            
  parity_type                   parity_e                 1     GOOD_PARITY                                                                    
  transmit_delay                integral                 32    'd119                                                                          
  begin_time                    time                     64    121150000                                                                      
----------------------------------------------------------------------------------------------------------------------------------------------

UVM_INFO $DVT_PREDEFINED_PROJECTS/uvm_ref_flow_1.1/soc_verification_lib/sv_cb_ex_lib/uart_ctrl/sv/uart_ctrl_scoreboard.sv(193) @ 138350000: uvm_test_top.ve.apb_ss_env.apb_uart0.monitor.rx_scbd [SCRBD] ####### PASS : uart0 RECEIVED CORRECT DATA expected = 'h6, received = 'h6
UVM_INFO $DVT_PREDEFINED_PROJECTS/uvm_ref_flow_1.1/soc_verification_lib/sv_cb_ex_lib/interface_uvc_lib/uart/sv/uart_monitor.sv(175) @ 138350000: uvm_test_top.ve.uart0.Rx.monitor [uart_rx_monitor] trying to detect SOP
UVM_INFO $DVT_PREDEFINED_PROJECTS/uvm_ref_flow_1.1/soc_verification_lib/sv_cb_ex_lib/interface_uvc_lib/uart/sv/uart_tx_driver.sv(182) @ 138351000: uvm_test_top.ve.uart0.Tx.driver [uart_tx_driver] Driver Sending Frame data bit number:7 value:'b00000001
UVM_INFO $DVT_PREDEFINED_PROJECTS/uvm_ref_flow_1.1/soc_verification_lib/sv_cb_ex_lib/interface_uvc_lib/uart/sv/uart_monitor.sv(211) @ 138351000: uvm_test_top.ve.uart0.Tx.monitor [uart_tx_monitor] Received a Frame data bit:'b1
UVM_INFO $DVT_PREDEFINED_PROJECTS/uvm_ref_flow_1.1/soc_verification_lib/sv_cb_ex_lib/apb_subsystem/sv/sequence_lib/apb_subsystem_seq_lib.sv(141) @ 138950000: uvm_test_top.ve.ahb0.master_agent.sequencer@@lp_shutdown_uart1.on_off_uart1_seq.shut_dut [SEQ] shutdown_dut sequence is shutting down UART 
UVM_INFO $DVT_PREDEFINED_PROJECTS/uvm_ref_flow_1.1/soc_verification_lib/sv_cb_ex_lib/interface_uvc_lib/ahb/sv/ahb_master_driver.sv(128) @ 139150000: uvm_test_top.ve.ahb0.master_agent.driver [ahb_master_driver] Item 19 Sent ...
UVM_INFO $DVT_PREDEFINED_PROJECTS/uvm_ref_flow_1.1/soc_verification_lib/sv_cb_ex_lib/interface_uvc_lib/ahb/sv/ahb_master_monitor.sv(134) @ 139650000: uvm_test_top.ve.ahb0.master_agent.monitor [ahb_monitor] master transfer collected :
----------------------------------------------------------------------------------------------------------------------------------------------
Name                            Type                     Size  Value                                                                          
----------------------------------------------------------------------------------------------------------------------------------------------
transfer                        ahb_transfer             -     @14635                                                                         
  data                          integral                 32    'h1                                                                            
  address                       integral                 32    'h860004                                                                       
  direction                     ahb_direction            1     WRITE                                                                          
  hsize                         ahb_transfer_size        3     BYTE                                                                           
  burst                         ahb_burst_kind           3     SINGLE                                                                         
  prot                          integral                 4     'h0x                                                                           
  begin_time                    time                     64    139150000                                                                      
  end_time                      time                     64    139650000                                                                      
----------------------------------------------------------------------------------------------------------------------------------------------

UVM_INFO $DVT_PREDEFINED_PROJECTS/uvm_ref_flow_1.1/soc_verification_lib/sv_cb_ex_lib/apb_subsystem/sv/ahb_user_monitor.sv(50) @ 139650000: uvm_test_top.ve.ahb0.master_agent.monitor [USR_MONITOR]  WRITE to 860004 with data 1 has ended
UVM_INFO $DVT_PREDEFINED_PROJECTS/uvm_ref_flow_1.1/soc_verification_lib/sv_cb_ex_lib/apb_subsystem/sv/apb_subsystem_env.sv(100) @ 139650000: uvm_test_top.ve.apb_ss_env [apb_subsystem_env] Write -- calling update() with address = 'h860004, data = 'h1
UVM_INFO $DVT_PREDEFINED_PROJECTS/uvm_ref_flow_1.1/soc_verification_lib/sv_cb_ex_lib/apb_subsystem/sv/apb_subsystem_env.sv(149) @ 139650000: uvm_test_top.ve.apb_ss_env [USR_MONITOR] Write access not to Control/Sataus Registers
UVM_INFO $DVT_PREDEFINED_PROJECTS/uvm_ref_flow_1.1/soc_verification_lib/sv_cb_ex_lib/interface_uvc_lib/uart/sv/uart_tx_driver.sv(189) @ 139951000: uvm_test_top.ve.uart0.Tx.driver [uart_tx_driver] Driver Sending Frame Parity bit:'b1
UVM_INFO $DVT_PREDEFINED_PROJECTS/uvm_ref_flow_1.1/soc_verification_lib/sv_cb_ex_lib/interface_uvc_lib/uart/sv/uart_monitor.sv(211) @ 139951000: uvm_test_top.ve.uart0.Tx.monitor [uart_tx_monitor] Received a Frame data bit:'b1
UVM_INFO $DVT_PREDEFINED_PROJECTS/uvm_ref_flow_1.1/soc_verification_lib/sv_cb_ex_lib/interface_uvc_lib/uart/sv/uart_tx_driver.sv(196) @ 141551000: uvm_test_top.ve.uart0.Tx.driver [uart_tx_driver] Driver Sending Frame Stop bit:'b1
UVM_INFO $DVT_PREDEFINED_PROJECTS/uvm_ref_flow_1.1/soc_verification_lib/sv_cb_ex_lib/interface_uvc_lib/uart/sv/uart_monitor.sv(217) @ 141551000: uvm_test_top.ve.uart0.Tx.monitor [uart_tx_monitor] Received Parity bit:'b1
UVM_INFO $DVT_PREDEFINED_PROJECTS/uvm_ref_flow_1.1/soc_verification_lib/sv_cb_ex_lib/interface_uvc_lib/uart/sv/uart_monitor.sv(219) @ 141551000: uvm_test_top.ve.uart0.Tx.monitor [uart_tx_monitor] Received Parity is same as calculated Parity
UVM_INFO $DVT_PREDEFINED_PROJECTS/uvm_ref_flow_1.1/soc_verification_lib/sv_cb_ex_lib/interface_uvc_lib/uart/sv/uart_tx_driver.sv(216) @ 142350000: uvm_test_top.ve.uart0.Tx.driver [uart_tx_driver] Frame **4** Sent...
UVM_INFO $DVT_PREDEFINED_PROJECTS/uvm_ref_flow_1.1/soc_verification_lib/sv_cb_ex_lib/interface_uvc_lib/uart/sv/uart_tx_driver.sv(220) @ 143150000: uvm_test_top.ve.uart0.Tx.driver [uart_tx_driver] Frame complete...
UVM_INFO $DVT_PREDEFINED_PROJECTS/uvm_ref_flow_1.1/soc_verification_lib/sv_cb_ex_lib/apb_subsystem/sv/sequence_lib/apb_subsystem_seq_lib.sv(171) @ 143150000: uvm_test_top.ve.ahb0.master_agent.sequencer@@lp_shutdown_uart1.on_off_uart1_seq.power_dut [SEQ] poweron_dut sequence is switching on PDurt
UVM_INFO $DVT_PREDEFINED_PROJECTS/uvm_ref_flow_1.1/soc_verification_lib/sv_cb_ex_lib/interface_uvc_lib/uart/sv/uart_monitor.sv(227) @ 143151000: uvm_test_top.ve.uart0.Tx.monitor [uart_tx_monitor] Received a Stop bit: 'b1
UVM_INFO $DVT_PREDEFINED_PROJECTS/uvm_ref_flow_1.1/soc_verification_lib/sv_cb_ex_lib/interface_uvc_lib/ahb/sv/ahb_master_driver.sv(128) @ 143350000: uvm_test_top.ve.ahb0.master_agent.driver [ahb_master_driver] Item 20 Sent ...
UVM_INFO $DVT_PREDEFINED_PROJECTS/uvm_ref_flow_1.1/soc_verification_lib/sv_cb_ex_lib/interface_uvc_lib/ahb/sv/ahb_master_monitor.sv(134) @ 143850000: uvm_test_top.ve.ahb0.master_agent.monitor [ahb_monitor] master transfer collected :
----------------------------------------------------------------------------------------------------------------------------------------------
Name                            Type                     Size  Value                                                                          
----------------------------------------------------------------------------------------------------------------------------------------------
transfer                        ahb_transfer             -     @14635                                                                         
  data                          integral                 32    'h0                                                                            
  address                       integral                 32    'h860004                                                                       
  direction                     ahb_direction            1     WRITE                                                                          
  hsize                         ahb_transfer_size        3     BYTE                                                                           
  burst                         ahb_burst_kind           3     SINGLE                                                                         
  prot                          integral                 4     'h0x                                                                           
  begin_time                    time                     64    143350000                                                                      
  end_time                      time                     64    143850000                                                                      
----------------------------------------------------------------------------------------------------------------------------------------------

UVM_INFO $DVT_PREDEFINED_PROJECTS/uvm_ref_flow_1.1/soc_verification_lib/sv_cb_ex_lib/apb_subsystem/sv/ahb_user_monitor.sv(50) @ 143850000: uvm_test_top.ve.ahb0.master_agent.monitor [USR_MONITOR]  WRITE to 860004 with data 0 has ended
UVM_INFO $DVT_PREDEFINED_PROJECTS/uvm_ref_flow_1.1/soc_verification_lib/sv_cb_ex_lib/apb_subsystem/sv/apb_subsystem_env.sv(100) @ 143850000: uvm_test_top.ve.apb_ss_env [apb_subsystem_env] Write -- calling update() with address = 'h860004, data = 'h0
UVM_INFO $DVT_PREDEFINED_PROJECTS/uvm_ref_flow_1.1/soc_verification_lib/sv_cb_ex_lib/apb_subsystem/sv/apb_subsystem_env.sv(149) @ 143850000: uvm_test_top.ve.apb_ss_env [USR_MONITOR] Write access not to Control/Sataus Registers
UVM_INFO $DVT_PREDEFINED_PROJECTS/uvm_ref_flow_1.1/soc_verification_lib/sv_cb_ex_lib/interface_uvc_lib/uart/sv/uart_monitor.sv(236) @ 143950000: uvm_test_top.ve.uart0.Tx.monitor [uart_tx_monitor] Collected the following Frame No:4
----------------------------------------------------------------------------------------------------------------------------------------------
Name                            Type                     Size  Value                                                                          
----------------------------------------------------------------------------------------------------------------------------------------------
uart_frame                      uart_frame               -     @14980                                                                         
  start_bit                     integral                 1     'h0                                                                            
  payload                       integral                 8     'hdd                                                                           
  parity                        integral                 1     'h1                                                                            
  stop_bits                     integral                 2     'h1                                                                            
  error_bits                    integral                 4     'h0                                                                            
  parity_type                   parity_e                 1     GOOD_PARITY                                                                    
  transmit_delay                integral                 32    'd59                                                                           
  begin_time                    time                     64    126750000                                                                      
----------------------------------------------------------------------------------------------------------------------------------------------

UVM_INFO $DVT_PREDEFINED_PROJECTS/uvm_ref_flow_1.1/soc_verification_lib/sv_cb_ex_lib/interface_uvc_lib/uart/sv/uart_monitor.sv(175) @ 143950000: uvm_test_top.ve.uart0.Tx.monitor [uart_tx_monitor] trying to detect SOP
UVM_INFO $DVT_PREDEFINED_PROJECTS/uvm_ref_flow_1.1/soc_verification_lib/sv_cb_ex_lib/interface_uvc_lib/uart/sv/uart_tx_driver.sv(156) @ 143950000: uvm_test_top.ve.uart0.Tx.driver [uart_tx_driver] Driver Sending TX Frame...
----------------------------------------------------------------------------------------------------------------------------------------------
Name                            Type                     Size  Value                                                                          
----------------------------------------------------------------------------------------------------------------------------------------------
req                             uart_frame               -     @15026                                                                         
  start_bit                     integral                 1     'h0                                                                            
  payload                       integral                 8     'he0                                                                           
  parity                        integral                 1     'h0                                                                            
  stop_bits                     integral                 2     'h3                                                                            
  error_bits                    integral                 4     'h0                                                                            
  parity_type                   parity_e                 1     GOOD_PARITY                                                                    
  transmit_delay                integral                 32    'd15                                                                           
  begin_time                    time                     64    143950000                                                                      
  depth                         int                      32    'd4                                                                            
  parent sequence (name)        string                   8     uart_seq                                                                       
  parent sequence (full name)   string                   79    uvm_test_top.ve.virtual_sequencer.lp_shutdown_uart1.lp_shutdown_config.uart_seq
  sequencer                     string                   34    uvm_test_top.ve.uart0.Tx.sequencer                                             
----------------------------------------------------------------------------------------------------------------------------------------------

UVM_INFO $DVT_PREDEFINED_PROJECTS/uvm_ref_flow_1.1/soc_verification_lib/sv_cb_ex_lib/apb_subsystem/sv/sequence_lib/apb_subsystem_seq_lib.sv(141) @ 147350000: uvm_test_top.ve.ahb0.master_agent.sequencer@@lp_shutdown_uart1.on_off_uart1_seq.shut_dut [SEQ] shutdown_dut sequence is shutting down UART 
UVM_INFO $DVT_PREDEFINED_PROJECTS/uvm_ref_flow_1.1/soc_verification_lib/sv_cb_ex_lib/interface_uvc_lib/ahb/sv/ahb_master_driver.sv(128) @ 147550000: uvm_test_top.ve.ahb0.master_agent.driver [ahb_master_driver] Item 21 Sent ...
UVM_INFO $DVT_PREDEFINED_PROJECTS/uvm_ref_flow_1.1/soc_verification_lib/sv_cb_ex_lib/interface_uvc_lib/ahb/sv/ahb_master_monitor.sv(134) @ 148050000: uvm_test_top.ve.ahb0.master_agent.monitor [ahb_monitor] master transfer collected :
----------------------------------------------------------------------------------------------------------------------------------------------
Name                            Type                     Size  Value                                                                          
----------------------------------------------------------------------------------------------------------------------------------------------
transfer                        ahb_transfer             -     @14635                                                                         
  data                          integral                 32    'h1                                                                            
  address                       integral                 32    'h860004                                                                       
  direction                     ahb_direction            1     WRITE                                                                          
  hsize                         ahb_transfer_size        3     BYTE                                                                           
  burst                         ahb_burst_kind           3     SINGLE                                                                         
  prot                          integral                 4     'h0x                                                                           
  begin_time                    time                     64    147550000                                                                      
  end_time                      time                     64    148050000                                                                      
----------------------------------------------------------------------------------------------------------------------------------------------

UVM_INFO $DVT_PREDEFINED_PROJECTS/uvm_ref_flow_1.1/soc_verification_lib/sv_cb_ex_lib/apb_subsystem/sv/ahb_user_monitor.sv(50) @ 148050000: uvm_test_top.ve.ahb0.master_agent.monitor [USR_MONITOR]  WRITE to 860004 with data 1 has ended
UVM_INFO $DVT_PREDEFINED_PROJECTS/uvm_ref_flow_1.1/soc_verification_lib/sv_cb_ex_lib/apb_subsystem/sv/apb_subsystem_env.sv(100) @ 148050000: uvm_test_top.ve.apb_ss_env [apb_subsystem_env] Write -- calling update() with address = 'h860004, data = 'h1
UVM_INFO $DVT_PREDEFINED_PROJECTS/uvm_ref_flow_1.1/soc_verification_lib/sv_cb_ex_lib/apb_subsystem/sv/apb_subsystem_env.sv(149) @ 148050000: uvm_test_top.ve.apb_ss_env [USR_MONITOR] Write access not to Control/Sataus Registers
UVM_INFO $DVT_PREDEFINED_PROJECTS/uvm_ref_flow_1.1/soc_verification_lib/sv_cb_ex_lib/apb_subsystem/sv/sequence_lib/apb_subsystem_seq_lib.sv(171) @ 151550000: uvm_test_top.ve.ahb0.master_agent.sequencer@@lp_shutdown_uart1.on_off_uart1_seq.power_dut [SEQ] poweron_dut sequence is switching on PDurt
UVM_INFO $DVT_PREDEFINED_PROJECTS/uvm_ref_flow_1.1/soc_verification_lib/sv_cb_ex_lib/interface_uvc_lib/ahb/sv/ahb_master_driver.sv(128) @ 151750000: uvm_test_top.ve.ahb0.master_agent.driver [ahb_master_driver] Item 22 Sent ...
UVM_INFO $DVT_PREDEFINED_PROJECTS/uvm_ref_flow_1.1/soc_verification_lib/sv_cb_ex_lib/interface_uvc_lib/ahb/sv/ahb_master_monitor.sv(134) @ 152250000: uvm_test_top.ve.ahb0.master_agent.monitor [ahb_monitor] master transfer collected :
----------------------------------------------------------------------------------------------------------------------------------------------
Name                            Type                     Size  Value                                                                          
----------------------------------------------------------------------------------------------------------------------------------------------
transfer                        ahb_transfer             -     @14635                                                                         
  data                          integral                 32    'h0                                                                            
  address                       integral                 32    'h860004                                                                       
  direction                     ahb_direction            1     WRITE                                                                          
  hsize                         ahb_transfer_size        3     BYTE                                                                           
  burst                         ahb_burst_kind           3     SINGLE                                                                         
  prot                          integral                 4     'h0x                                                                           
  begin_time                    time                     64    151750000                                                                      
  end_time                      time                     64    152250000                                                                      
----------------------------------------------------------------------------------------------------------------------------------------------

UVM_INFO $DVT_PREDEFINED_PROJECTS/uvm_ref_flow_1.1/soc_verification_lib/sv_cb_ex_lib/apb_subsystem/sv/ahb_user_monitor.sv(50) @ 152250000: uvm_test_top.ve.ahb0.master_agent.monitor [USR_MONITOR]  WRITE to 860004 with data 0 has ended
UVM_INFO $DVT_PREDEFINED_PROJECTS/uvm_ref_flow_1.1/soc_verification_lib/sv_cb_ex_lib/apb_subsystem/sv/apb_subsystem_env.sv(100) @ 152250000: uvm_test_top.ve.apb_ss_env [apb_subsystem_env] Write -- calling update() with address = 'h860004, data = 'h0
UVM_INFO $DVT_PREDEFINED_PROJECTS/uvm_ref_flow_1.1/soc_verification_lib/sv_cb_ex_lib/apb_subsystem/sv/apb_subsystem_env.sv(149) @ 152250000: uvm_test_top.ve.apb_ss_env [USR_MONITOR] Write access not to Control/Sataus Registers
UVM_INFO $DVT_PREDEFINED_PROJECTS/uvm_ref_flow_1.1/soc_verification_lib/sv_cb_ex_lib/apb_subsystem/sv/sequence_lib/apb_subsystem_seq_lib.sv(141) @ 155750000: uvm_test_top.ve.ahb0.master_agent.sequencer@@lp_shutdown_uart1.on_off_uart1_seq.shut_dut [SEQ] shutdown_dut sequence is shutting down UART 
UVM_INFO $DVT_PREDEFINED_PROJECTS/uvm_ref_flow_1.1/soc_verification_lib/sv_cb_ex_lib/interface_uvc_lib/uart/sv/uart_tx_driver.sv(163) @ 155950000: uvm_test_top.ve.uart0.Tx.driver [uart_tx_driver] Driver - Modem RTS or CTS asserted
UVM_INFO $DVT_PREDEFINED_PROJECTS/uvm_ref_flow_1.1/soc_verification_lib/sv_cb_ex_lib/interface_uvc_lib/ahb/sv/ahb_master_driver.sv(128) @ 155950000: uvm_test_top.ve.ahb0.master_agent.driver [ahb_master_driver] Item 23 Sent ...
UVM_INFO $DVT_PREDEFINED_PROJECTS/uvm_ref_flow_1.1/soc_verification_lib/sv_cb_ex_lib/interface_uvc_lib/ahb/sv/ahb_master_monitor.sv(134) @ 156450000: uvm_test_top.ve.ahb0.master_agent.monitor [ahb_monitor] master transfer collected :
----------------------------------------------------------------------------------------------------------------------------------------------
Name                            Type                     Size  Value                                                                          
----------------------------------------------------------------------------------------------------------------------------------------------
transfer                        ahb_transfer             -     @14635                                                                         
  data                          integral                 32    'h1                                                                            
  address                       integral                 32    'h860004                                                                       
  direction                     ahb_direction            1     WRITE                                                                          
  hsize                         ahb_transfer_size        3     BYTE                                                                           
  burst                         ahb_burst_kind           3     SINGLE                                                                         
  prot                          integral                 4     'h0x                                                                           
  begin_time                    time                     64    155950000                                                                      
  end_time                      time                     64    156450000                                                                      
----------------------------------------------------------------------------------------------------------------------------------------------

UVM_INFO $DVT_PREDEFINED_PROJECTS/uvm_ref_flow_1.1/soc_verification_lib/sv_cb_ex_lib/apb_subsystem/sv/ahb_user_monitor.sv(50) @ 156450000: uvm_test_top.ve.ahb0.master_agent.monitor [USR_MONITOR]  WRITE to 860004 with data 1 has ended
UVM_INFO $DVT_PREDEFINED_PROJECTS/uvm_ref_flow_1.1/soc_verification_lib/sv_cb_ex_lib/apb_subsystem/sv/apb_subsystem_env.sv(100) @ 156450000: uvm_test_top.ve.apb_ss_env [apb_subsystem_env] Write -- calling update() with address = 'h860004, data = 'h1
UVM_INFO $DVT_PREDEFINED_PROJECTS/uvm_ref_flow_1.1/soc_verification_lib/sv_cb_ex_lib/apb_subsystem/sv/apb_subsystem_env.sv(149) @ 156450000: uvm_test_top.ve.apb_ss_env [USR_MONITOR] Write access not to Control/Sataus Registers
UVM_INFO $DVT_PREDEFINED_PROJECTS/uvm_ref_flow_1.1/soc_verification_lib/sv_cb_ex_lib/interface_uvc_lib/uart/sv/uart_tx_driver.sv(174) @ 157551000: uvm_test_top.ve.uart0.Tx.driver [uart_tx_driver] Driver Sending Frame SOP: 0
UVM_INFO $DVT_PREDEFINED_PROJECTS/uvm_ref_flow_1.1/soc_verification_lib/sv_cb_ex_lib/interface_uvc_lib/uart/sv/uart_monitor.sv(185) @ 158750000: uvm_test_top.ve.uart0.Tx.monitor [uart_tx_monitor] SOP detected
UVM_INFO $DVT_PREDEFINED_PROJECTS/uvm_ref_flow_1.1/soc_verification_lib/sv_cb_ex_lib/interface_uvc_lib/uart/sv/uart_monitor.sv(194) @ 158750000: uvm_test_top.ve.uart0.Tx.monitor [uart_tx_monitor] Collecting a frame: 5
UVM_INFO $DVT_PREDEFINED_PROJECTS/uvm_ref_flow_1.1/soc_verification_lib/sv_cb_ex_lib/interface_uvc_lib/uart/sv/uart_monitor.sv(145) @ 159150000: uvm_test_top.ve.uart0.Tx.monitor [uart_tx_monitor] sample_clk- resetting ua_brgr
UVM_INFO $DVT_PREDEFINED_PROJECTS/uvm_ref_flow_1.1/soc_verification_lib/sv_cb_ex_lib/interface_uvc_lib/uart/sv/uart_tx_driver.sv(182) @ 159151000: uvm_test_top.ve.uart0.Tx.driver [uart_tx_driver] Driver Sending Frame data bit number:0 value:'b00000000
UVM_INFO $DVT_PREDEFINED_PROJECTS/uvm_ref_flow_1.1/soc_verification_lib/sv_cb_ex_lib/apb_subsystem/sv/sequence_lib/apb_subsystem_seq_lib.sv(171) @ 159950000: uvm_test_top.ve.ahb0.master_agent.sequencer@@lp_shutdown_uart1.on_off_uart1_seq.power_dut [SEQ] poweron_dut sequence is switching on PDurt
UVM_INFO $DVT_PREDEFINED_PROJECTS/uvm_ref_flow_1.1/soc_verification_lib/sv_cb_ex_lib/interface_uvc_lib/ahb/sv/ahb_master_driver.sv(128) @ 160150000: uvm_test_top.ve.ahb0.master_agent.driver [ahb_master_driver] Item 24 Sent ...
UVM_INFO $DVT_PREDEFINED_PROJECTS/uvm_ref_flow_1.1/soc_verification_lib/sv_cb_ex_lib/interface_uvc_lib/ahb/sv/ahb_master_monitor.sv(134) @ 160650000: uvm_test_top.ve.ahb0.master_agent.monitor [ahb_monitor] master transfer collected :
----------------------------------------------------------------------------------------------------------------------------------------------
Name                            Type                     Size  Value                                                                          
----------------------------------------------------------------------------------------------------------------------------------------------
transfer                        ahb_transfer             -     @14635                                                                         
  data                          integral                 32    'h0                                                                            
  address                       integral                 32    'h860004                                                                       
  direction                     ahb_direction            1     WRITE                                                                          
  hsize                         ahb_transfer_size        3     BYTE                                                                           
  burst                         ahb_burst_kind           3     SINGLE                                                                         
  prot                          integral                 4     'h0x                                                                           
  begin_time                    time                     64    160150000                                                                      
  end_time                      time                     64    160650000                                                                      
----------------------------------------------------------------------------------------------------------------------------------------------

UVM_INFO $DVT_PREDEFINED_PROJECTS/uvm_ref_flow_1.1/soc_verification_lib/sv_cb_ex_lib/apb_subsystem/sv/ahb_user_monitor.sv(50) @ 160650000: uvm_test_top.ve.ahb0.master_agent.monitor [USR_MONITOR]  WRITE to 860004 with data 0 has ended
UVM_INFO $DVT_PREDEFINED_PROJECTS/uvm_ref_flow_1.1/soc_verification_lib/sv_cb_ex_lib/apb_subsystem/sv/apb_subsystem_env.sv(100) @ 160650000: uvm_test_top.ve.apb_ss_env [apb_subsystem_env] Write -- calling update() with address = 'h860004, data = 'h0
UVM_INFO $DVT_PREDEFINED_PROJECTS/uvm_ref_flow_1.1/soc_verification_lib/sv_cb_ex_lib/apb_subsystem/sv/apb_subsystem_env.sv(149) @ 160650000: uvm_test_top.ve.apb_ss_env [USR_MONITOR] Write access not to Control/Sataus Registers
UVM_INFO $DVT_PREDEFINED_PROJECTS/uvm_ref_flow_1.1/soc_verification_lib/sv_cb_ex_lib/interface_uvc_lib/uart/sv/uart_tx_driver.sv(182) @ 160751000: uvm_test_top.ve.uart0.Tx.driver [uart_tx_driver] Driver Sending Frame data bit number:1 value:'b00000000
UVM_INFO $DVT_PREDEFINED_PROJECTS/uvm_ref_flow_1.1/soc_verification_lib/sv_cb_ex_lib/interface_uvc_lib/uart/sv/uart_monitor.sv(211) @ 160751000: uvm_test_top.ve.uart0.Tx.monitor [uart_tx_monitor] Received a Frame data bit:'b0
UVM_INFO $DVT_PREDEFINED_PROJECTS/uvm_ref_flow_1.1/soc_verification_lib/sv_cb_ex_lib/interface_uvc_lib/uart/sv/uart_tx_driver.sv(182) @ 162351000: uvm_test_top.ve.uart0.Tx.driver [uart_tx_driver] Driver Sending Frame data bit number:2 value:'b00000000
UVM_INFO $DVT_PREDEFINED_PROJECTS/uvm_ref_flow_1.1/soc_verification_lib/sv_cb_ex_lib/interface_uvc_lib/uart/sv/uart_monitor.sv(211) @ 162351000: uvm_test_top.ve.uart0.Tx.monitor [uart_tx_monitor] Received a Frame data bit:'b0
UVM_INFO $DVT_PREDEFINED_PROJECTS/uvm_ref_flow_1.1/soc_verification_lib/sv_cb_ex_lib/interface_uvc_lib/uart/sv/uart_tx_driver.sv(182) @ 163951000: uvm_test_top.ve.uart0.Tx.driver [uart_tx_driver] Driver Sending Frame data bit number:3 value:'b00000000
UVM_INFO $DVT_PREDEFINED_PROJECTS/uvm_ref_flow_1.1/soc_verification_lib/sv_cb_ex_lib/interface_uvc_lib/uart/sv/uart_monitor.sv(211) @ 163951000: uvm_test_top.ve.uart0.Tx.monitor [uart_tx_monitor] Received a Frame data bit:'b0
UVM_INFO $DVT_PREDEFINED_PROJECTS/uvm_ref_flow_1.1/soc_verification_lib/sv_cb_ex_lib/apb_subsystem/sv/sequence_lib/apb_subsystem_seq_lib.sv(141) @ 164150000: uvm_test_top.ve.ahb0.master_agent.sequencer@@lp_shutdown_uart1.on_off_uart1_seq.shut_dut [SEQ] shutdown_dut sequence is shutting down UART 
UVM_INFO $DVT_PREDEFINED_PROJECTS/uvm_ref_flow_1.1/soc_verification_lib/sv_cb_ex_lib/interface_uvc_lib/ahb/sv/ahb_master_driver.sv(128) @ 164350000: uvm_test_top.ve.ahb0.master_agent.driver [ahb_master_driver] Item 25 Sent ...
UVM_INFO $DVT_PREDEFINED_PROJECTS/uvm_ref_flow_1.1/soc_verification_lib/sv_cb_ex_lib/interface_uvc_lib/ahb/sv/ahb_master_monitor.sv(134) @ 164850000: uvm_test_top.ve.ahb0.master_agent.monitor [ahb_monitor] master transfer collected :
----------------------------------------------------------------------------------------------------------------------------------------------
Name                            Type                     Size  Value                                                                          
----------------------------------------------------------------------------------------------------------------------------------------------
transfer                        ahb_transfer             -     @14635                                                                         
  data                          integral                 32    'h1                                                                            
  address                       integral                 32    'h860004                                                                       
  direction                     ahb_direction            1     WRITE                                                                          
  hsize                         ahb_transfer_size        3     BYTE                                                                           
  burst                         ahb_burst_kind           3     SINGLE                                                                         
  prot                          integral                 4     'h0x                                                                           
  begin_time                    time                     64    164350000                                                                      
  end_time                      time                     64    164850000                                                                      
----------------------------------------------------------------------------------------------------------------------------------------------

UVM_INFO $DVT_PREDEFINED_PROJECTS/uvm_ref_flow_1.1/soc_verification_lib/sv_cb_ex_lib/apb_subsystem/sv/ahb_user_monitor.sv(50) @ 164850000: uvm_test_top.ve.ahb0.master_agent.monitor [USR_MONITOR]  WRITE to 860004 with data 1 has ended
UVM_INFO $DVT_PREDEFINED_PROJECTS/uvm_ref_flow_1.1/soc_verification_lib/sv_cb_ex_lib/apb_subsystem/sv/apb_subsystem_env.sv(100) @ 164850000: uvm_test_top.ve.apb_ss_env [apb_subsystem_env] Write -- calling update() with address = 'h860004, data = 'h1
UVM_INFO $DVT_PREDEFINED_PROJECTS/uvm_ref_flow_1.1/soc_verification_lib/sv_cb_ex_lib/apb_subsystem/sv/apb_subsystem_env.sv(149) @ 164850000: uvm_test_top.ve.apb_ss_env [USR_MONITOR] Write access not to Control/Sataus Registers
UVM_INFO $DVT_PREDEFINED_PROJECTS/uvm_ref_flow_1.1/soc_verification_lib/sv_cb_ex_lib/interface_uvc_lib/uart/sv/uart_tx_driver.sv(182) @ 165551000: uvm_test_top.ve.uart0.Tx.driver [uart_tx_driver] Driver Sending Frame data bit number:4 value:'b00000000
UVM_INFO $DVT_PREDEFINED_PROJECTS/uvm_ref_flow_1.1/soc_verification_lib/sv_cb_ex_lib/interface_uvc_lib/uart/sv/uart_monitor.sv(211) @ 165551000: uvm_test_top.ve.uart0.Tx.monitor [uart_tx_monitor] Received a Frame data bit:'b0
UVM_INFO $DVT_PREDEFINED_PROJECTS/uvm_ref_flow_1.1/soc_verification_lib/sv_cb_ex_lib/interface_uvc_lib/uart/sv/uart_tx_driver.sv(182) @ 167151000: uvm_test_top.ve.uart0.Tx.driver [uart_tx_driver] Driver Sending Frame data bit number:5 value:'b00000001
UVM_INFO $DVT_PREDEFINED_PROJECTS/uvm_ref_flow_1.1/soc_verification_lib/sv_cb_ex_lib/interface_uvc_lib/uart/sv/uart_monitor.sv(211) @ 167151000: uvm_test_top.ve.uart0.Tx.monitor [uart_tx_monitor] Received a Frame data bit:'b0
UVM_INFO $DVT_PREDEFINED_PROJECTS/uvm_ref_flow_1.1/soc_verification_lib/sv_cb_ex_lib/apb_subsystem/sv/sequence_lib/apb_subsystem_seq_lib.sv(171) @ 168350000: uvm_test_top.ve.ahb0.master_agent.sequencer@@lp_shutdown_uart1.on_off_uart1_seq.power_dut [SEQ] poweron_dut sequence is switching on PDurt
UVM_INFO $DVT_PREDEFINED_PROJECTS/uvm_ref_flow_1.1/soc_verification_lib/sv_cb_ex_lib/interface_uvc_lib/ahb/sv/ahb_master_driver.sv(128) @ 168550000: uvm_test_top.ve.ahb0.master_agent.driver [ahb_master_driver] Item 26 Sent ...
UVM_INFO $DVT_PREDEFINED_PROJECTS/uvm_ref_flow_1.1/soc_verification_lib/sv_cb_ex_lib/interface_uvc_lib/uart/sv/uart_tx_driver.sv(182) @ 168751000: uvm_test_top.ve.uart0.Tx.driver [uart_tx_driver] Driver Sending Frame data bit number:6 value:'b00000001
UVM_INFO $DVT_PREDEFINED_PROJECTS/uvm_ref_flow_1.1/soc_verification_lib/sv_cb_ex_lib/interface_uvc_lib/uart/sv/uart_monitor.sv(211) @ 168751000: uvm_test_top.ve.uart0.Tx.monitor [uart_tx_monitor] Received a Frame data bit:'b1
UVM_INFO $DVT_PREDEFINED_PROJECTS/uvm_ref_flow_1.1/soc_verification_lib/sv_cb_ex_lib/interface_uvc_lib/ahb/sv/ahb_master_monitor.sv(134) @ 169050000: uvm_test_top.ve.ahb0.master_agent.monitor [ahb_monitor] master transfer collected :
----------------------------------------------------------------------------------------------------------------------------------------------
Name                            Type                     Size  Value                                                                          
----------------------------------------------------------------------------------------------------------------------------------------------
transfer                        ahb_transfer             -     @14635                                                                         
  data                          integral                 32    'h0                                                                            
  address                       integral                 32    'h860004                                                                       
  direction                     ahb_direction            1     WRITE                                                                          
  hsize                         ahb_transfer_size        3     BYTE                                                                           
  burst                         ahb_burst_kind           3     SINGLE                                                                         
  prot                          integral                 4     'h0x                                                                           
  begin_time                    time                     64    168550000                                                                      
  end_time                      time                     64    169050000                                                                      
----------------------------------------------------------------------------------------------------------------------------------------------

UVM_INFO $DVT_PREDEFINED_PROJECTS/uvm_ref_flow_1.1/soc_verification_lib/sv_cb_ex_lib/apb_subsystem/sv/ahb_user_monitor.sv(50) @ 169050000: uvm_test_top.ve.ahb0.master_agent.monitor [USR_MONITOR]  WRITE to 860004 with data 0 has ended
UVM_INFO $DVT_PREDEFINED_PROJECTS/uvm_ref_flow_1.1/soc_verification_lib/sv_cb_ex_lib/apb_subsystem/sv/apb_subsystem_env.sv(100) @ 169050000: uvm_test_top.ve.apb_ss_env [apb_subsystem_env] Write -- calling update() with address = 'h860004, data = 'h0
UVM_INFO $DVT_PREDEFINED_PROJECTS/uvm_ref_flow_1.1/soc_verification_lib/sv_cb_ex_lib/apb_subsystem/sv/apb_subsystem_env.sv(149) @ 169050000: uvm_test_top.ve.apb_ss_env [USR_MONITOR] Write access not to Control/Sataus Registers
UVM_INFO $DVT_PREDEFINED_PROJECTS/uvm_ref_flow_1.1/soc_verification_lib/sv_cb_ex_lib/interface_uvc_lib/uart/sv/uart_tx_driver.sv(182) @ 170351000: uvm_test_top.ve.uart0.Tx.driver [uart_tx_driver] Driver Sending Frame data bit number:7 value:'b00000001
UVM_INFO $DVT_PREDEFINED_PROJECTS/uvm_ref_flow_1.1/soc_verification_lib/sv_cb_ex_lib/interface_uvc_lib/uart/sv/uart_monitor.sv(211) @ 170351000: uvm_test_top.ve.uart0.Tx.monitor [uart_tx_monitor] Received a Frame data bit:'b1
UVM_INFO $DVT_PREDEFINED_PROJECTS/uvm_ref_flow_1.1/soc_verification_lib/sv_cb_ex_lib/interface_uvc_lib/uart/sv/uart_tx_driver.sv(189) @ 171951000: uvm_test_top.ve.uart0.Tx.driver [uart_tx_driver] Driver Sending Frame Parity bit:'b0
UVM_INFO $DVT_PREDEFINED_PROJECTS/uvm_ref_flow_1.1/soc_verification_lib/sv_cb_ex_lib/interface_uvc_lib/uart/sv/uart_monitor.sv(211) @ 171951000: uvm_test_top.ve.uart0.Tx.monitor [uart_tx_monitor] Received a Frame data bit:'b1
UVM_INFO $DVT_PREDEFINED_PROJECTS/uvm_ref_flow_1.1/soc_verification_lib/sv_cb_ex_lib/apb_subsystem/sv/sequence_lib/apb_subsystem_seq_lib.sv(141) @ 172550000: uvm_test_top.ve.ahb0.master_agent.sequencer@@lp_shutdown_uart1.on_off_uart1_seq.shut_dut [SEQ] shutdown_dut sequence is shutting down UART 
UVM_INFO $DVT_PREDEFINED_PROJECTS/uvm_ref_flow_1.1/soc_verification_lib/sv_cb_ex_lib/interface_uvc_lib/ahb/sv/ahb_master_driver.sv(128) @ 172750000: uvm_test_top.ve.ahb0.master_agent.driver [ahb_master_driver] Item 27 Sent ...
UVM_INFO $DVT_PREDEFINED_PROJECTS/uvm_ref_flow_1.1/soc_verification_lib/sv_cb_ex_lib/interface_uvc_lib/ahb/sv/ahb_master_monitor.sv(134) @ 173250000: uvm_test_top.ve.ahb0.master_agent.monitor [ahb_monitor] master transfer collected :
----------------------------------------------------------------------------------------------------------------------------------------------
Name                            Type                     Size  Value                                                                          
----------------------------------------------------------------------------------------------------------------------------------------------
transfer                        ahb_transfer             -     @14635                                                                         
  data                          integral                 32    'h1                                                                            
  address                       integral                 32    'h860004                                                                       
  direction                     ahb_direction            1     WRITE                                                                          
  hsize                         ahb_transfer_size        3     BYTE                                                                           
  burst                         ahb_burst_kind           3     SINGLE                                                                         
  prot                          integral                 4     'h0x                                                                           
  begin_time                    time                     64    172750000                                                                      
  end_time                      time                     64    173250000                                                                      
----------------------------------------------------------------------------------------------------------------------------------------------

UVM_INFO $DVT_PREDEFINED_PROJECTS/uvm_ref_flow_1.1/soc_verification_lib/sv_cb_ex_lib/apb_subsystem/sv/ahb_user_monitor.sv(50) @ 173250000: uvm_test_top.ve.ahb0.master_agent.monitor [USR_MONITOR]  WRITE to 860004 with data 1 has ended
UVM_INFO $DVT_PREDEFINED_PROJECTS/uvm_ref_flow_1.1/soc_verification_lib/sv_cb_ex_lib/apb_subsystem/sv/apb_subsystem_env.sv(100) @ 173250000: uvm_test_top.ve.apb_ss_env [apb_subsystem_env] Write -- calling update() with address = 'h860004, data = 'h1
UVM_INFO $DVT_PREDEFINED_PROJECTS/uvm_ref_flow_1.1/soc_verification_lib/sv_cb_ex_lib/apb_subsystem/sv/apb_subsystem_env.sv(149) @ 173250000: uvm_test_top.ve.apb_ss_env [USR_MONITOR] Write access not to Control/Sataus Registers
UVM_INFO $DVT_PREDEFINED_PROJECTS/uvm_ref_flow_1.1/soc_verification_lib/sv_cb_ex_lib/interface_uvc_lib/uart/sv/uart_tx_driver.sv(196) @ 173551000: uvm_test_top.ve.uart0.Tx.driver [uart_tx_driver] Driver Sending Frame Stop bit:'b1
UVM_INFO $DVT_PREDEFINED_PROJECTS/uvm_ref_flow_1.1/soc_verification_lib/sv_cb_ex_lib/interface_uvc_lib/uart/sv/uart_monitor.sv(217) @ 173551000: uvm_test_top.ve.uart0.Tx.monitor [uart_tx_monitor] Received Parity bit:'b0
UVM_INFO $DVT_PREDEFINED_PROJECTS/uvm_ref_flow_1.1/soc_verification_lib/sv_cb_ex_lib/interface_uvc_lib/uart/sv/uart_monitor.sv(219) @ 173551000: uvm_test_top.ve.uart0.Tx.monitor [uart_tx_monitor] Received Parity is same as calculated Parity
UVM_INFO $DVT_PREDEFINED_PROJECTS/uvm_ref_flow_1.1/soc_verification_lib/sv_cb_ex_lib/interface_uvc_lib/uart/sv/uart_tx_driver.sv(216) @ 174350000: uvm_test_top.ve.uart0.Tx.driver [uart_tx_driver] Frame **5** Sent...
UVM_INFO $DVT_PREDEFINED_PROJECTS/uvm_ref_flow_1.1/soc_verification_lib/sv_cb_ex_lib/interface_uvc_lib/uart/sv/uart_tx_driver.sv(220) @ 175150000: uvm_test_top.ve.uart0.Tx.driver [uart_tx_driver] Frame complete...
UVM_INFO $DVT_PREDEFINED_PROJECTS/uvm_ref_flow_1.1/soc_verification_lib/sv_cb_ex_lib/interface_uvc_lib/uart/sv/uart_monitor.sv(227) @ 175151000: uvm_test_top.ve.uart0.Tx.monitor [uart_tx_monitor] Received a Stop bit: 'b1
UVM_INFO $DVT_PREDEFINED_PROJECTS/uvm_ref_flow_1.1/soc_verification_lib/sv_cb_ex_lib/interface_uvc_lib/uart/sv/uart_monitor.sv(236) @ 175950000: uvm_test_top.ve.uart0.Tx.monitor [uart_tx_monitor] Collected the following Frame No:5
----------------------------------------------------------------------------------------------------------------------------------------------
Name                            Type                     Size  Value                                                                          
----------------------------------------------------------------------------------------------------------------------------------------------
uart_frame                      uart_frame               -     @15112                                                                         
  start_bit                     integral                 1     'h0                                                                            
  payload                       integral                 8     'he0                                                                           
  parity                        integral                 1     'h0                                                                            
  stop_bits                     integral                 2     'h1                                                                            
  error_bits                    integral                 4     'h0                                                                            
  parity_type                   parity_e                 1     GOOD_PARITY                                                                    
  transmit_delay                integral                 32    'd19                                                                           
  begin_time                    time                     64    158750000                                                                      
----------------------------------------------------------------------------------------------------------------------------------------------

UVM_INFO $DVT_PREDEFINED_PROJECTS/uvm_ref_flow_1.1/soc_verification_lib/sv_cb_ex_lib/interface_uvc_lib/uart/sv/uart_monitor.sv(175) @ 175950000: uvm_test_top.ve.uart0.Tx.monitor [uart_tx_monitor] trying to detect SOP
UVM_INFO $DVT_PREDEFINED_PROJECTS/uvm_ref_flow_1.1/soc_verification_lib/sv_cb_ex_lib/interface_uvc_lib/uart/sv/uart_tx_driver.sv(156) @ 175950000: uvm_test_top.ve.uart0.Tx.driver [uart_tx_driver] Driver Sending TX Frame...
----------------------------------------------------------------------------------------------------------------------------------------------
Name                            Type                     Size  Value                                                                          
----------------------------------------------------------------------------------------------------------------------------------------------
req                             uart_frame               -     @14958                                                                         
  start_bit                     integral                 1     'h0                                                                            
  payload                       integral                 8     'he3                                                                           
  parity                        integral                 1     'h0                                                                            
  stop_bits                     integral                 2     'h3                                                                            
  error_bits                    integral                 4     'h0                                                                            
  parity_type                   parity_e                 1     GOOD_PARITY                                                                    
  transmit_delay                integral                 32    'd19                                                                           
  begin_time                    time                     64    175950000                                                                      
  depth                         int                      32    'd4                                                                            
  parent sequence (name)        string                   8     uart_seq                                                                       
  parent sequence (full name)   string                   79    uvm_test_top.ve.virtual_sequencer.lp_shutdown_uart1.lp_shutdown_config.uart_seq
  sequencer                     string                   34    uvm_test_top.ve.uart0.Tx.sequencer                                             
----------------------------------------------------------------------------------------------------------------------------------------------

UVM_INFO $DVT_PREDEFINED_PROJECTS/uvm_ref_flow_1.1/soc_verification_lib/sv_cb_ex_lib/apb_subsystem/sv/sequence_lib/apb_subsystem_seq_lib.sv(171) @ 176750000: uvm_test_top.ve.ahb0.master_agent.sequencer@@lp_shutdown_uart1.on_off_uart1_seq.power_dut [SEQ] poweron_dut sequence is switching on PDurt
UVM_INFO $DVT_PREDEFINED_PROJECTS/uvm_ref_flow_1.1/soc_verification_lib/sv_cb_ex_lib/interface_uvc_lib/ahb/sv/ahb_master_driver.sv(128) @ 176950000: uvm_test_top.ve.ahb0.master_agent.driver [ahb_master_driver] Item 28 Sent ...
UVM_INFO $DVT_PREDEFINED_PROJECTS/uvm_ref_flow_1.1/soc_verification_lib/sv_cb_ex_lib/interface_uvc_lib/ahb/sv/ahb_master_monitor.sv(134) @ 177450000: uvm_test_top.ve.ahb0.master_agent.monitor [ahb_monitor] master transfer collected :
----------------------------------------------------------------------------------------------------------------------------------------------
Name                            Type                     Size  Value                                                                          
----------------------------------------------------------------------------------------------------------------------------------------------
transfer                        ahb_transfer             -     @14635                                                                         
  data                          integral                 32    'h0                                                                            
  address                       integral                 32    'h860004                                                                       
  direction                     ahb_direction            1     WRITE                                                                          
  hsize                         ahb_transfer_size        3     BYTE                                                                           
  burst                         ahb_burst_kind           3     SINGLE                                                                         
  prot                          integral                 4     'h0x                                                                           
  begin_time                    time                     64    176950000                                                                      
  end_time                      time                     64    177450000                                                                      
----------------------------------------------------------------------------------------------------------------------------------------------

UVM_INFO $DVT_PREDEFINED_PROJECTS/uvm_ref_flow_1.1/soc_verification_lib/sv_cb_ex_lib/apb_subsystem/sv/ahb_user_monitor.sv(50) @ 177450000: uvm_test_top.ve.ahb0.master_agent.monitor [USR_MONITOR]  WRITE to 860004 with data 0 has ended
UVM_INFO $DVT_PREDEFINED_PROJECTS/uvm_ref_flow_1.1/soc_verification_lib/sv_cb_ex_lib/apb_subsystem/sv/apb_subsystem_env.sv(100) @ 177450000: uvm_test_top.ve.apb_ss_env [apb_subsystem_env] Write -- calling update() with address = 'h860004, data = 'h0
UVM_INFO $DVT_PREDEFINED_PROJECTS/uvm_ref_flow_1.1/soc_verification_lib/sv_cb_ex_lib/apb_subsystem/sv/apb_subsystem_env.sv(149) @ 177450000: uvm_test_top.ve.apb_ss_env [USR_MONITOR] Write access not to Control/Sataus Registers
UVM_INFO $DVT_PREDEFINED_PROJECTS/uvm_ref_flow_1.1/soc_verification_lib/sv_cb_ex_lib/apb_subsystem/sv/sequence_lib/apb_subsystem_seq_lib.sv(141) @ 180950000: uvm_test_top.ve.ahb0.master_agent.sequencer@@lp_shutdown_uart1.on_off_uart1_seq.shut_dut [SEQ] shutdown_dut sequence is shutting down UART 
UVM_INFO $DVT_PREDEFINED_PROJECTS/uvm_ref_flow_1.1/soc_verification_lib/sv_cb_ex_lib/interface_uvc_lib/ahb/sv/ahb_master_driver.sv(128) @ 181150000: uvm_test_top.ve.ahb0.master_agent.driver [ahb_master_driver] Item 29 Sent ...
UVM_INFO $DVT_PREDEFINED_PROJECTS/uvm_ref_flow_1.1/soc_verification_lib/sv_cb_ex_lib/interface_uvc_lib/ahb/sv/ahb_master_monitor.sv(134) @ 181650000: uvm_test_top.ve.ahb0.master_agent.monitor [ahb_monitor] master transfer collected :
----------------------------------------------------------------------------------------------------------------------------------------------
Name                            Type                     Size  Value                                                                          
----------------------------------------------------------------------------------------------------------------------------------------------
transfer                        ahb_transfer             -     @14635                                                                         
  data                          integral                 32    'h1                                                                            
  address                       integral                 32    'h860004                                                                       
  direction                     ahb_direction            1     WRITE                                                                          
  hsize                         ahb_transfer_size        3     BYTE                                                                           
  burst                         ahb_burst_kind           3     SINGLE                                                                         
  prot                          integral                 4     'h0x                                                                           
  begin_time                    time                     64    181150000                                                                      
  end_time                      time                     64    181650000                                                                      
----------------------------------------------------------------------------------------------------------------------------------------------

UVM_INFO $DVT_PREDEFINED_PROJECTS/uvm_ref_flow_1.1/soc_verification_lib/sv_cb_ex_lib/apb_subsystem/sv/ahb_user_monitor.sv(50) @ 181650000: uvm_test_top.ve.ahb0.master_agent.monitor [USR_MONITOR]  WRITE to 860004 with data 1 has ended
UVM_INFO $DVT_PREDEFINED_PROJECTS/uvm_ref_flow_1.1/soc_verification_lib/sv_cb_ex_lib/apb_subsystem/sv/apb_subsystem_env.sv(100) @ 181650000: uvm_test_top.ve.apb_ss_env [apb_subsystem_env] Write -- calling update() with address = 'h860004, data = 'h1
UVM_INFO $DVT_PREDEFINED_PROJECTS/uvm_ref_flow_1.1/soc_verification_lib/sv_cb_ex_lib/apb_subsystem/sv/apb_subsystem_env.sv(149) @ 181650000: uvm_test_top.ve.apb_ss_env [USR_MONITOR] Write access not to Control/Sataus Registers
UVM_INFO $DVT_PREDEFINED_PROJECTS/uvm_ref_flow_1.1/soc_verification_lib/sv_cb_ex_lib/apb_subsystem/sv/sequence_lib/apb_subsystem_seq_lib.sv(171) @ 185150000: uvm_test_top.ve.ahb0.master_agent.sequencer@@lp_shutdown_uart1.on_off_uart1_seq.power_dut [SEQ] poweron_dut sequence is switching on PDurt
UVM_INFO $DVT_PREDEFINED_PROJECTS/uvm_ref_flow_1.1/soc_verification_lib/sv_cb_ex_lib/interface_uvc_lib/ahb/sv/ahb_master_driver.sv(128) @ 185350000: uvm_test_top.ve.ahb0.master_agent.driver [ahb_master_driver] Item 30 Sent ...
UVM_INFO $DVT_PREDEFINED_PROJECTS/uvm_ref_flow_1.1/soc_verification_lib/sv_cb_ex_lib/interface_uvc_lib/ahb/sv/ahb_master_monitor.sv(134) @ 185850000: uvm_test_top.ve.ahb0.master_agent.monitor [ahb_monitor] master transfer collected :
----------------------------------------------------------------------------------------------------------------------------------------------
Name                            Type                     Size  Value                                                                          
----------------------------------------------------------------------------------------------------------------------------------------------
transfer                        ahb_transfer             -     @14635                                                                         
  data                          integral                 32    'h0                                                                            
  address                       integral                 32    'h860004                                                                       
  direction                     ahb_direction            1     WRITE                                                                          
  hsize                         ahb_transfer_size        3     BYTE                                                                           
  burst                         ahb_burst_kind           3     SINGLE                                                                         
  prot                          integral                 4     'h0x                                                                           
  begin_time                    time                     64    185350000                                                                      
  end_time                      time                     64    185850000                                                                      
----------------------------------------------------------------------------------------------------------------------------------------------

UVM_INFO $DVT_PREDEFINED_PROJECTS/uvm_ref_flow_1.1/soc_verification_lib/sv_cb_ex_lib/apb_subsystem/sv/ahb_user_monitor.sv(50) @ 185850000: uvm_test_top.ve.ahb0.master_agent.monitor [USR_MONITOR]  WRITE to 860004 with data 0 has ended
UVM_INFO $DVT_PREDEFINED_PROJECTS/uvm_ref_flow_1.1/soc_verification_lib/sv_cb_ex_lib/apb_subsystem/sv/apb_subsystem_env.sv(100) @ 185850000: uvm_test_top.ve.apb_ss_env [apb_subsystem_env] Write -- calling update() with address = 'h860004, data = 'h0
UVM_INFO $DVT_PREDEFINED_PROJECTS/uvm_ref_flow_1.1/soc_verification_lib/sv_cb_ex_lib/apb_subsystem/sv/apb_subsystem_env.sv(149) @ 185850000: uvm_test_top.ve.apb_ss_env [USR_MONITOR] Write access not to Control/Sataus Registers
UVM_INFO $DVT_PREDEFINED_PROJECTS/uvm_ref_flow_1.1/soc_verification_lib/sv_cb_ex_lib/interface_uvc_lib/uart/sv/uart_tx_driver.sv(163) @ 191150000: uvm_test_top.ve.uart0.Tx.driver [uart_tx_driver] Driver - Modem RTS or CTS asserted
UVM_INFO $DVT_PREDEFINED_PROJECTS/uvm_ref_flow_1.1/soc_verification_lib/sv_cb_ex_lib/interface_uvc_lib/uart/sv/uart_tx_driver.sv(174) @ 192751000: uvm_test_top.ve.uart0.Tx.driver [uart_tx_driver] Driver Sending Frame SOP: 0
UVM_INFO $DVT_PREDEFINED_PROJECTS/uvm_ref_flow_1.1/soc_verification_lib/sv_cb_ex_lib/interface_uvc_lib/uart/sv/uart_monitor.sv(185) @ 193950000: uvm_test_top.ve.uart0.Tx.monitor [uart_tx_monitor] SOP detected
UVM_INFO $DVT_PREDEFINED_PROJECTS/uvm_ref_flow_1.1/soc_verification_lib/sv_cb_ex_lib/interface_uvc_lib/uart/sv/uart_monitor.sv(194) @ 193950000: uvm_test_top.ve.uart0.Tx.monitor [uart_tx_monitor] Collecting a frame: 6
UVM_INFO $DVT_PREDEFINED_PROJECTS/uvm_ref_flow_1.1/soc_verification_lib/sv_cb_ex_lib/interface_uvc_lib/uart/sv/uart_monitor.sv(145) @ 194350000: uvm_test_top.ve.uart0.Tx.monitor [uart_tx_monitor] sample_clk- resetting ua_brgr
UVM_INFO $DVT_PREDEFINED_PROJECTS/uvm_ref_flow_1.1/soc_verification_lib/sv_cb_ex_lib/interface_uvc_lib/uart/sv/uart_tx_driver.sv(182) @ 194351000: uvm_test_top.ve.uart0.Tx.driver [uart_tx_driver] Driver Sending Frame data bit number:0 value:'b00000001
UVM_INFO $DVT_PREDEFINED_PROJECTS/uvm_ref_flow_1.1/soc_verification_lib/sv_cb_ex_lib/interface_uvc_lib/uart/sv/uart_tx_driver.sv(182) @ 195951000: uvm_test_top.ve.uart0.Tx.driver [uart_tx_driver] Driver Sending Frame data bit number:1 value:'b00000001
UVM_INFO $DVT_PREDEFINED_PROJECTS/uvm_ref_flow_1.1/soc_verification_lib/sv_cb_ex_lib/interface_uvc_lib/uart/sv/uart_monitor.sv(211) @ 195951000: uvm_test_top.ve.uart0.Tx.monitor [uart_tx_monitor] Received a Frame data bit:'b1
UVM_INFO $DVT_PREDEFINED_PROJECTS/uvm_ref_flow_1.1/soc_verification_lib/sv_cb_ex_lib/interface_uvc_lib/uart/sv/uart_tx_driver.sv(182) @ 197551000: uvm_test_top.ve.uart0.Tx.driver [uart_tx_driver] Driver Sending Frame data bit number:2 value:'b00000000
UVM_INFO $DVT_PREDEFINED_PROJECTS/uvm_ref_flow_1.1/soc_verification_lib/sv_cb_ex_lib/interface_uvc_lib/uart/sv/uart_monitor.sv(211) @ 197551000: uvm_test_top.ve.uart0.Tx.monitor [uart_tx_monitor] Received a Frame data bit:'b1
UVM_INFO $DVT_PREDEFINED_PROJECTS/uvm_ref_flow_1.1/soc_verification_lib/sv_cb_ex_lib/interface_uvc_lib/uart/sv/uart_tx_driver.sv(182) @ 199151000: uvm_test_top.ve.uart0.Tx.driver [uart_tx_driver] Driver Sending Frame data bit number:3 value:'b00000000
UVM_INFO $DVT_PREDEFINED_PROJECTS/uvm_ref_flow_1.1/soc_verification_lib/sv_cb_ex_lib/interface_uvc_lib/uart/sv/uart_monitor.sv(211) @ 199151000: uvm_test_top.ve.uart0.Tx.monitor [uart_tx_monitor] Received a Frame data bit:'b0
UVM_INFO $DVT_PREDEFINED_PROJECTS/uvm_ref_flow_1.1/soc_verification_lib/sv_cb_ex_lib/interface_uvc_lib/uart/sv/uart_seq_lib.sv(70) @ 199350000: uvm_test_top.ve.uart1.Tx.sequencer@@lp_shutdown_uart1.uart_seq [uart_incr_payload_seq] UART sequencer executing sequence...
UVM_INFO $DVT_PREDEFINED_PROJECTS/uvm_ref_flow_1.1/soc_verification_lib/sv_cb_ex_lib/interface_uvc_lib/uart/sv/uart_tx_driver.sv(156) @ 199350000: uvm_test_top.ve.uart1.Tx.driver [uart_tx_driver] Driver Sending TX Frame...
----------------------------------------------------------------------------------------------------------------------------------------------
Name                            Type                     Size  Value                                                                          
----------------------------------------------------------------------------------------------------------------------------------------------
req                             uart_frame               -     @15090                                                                         
  start_bit                     integral                 1     'h0                                                                            
  payload                       integral                 8     'haf                                                                           
  parity                        integral                 1     'h1                                                                            
  stop_bits                     integral                 2     'h3                                                                            
  error_bits                    integral                 4     'h0                                                                            
  parity_type                   parity_e                 1     GOOD_PARITY                                                                    
  transmit_delay                integral                 32    'd9                                                                            
  begin_time                    time                     64    199350000                                                                      
  depth                         int                      32    'd3                                                                            
  parent sequence (name)        string                   8     uart_seq                                                                       
  parent sequence (full name)   string                   60    uvm_test_top.ve.virtual_sequencer.lp_shutdown_uart1.uart_seq                   
  sequencer                     string                   34    uvm_test_top.ve.uart1.Tx.sequencer                                             
----------------------------------------------------------------------------------------------------------------------------------------------

UVM_INFO $DVT_PREDEFINED_PROJECTS/uvm_ref_flow_1.1/soc_verification_lib/sv_cb_ex_lib/interface_uvc_lib/ahb/sv/ahb_master_driver.sv(128) @ 199550000: uvm_test_top.ve.ahb0.master_agent.driver [ahb_master_driver] Item 31 Sent ...
UVM_INFO $DVT_PREDEFINED_PROJECTS/uvm_ref_flow_1.1/soc_verification_lib/sv_cb_ex_lib/interface_uvc_lib/apb/sv/apb_monitor.sv(129) @ 199850000: uvm_test_top.ve.apb0.bus_monitor [apb_monitor] Address Phase Complete: 00880000[APB_WRITE]
UVM_INFO $DVT_PREDEFINED_PROJECTS/uvm_ref_flow_1.1/soc_verification_lib/sv_cb_ex_lib/interface_uvc_lib/apb/sv/apb_monitor.sv(145) @ 199950000: uvm_test_top.ve.apb0.bus_monitor [apb_monitor] Transaction Collected:
----------------------------------------------------------------------------------------------------------------------------------------------
Name                            Type                     Size  Value                                                                          
----------------------------------------------------------------------------------------------------------------------------------------------
trans_collected                 apb_transfer             -     @15034                                                                         
  addr                          integral                 32    'h880000                                                                       
  direction                     apb_direction_enum       32    APB_WRITE                                                                      
  data                          integral                 32    'hd258a9bf                                                                     
  master                        string                   6     master                                                                         
  slave                         string                   5     uart1                                                                          
  begin_time                    time                     64    199750000                                                                      
  end_time                      time                     64    199950000                                                                      
----------------------------------------------------------------------------------------------------------------------------------------------

UVM_INFO $DVT_PREDEFINED_PROJECTS/uvm_ref_flow_1.1/soc_verification_lib/sv_cb_ex_lib/uart_ctrl/sv/uart_ctrl_scoreboard.sv(159) @ 199950000: uvm_test_top.ve.apb_ss_env.apb_uart0.monitor.rx_scbd [SCRBD] write_apb called with addr = 'h880000 and data = 'hd258a9bf
UVM_INFO $DVT_PREDEFINED_PROJECTS/uvm_ref_flow_1.1/soc_verification_lib/sv_cb_ex_lib/uart_ctrl/sv/uart_ctrl_env.sv(123) @ 199950000: uvm_test_top.ve.apb_ss_env.apb_uart1 [uart_ctrl_env] APB_WRITE: addr = 'h880000, data = 'hd258a9bf
UVM_INFO $DVT_PREDEFINED_PROJECTS/uvm_ref_flow_1.1/soc_verification_lib/sv_cb_ex_lib/uart_ctrl/sv/uart_ctrl_env.sv(185) @ 199950000: uvm_test_top.ve.apb_ss_env.apb_uart1 [uart_ctrl_env] Setting Config
----------------------------------------------------------------------------------------------------------------------------------------------
Name                            Type                     Size  Value                                                                          
----------------------------------------------------------------------------------------------------------------------------------------------
uart_cfg                        uart_config              -     @5038                                                                          
  is_tx_active                  uvm_active_passive_enum  1     UVM_ACTIVE                                                                     
  is_rx_active                  uvm_active_passive_enum  1     UVM_PASSIVE                                                                    
  baud_rate_gen                 integral                 8     'd1                                                                            
  baud_rate_div                 integral                 8     'd0                                                                            
  char_length                   integral                 2     'h3                                                                            
  nbstop                        integral                 1     'h1                                                                            
  parity_en                     integral                 1     'h1                                                                            
  parity_mode                   integral                 2     'h0                                                                            
----------------------------------------------------------------------------------------------------------------------------------------------

UVM_INFO $DVT_PREDEFINED_PROJECTS/uvm_ref_flow_1.1/soc_verification_lib/sv_cb_ex_lib/uart_ctrl/sv/uart_ctrl_scoreboard.sv(159) @ 199950000: uvm_test_top.ve.apb_ss_env.apb_uart1.monitor.rx_scbd [SCRBD] write_apb called with addr = 'h880000 and data = 'hd258a9bf
UVM_INFO $DVT_PREDEFINED_PROJECTS/uvm_ref_flow_1.1/soc_verification_lib/sv_cb_ex_lib/uart_ctrl/sv/uart_ctrl_scoreboard.sv(173) @ 199950000: uvm_test_top.ve.apb_ss_env.apb_uart1.monitor.rx_scbd [SCRBD] write_apb called pushing into queue with data = 'hd258a9bf
UVM_INFO $DVT_PREDEFINED_PROJECTS/uvm_ref_flow_1.1/soc_verification_lib/sv_cb_ex_lib/interface_uvc_lib/apb/sv/apb_collector.sv(139) @ 199950000: uvm_test_top.ve.apb0.bus_collector [apb_collector] Transfer collected :
----------------------------------------------------------------------------------------------------------------------------------------------
Name                            Type                     Size  Value                                                                          
----------------------------------------------------------------------------------------------------------------------------------------------
trans_collected                 apb_transfer             -     @8188                                                                          
  addr                          integral                 32    'h880000                                                                       
  direction                     apb_direction_enum       32    APB_WRITE                                                                      
  data                          integral                 32    'hd258a9bf                                                                     
  master                        string                   6     master                                                                         
  slave                         string                   5     uart1                                                                          
  begin_time                    time                     64    199750000                                                                      
  end_time                      time                     64    199950000                                                                      
----------------------------------------------------------------------------------------------------------------------------------------------

UVM_INFO $DVT_PREDEFINED_PROJECTS/uvm_ref_flow_1.1/soc_verification_lib/sv_cb_ex_lib/interface_uvc_lib/ahb/sv/ahb_master_monitor.sv(134) @ 200150000: uvm_test_top.ve.ahb0.master_agent.monitor [ahb_monitor] master transfer collected :
----------------------------------------------------------------------------------------------------------------------------------------------
Name                            Type                     Size  Value                                                                          
----------------------------------------------------------------------------------------------------------------------------------------------
transfer                        ahb_transfer             -     @14635                                                                         
  data                          integral                 32    'hd258a9bf                                                                     
  address                       integral                 32    'h880000                                                                       
  direction                     ahb_direction            1     WRITE                                                                          
  hsize                         ahb_transfer_size        3     BYTE                                                                           
  burst                         ahb_burst_kind           3     SINGLE                                                                         
  prot                          integral                 4     'h0x                                                                           
  begin_time                    time                     64    199550000                                                                      
  end_time                      time                     64    200150000                                                                      
----------------------------------------------------------------------------------------------------------------------------------------------

UVM_INFO $DVT_PREDEFINED_PROJECTS/uvm_ref_flow_1.1/soc_verification_lib/sv_cb_ex_lib/apb_subsystem/sv/ahb_user_monitor.sv(50) @ 200150000: uvm_test_top.ve.ahb0.master_agent.monitor [USR_MONITOR]  WRITE to 880000 with data d258a9bf has ended
UVM_INFO $DVT_PREDEFINED_PROJECTS/uvm_ref_flow_1.1/soc_verification_lib/sv_cb_ex_lib/apb_subsystem/sv/apb_subsystem_env.sv(100) @ 200150000: uvm_test_top.ve.apb_ss_env [apb_subsystem_env] Write -- calling update() with address = 'h880000, data = 'hd258a9bf
UVM_INFO $DVT_PREDEFINED_PROJECTS/uvm_ref_flow_1.1/soc_verification_lib/sv_cb_ex_lib/apb_subsystem/sv/apb_subsystem_env.sv(149) @ 200150000: uvm_test_top.ve.apb_ss_env [USR_MONITOR] Write access not to Control/Sataus Registers
UVM_INFO $DVT_PREDEFINED_PROJECTS/uvm_ref_flow_1.1/soc_verification_lib/sv_cb_ex_lib/interface_uvc_lib/ahb/sv/ahb_master_driver.sv(128) @ 200250000: uvm_test_top.ve.ahb0.master_agent.driver [ahb_master_driver] Item 32 Sent ...
UVM_INFO $DVT_PREDEFINED_PROJECTS/uvm_ref_flow_1.1/soc_verification_lib/sv_cb_ex_lib/interface_uvc_lib/apb/sv/apb_monitor.sv(129) @ 200550000: uvm_test_top.ve.apb0.bus_monitor [apb_monitor] Address Phase Complete: 00880000[APB_WRITE]
UVM_INFO $DVT_PREDEFINED_PROJECTS/uvm_ref_flow_1.1/soc_verification_lib/sv_cb_ex_lib/interface_uvc_lib/apb/sv/apb_monitor.sv(145) @ 200650000: uvm_test_top.ve.apb0.bus_monitor [apb_monitor] Transaction Collected:
----------------------------------------------------------------------------------------------------------------------------------------------
Name                            Type                     Size  Value                                                                          
----------------------------------------------------------------------------------------------------------------------------------------------
trans_collected                 apb_transfer             -     @15141                                                                         
  addr                          integral                 32    'h880000                                                                       
  direction                     apb_direction_enum       32    APB_WRITE                                                                      
  data                          integral                 32    'hd258a9c0                                                                     
  master                        string                   6     master                                                                         
  slave                         string                   5     uart1                                                                          
  begin_time                    time                     64    200450000                                                                      
  end_time                      time                     64    200650000                                                                      
----------------------------------------------------------------------------------------------------------------------------------------------

UVM_INFO $DVT_PREDEFINED_PROJECTS/uvm_ref_flow_1.1/soc_verification_lib/sv_cb_ex_lib/uart_ctrl/sv/uart_ctrl_scoreboard.sv(159) @ 200650000: uvm_test_top.ve.apb_ss_env.apb_uart0.monitor.rx_scbd [SCRBD] write_apb called with addr = 'h880000 and data = 'hd258a9c0
UVM_INFO $DVT_PREDEFINED_PROJECTS/uvm_ref_flow_1.1/soc_verification_lib/sv_cb_ex_lib/uart_ctrl/sv/uart_ctrl_env.sv(123) @ 200650000: uvm_test_top.ve.apb_ss_env.apb_uart1 [uart_ctrl_env] APB_WRITE: addr = 'h880000, data = 'hd258a9c0
UVM_INFO $DVT_PREDEFINED_PROJECTS/uvm_ref_flow_1.1/soc_verification_lib/sv_cb_ex_lib/uart_ctrl/sv/uart_ctrl_env.sv(185) @ 200650000: uvm_test_top.ve.apb_ss_env.apb_uart1 [uart_ctrl_env] Setting Config
----------------------------------------------------------------------------------------------------------------------------------------------
Name                            Type                     Size  Value                                                                          
----------------------------------------------------------------------------------------------------------------------------------------------
uart_cfg                        uart_config              -     @5038                                                                          
  is_tx_active                  uvm_active_passive_enum  1     UVM_ACTIVE                                                                     
  is_rx_active                  uvm_active_passive_enum  1     UVM_PASSIVE                                                                    
  baud_rate_gen                 integral                 8     'd1                                                                            
  baud_rate_div                 integral                 8     'd0                                                                            
  char_length                   integral                 2     'h3                                                                            
  nbstop                        integral                 1     'h1                                                                            
  parity_en                     integral                 1     'h1                                                                            
  parity_mode                   integral                 2     'h0                                                                            
----------------------------------------------------------------------------------------------------------------------------------------------

UVM_INFO $DVT_PREDEFINED_PROJECTS/uvm_ref_flow_1.1/soc_verification_lib/sv_cb_ex_lib/uart_ctrl/sv/uart_ctrl_scoreboard.sv(159) @ 200650000: uvm_test_top.ve.apb_ss_env.apb_uart1.monitor.rx_scbd [SCRBD] write_apb called with addr = 'h880000 and data = 'hd258a9c0
UVM_INFO $DVT_PREDEFINED_PROJECTS/uvm_ref_flow_1.1/soc_verification_lib/sv_cb_ex_lib/uart_ctrl/sv/uart_ctrl_scoreboard.sv(173) @ 200650000: uvm_test_top.ve.apb_ss_env.apb_uart1.monitor.rx_scbd [SCRBD] write_apb called pushing into queue with data = 'hd258a9c0
UVM_INFO $DVT_PREDEFINED_PROJECTS/uvm_ref_flow_1.1/soc_verification_lib/sv_cb_ex_lib/interface_uvc_lib/apb/sv/apb_collector.sv(139) @ 200650000: uvm_test_top.ve.apb0.bus_collector [apb_collector] Transfer collected :
----------------------------------------------------------------------------------------------------------------------------------------------
Name                            Type                     Size  Value                                                                          
----------------------------------------------------------------------------------------------------------------------------------------------
trans_collected                 apb_transfer             -     @8188                                                                          
  addr                          integral                 32    'h880000                                                                       
  direction                     apb_direction_enum       32    APB_WRITE                                                                      
  data                          integral                 32    'hd258a9c0                                                                     
  master                        string                   6     master                                                                         
  slave                         string                   5     uart1                                                                          
  begin_time                    time                     64    200450000                                                                      
  end_time                      time                     64    200650000                                                                      
----------------------------------------------------------------------------------------------------------------------------------------------

UVM_INFO $DVT_PREDEFINED_PROJECTS/uvm_ref_flow_1.1/soc_verification_lib/sv_cb_ex_lib/interface_uvc_lib/uart/sv/uart_tx_driver.sv(182) @ 200751000: uvm_test_top.ve.uart0.Tx.driver [uart_tx_driver] Driver Sending Frame data bit number:4 value:'b00000000
UVM_INFO $DVT_PREDEFINED_PROJECTS/uvm_ref_flow_1.1/soc_verification_lib/sv_cb_ex_lib/interface_uvc_lib/uart/sv/uart_monitor.sv(211) @ 200751000: uvm_test_top.ve.uart0.Tx.monitor [uart_tx_monitor] Received a Frame data bit:'b0
UVM_INFO $DVT_PREDEFINED_PROJECTS/uvm_ref_flow_1.1/soc_verification_lib/sv_cb_ex_lib/interface_uvc_lib/ahb/sv/ahb_master_monitor.sv(134) @ 200850000: uvm_test_top.ve.ahb0.master_agent.monitor [ahb_monitor] master transfer collected :
----------------------------------------------------------------------------------------------------------------------------------------------
Name                            Type                     Size  Value                                                                          
----------------------------------------------------------------------------------------------------------------------------------------------
transfer                        ahb_transfer             -     @14635                                                                         
  data                          integral                 32    'hd258a9c0                                                                     
  address                       integral                 32    'h880000                                                                       
  direction                     ahb_direction            1     WRITE                                                                          
  hsize                         ahb_transfer_size        3     BYTE                                                                           
  burst                         ahb_burst_kind           3     SINGLE                                                                         
  prot                          integral                 4     'h0x                                                                           
  begin_time                    time                     64    200250000                                                                      
  end_time                      time                     64    200850000                                                                      
----------------------------------------------------------------------------------------------------------------------------------------------

UVM_INFO $DVT_PREDEFINED_PROJECTS/uvm_ref_flow_1.1/soc_verification_lib/sv_cb_ex_lib/apb_subsystem/sv/ahb_user_monitor.sv(50) @ 200850000: uvm_test_top.ve.ahb0.master_agent.monitor [USR_MONITOR]  WRITE to 880000 with data d258a9c0 has ended
UVM_INFO $DVT_PREDEFINED_PROJECTS/uvm_ref_flow_1.1/soc_verification_lib/sv_cb_ex_lib/apb_subsystem/sv/apb_subsystem_env.sv(100) @ 200850000: uvm_test_top.ve.apb_ss_env [apb_subsystem_env] Write -- calling update() with address = 'h880000, data = 'hd258a9c0
UVM_INFO $DVT_PREDEFINED_PROJECTS/uvm_ref_flow_1.1/soc_verification_lib/sv_cb_ex_lib/apb_subsystem/sv/apb_subsystem_env.sv(149) @ 200850000: uvm_test_top.ve.apb_ss_env [USR_MONITOR] Write access not to Control/Sataus Registers
UVM_INFO $DVT_PREDEFINED_PROJECTS/uvm_ref_flow_1.1/soc_verification_lib/sv_cb_ex_lib/interface_uvc_lib/uart/sv/uart_monitor.sv(185) @ 201150000: uvm_test_top.ve.uart1.Rx.monitor [uart_rx_monitor] SOP detected
UVM_INFO $DVT_PREDEFINED_PROJECTS/uvm_ref_flow_1.1/soc_verification_lib/sv_cb_ex_lib/interface_uvc_lib/uart/sv/uart_monitor.sv(194) @ 201150000: uvm_test_top.ve.uart1.Rx.monitor [uart_rx_monitor] Collecting a frame: 2
UVM_INFO $DVT_PREDEFINED_PROJECTS/uvm_ref_flow_1.1/soc_verification_lib/sv_cb_ex_lib/interface_uvc_lib/uart/sv/uart_monitor.sv(145) @ 201550000: uvm_test_top.ve.uart1.Rx.monitor [uart_rx_monitor] sample_clk- resetting ua_brgr
UVM_INFO $DVT_PREDEFINED_PROJECTS/uvm_ref_flow_1.1/soc_verification_lib/sv_cb_ex_lib/interface_uvc_lib/uart/sv/uart_tx_driver.sv(182) @ 202351000: uvm_test_top.ve.uart0.Tx.driver [uart_tx_driver] Driver Sending Frame data bit number:5 value:'b00000001
UVM_INFO $DVT_PREDEFINED_PROJECTS/uvm_ref_flow_1.1/soc_verification_lib/sv_cb_ex_lib/interface_uvc_lib/uart/sv/uart_monitor.sv(211) @ 202351000: uvm_test_top.ve.uart0.Tx.monitor [uart_tx_monitor] Received a Frame data bit:'b0
UVM_INFO $DVT_PREDEFINED_PROJECTS/uvm_ref_flow_1.1/soc_verification_lib/sv_cb_ex_lib/interface_uvc_lib/uart/sv/uart_monitor.sv(211) @ 203151000: uvm_test_top.ve.uart1.Rx.monitor [uart_rx_monitor] Received a Frame data bit:'b1
UVM_INFO $DVT_PREDEFINED_PROJECTS/uvm_ref_flow_1.1/soc_verification_lib/sv_cb_ex_lib/interface_uvc_lib/uart/sv/uart_tx_driver.sv(182) @ 203951000: uvm_test_top.ve.uart0.Tx.driver [uart_tx_driver] Driver Sending Frame data bit number:6 value:'b00000001
UVM_INFO $DVT_PREDEFINED_PROJECTS/uvm_ref_flow_1.1/soc_verification_lib/sv_cb_ex_lib/interface_uvc_lib/uart/sv/uart_monitor.sv(211) @ 203951000: uvm_test_top.ve.uart0.Tx.monitor [uart_tx_monitor] Received a Frame data bit:'b1
UVM_INFO $DVT_PREDEFINED_PROJECTS/uvm_ref_flow_1.1/soc_verification_lib/sv_cb_ex_lib/interface_uvc_lib/uart/sv/uart_monitor.sv(211) @ 204751000: uvm_test_top.ve.uart1.Rx.monitor [uart_rx_monitor] Received a Frame data bit:'b1
UVM_INFO $DVT_PREDEFINED_PROJECTS/uvm_ref_flow_1.1/soc_verification_lib/sv_cb_ex_lib/interface_uvc_lib/uart/sv/uart_tx_driver.sv(182) @ 205551000: uvm_test_top.ve.uart0.Tx.driver [uart_tx_driver] Driver Sending Frame data bit number:7 value:'b00000001
UVM_INFO $DVT_PREDEFINED_PROJECTS/uvm_ref_flow_1.1/soc_verification_lib/sv_cb_ex_lib/interface_uvc_lib/uart/sv/uart_monitor.sv(211) @ 205551000: uvm_test_top.ve.uart0.Tx.monitor [uart_tx_monitor] Received a Frame data bit:'b1
UVM_INFO $DVT_PREDEFINED_PROJECTS/uvm_ref_flow_1.1/soc_verification_lib/sv_cb_ex_lib/interface_uvc_lib/uart/sv/uart_tx_driver.sv(163) @ 206350000: uvm_test_top.ve.uart1.Tx.driver [uart_tx_driver] Driver - Modem RTS or CTS asserted
UVM_INFO $DVT_PREDEFINED_PROJECTS/uvm_ref_flow_1.1/soc_verification_lib/sv_cb_ex_lib/interface_uvc_lib/uart/sv/uart_monitor.sv(211) @ 206351000: uvm_test_top.ve.uart1.Rx.monitor [uart_rx_monitor] Received a Frame data bit:'b1
UVM_INFO $DVT_PREDEFINED_PROJECTS/uvm_ref_flow_1.1/soc_verification_lib/sv_cb_ex_lib/interface_uvc_lib/uart/sv/uart_tx_driver.sv(189) @ 207151000: uvm_test_top.ve.uart0.Tx.driver [uart_tx_driver] Driver Sending Frame Parity bit:'b0
UVM_INFO $DVT_PREDEFINED_PROJECTS/uvm_ref_flow_1.1/soc_verification_lib/sv_cb_ex_lib/interface_uvc_lib/uart/sv/uart_monitor.sv(211) @ 207151000: uvm_test_top.ve.uart0.Tx.monitor [uart_tx_monitor] Received a Frame data bit:'b1
UVM_INFO $DVT_PREDEFINED_PROJECTS/uvm_ref_flow_1.1/soc_verification_lib/sv_cb_ex_lib/interface_uvc_lib/uart/sv/uart_monitor.sv(211) @ 207951000: uvm_test_top.ve.uart1.Rx.monitor [uart_rx_monitor] Received a Frame data bit:'b1
UVM_INFO $DVT_PREDEFINED_PROJECTS/uvm_ref_flow_1.1/soc_verification_lib/sv_cb_ex_lib/interface_uvc_lib/uart/sv/uart_tx_driver.sv(174) @ 207951000: uvm_test_top.ve.uart1.Tx.driver [uart_tx_driver] Driver Sending Frame SOP: 0
UVM_INFO $DVT_PREDEFINED_PROJECTS/uvm_ref_flow_1.1/soc_verification_lib/sv_cb_ex_lib/interface_uvc_lib/uart/sv/uart_tx_driver.sv(196) @ 208751000: uvm_test_top.ve.uart0.Tx.driver [uart_tx_driver] Driver Sending Frame Stop bit:'b1
UVM_INFO $DVT_PREDEFINED_PROJECTS/uvm_ref_flow_1.1/soc_verification_lib/sv_cb_ex_lib/interface_uvc_lib/uart/sv/uart_monitor.sv(217) @ 208751000: uvm_test_top.ve.uart0.Tx.monitor [uart_tx_monitor] Received Parity bit:'b0
UVM_INFO $DVT_PREDEFINED_PROJECTS/uvm_ref_flow_1.1/soc_verification_lib/sv_cb_ex_lib/interface_uvc_lib/uart/sv/uart_monitor.sv(219) @ 208751000: uvm_test_top.ve.uart0.Tx.monitor [uart_tx_monitor] Received Parity is same as calculated Parity
UVM_INFO $DVT_PREDEFINED_PROJECTS/uvm_ref_flow_1.1/soc_verification_lib/sv_cb_ex_lib/interface_uvc_lib/uart/sv/uart_monitor.sv(185) @ 209150000: uvm_test_top.ve.uart1.Tx.monitor [uart_tx_monitor] SOP detected
UVM_INFO $DVT_PREDEFINED_PROJECTS/uvm_ref_flow_1.1/soc_verification_lib/sv_cb_ex_lib/interface_uvc_lib/uart/sv/uart_monitor.sv(194) @ 209150000: uvm_test_top.ve.uart1.Tx.monitor [uart_tx_monitor] Collecting a frame: 5
UVM_INFO $DVT_PREDEFINED_PROJECTS/uvm_ref_flow_1.1/soc_verification_lib/sv_cb_ex_lib/interface_uvc_lib/uart/sv/uart_monitor.sv(145) @ 209550000: uvm_test_top.ve.uart1.Tx.monitor [uart_tx_monitor] sample_clk- resetting ua_brgr
UVM_INFO $DVT_PREDEFINED_PROJECTS/uvm_ref_flow_1.1/soc_verification_lib/sv_cb_ex_lib/interface_uvc_lib/uart/sv/uart_tx_driver.sv(216) @ 209550000: uvm_test_top.ve.uart0.Tx.driver [uart_tx_driver] Frame **6** Sent...
UVM_INFO $DVT_PREDEFINED_PROJECTS/uvm_ref_flow_1.1/soc_verification_lib/sv_cb_ex_lib/interface_uvc_lib/uart/sv/uart_tx_driver.sv(182) @ 209551000: uvm_test_top.ve.uart1.Tx.driver [uart_tx_driver] Driver Sending Frame data bit number:0 value:'b00000001
UVM_INFO $DVT_PREDEFINED_PROJECTS/uvm_ref_flow_1.1/soc_verification_lib/sv_cb_ex_lib/interface_uvc_lib/uart/sv/uart_monitor.sv(211) @ 209551000: uvm_test_top.ve.uart1.Rx.monitor [uart_rx_monitor] Received a Frame data bit:'b1
UVM_INFO $DVT_PREDEFINED_PROJECTS/uvm_ref_flow_1.1/soc_verification_lib/sv_cb_ex_lib/interface_uvc_lib/uart/sv/uart_tx_driver.sv(220) @ 210350000: uvm_test_top.ve.uart0.Tx.driver [uart_tx_driver] Frame complete...
UVM_INFO $DVT_PREDEFINED_PROJECTS/uvm_ref_flow_1.1/soc_verification_lib/sv_cb_ex_lib/interface_uvc_lib/uart/sv/uart_monitor.sv(227) @ 210351000: uvm_test_top.ve.uart0.Tx.monitor [uart_tx_monitor] Received a Stop bit: 'b1
UVM_INFO $DVT_PREDEFINED_PROJECTS/uvm_ref_flow_1.1/soc_verification_lib/sv_cb_ex_lib/interface_uvc_lib/uart/sv/uart_monitor.sv(236) @ 211150000: uvm_test_top.ve.uart0.Tx.monitor [uart_tx_monitor] Collected the following Frame No:6
----------------------------------------------------------------------------------------------------------------------------------------------
Name                            Type                     Size  Value                                                                          
----------------------------------------------------------------------------------------------------------------------------------------------
uart_frame                      uart_frame               -     @15031                                                                         
  start_bit                     integral                 1     'h0                                                                            
  payload                       integral                 8     'he3                                                                           
  parity                        integral                 1     'h0                                                                            
  stop_bits                     integral                 2     'h1                                                                            
  error_bits                    integral                 4     'h0                                                                            
  parity_type                   parity_e                 1     GOOD_PARITY                                                                    
  transmit_delay                integral                 32    'd23                                                                           
  begin_time                    time                     64    193950000                                                                      
----------------------------------------------------------------------------------------------------------------------------------------------

UVM_INFO $DVT_PREDEFINED_PROJECTS/uvm_ref_flow_1.1/soc_verification_lib/sv_cb_ex_lib/interface_uvc_lib/uart/sv/uart_monitor.sv(175) @ 211150000: uvm_test_top.ve.uart0.Tx.monitor [uart_tx_monitor] trying to detect SOP
UVM_INFO $DVT_PREDEFINED_PROJECTS/uvm_ref_flow_1.1/soc_verification_lib/sv_cb_ex_lib/interface_uvc_lib/uart/sv/uart_tx_driver.sv(182) @ 211151000: uvm_test_top.ve.uart1.Tx.driver [uart_tx_driver] Driver Sending Frame data bit number:1 value:'b00000001
UVM_INFO $DVT_PREDEFINED_PROJECTS/uvm_ref_flow_1.1/soc_verification_lib/sv_cb_ex_lib/interface_uvc_lib/uart/sv/uart_monitor.sv(211) @ 211151000: uvm_test_top.ve.uart1.Rx.monitor [uart_rx_monitor] Received a Frame data bit:'b1
UVM_INFO $DVT_PREDEFINED_PROJECTS/uvm_ref_flow_1.1/soc_verification_lib/sv_cb_ex_lib/interface_uvc_lib/uart/sv/uart_monitor.sv(211) @ 211151000: uvm_test_top.ve.uart1.Tx.monitor [uart_tx_monitor] Received a Frame data bit:'b1
UVM_INFO $DVT_PREDEFINED_PROJECTS/uvm_ref_flow_1.1/soc_verification_lib/sv_cb_ex_lib/interface_uvc_lib/uart/sv/uart_tx_driver.sv(182) @ 212751000: uvm_test_top.ve.uart1.Tx.driver [uart_tx_driver] Driver Sending Frame data bit number:2 value:'b00000001
UVM_INFO $DVT_PREDEFINED_PROJECTS/uvm_ref_flow_1.1/soc_verification_lib/sv_cb_ex_lib/interface_uvc_lib/uart/sv/uart_monitor.sv(211) @ 212751000: uvm_test_top.ve.uart1.Rx.monitor [uart_rx_monitor] Received a Frame data bit:'b0
UVM_INFO $DVT_PREDEFINED_PROJECTS/uvm_ref_flow_1.1/soc_verification_lib/sv_cb_ex_lib/interface_uvc_lib/uart/sv/uart_monitor.sv(211) @ 212751000: uvm_test_top.ve.uart1.Tx.monitor [uart_tx_monitor] Received a Frame data bit:'b1
UVM_INFO $DVT_PREDEFINED_PROJECTS/uvm_ref_flow_1.1/soc_verification_lib/sv_cb_ex_lib/interface_uvc_lib/uart/sv/uart_tx_driver.sv(182) @ 214351000: uvm_test_top.ve.uart1.Tx.driver [uart_tx_driver] Driver Sending Frame data bit number:3 value:'b00000001
UVM_INFO $DVT_PREDEFINED_PROJECTS/uvm_ref_flow_1.1/soc_verification_lib/sv_cb_ex_lib/interface_uvc_lib/uart/sv/uart_monitor.sv(211) @ 214351000: uvm_test_top.ve.uart1.Tx.monitor [uart_tx_monitor] Received a Frame data bit:'b1
UVM_INFO $DVT_PREDEFINED_PROJECTS/uvm_ref_flow_1.1/soc_verification_lib/sv_cb_ex_lib/interface_uvc_lib/uart/sv/uart_monitor.sv(211) @ 214351000: uvm_test_top.ve.uart1.Rx.monitor [uart_rx_monitor] Received a Frame data bit:'b1
UVM_INFO $DVT_PREDEFINED_PROJECTS/uvm_ref_flow_1.1/soc_verification_lib/sv_cb_ex_lib/interface_uvc_lib/uart/sv/uart_tx_driver.sv(182) @ 215951000: uvm_test_top.ve.uart1.Tx.driver [uart_tx_driver] Driver Sending Frame data bit number:4 value:'b00000000
UVM_INFO $DVT_PREDEFINED_PROJECTS/uvm_ref_flow_1.1/soc_verification_lib/sv_cb_ex_lib/interface_uvc_lib/uart/sv/uart_monitor.sv(211) @ 215951000: uvm_test_top.ve.uart1.Tx.monitor [uart_tx_monitor] Received a Frame data bit:'b1
UVM_INFO $DVT_PREDEFINED_PROJECTS/uvm_ref_flow_1.1/soc_verification_lib/sv_cb_ex_lib/interface_uvc_lib/uart/sv/uart_monitor.sv(217) @ 215951000: uvm_test_top.ve.uart1.Rx.monitor [uart_rx_monitor] Received Parity bit:'b0
UVM_INFO $DVT_PREDEFINED_PROJECTS/uvm_ref_flow_1.1/soc_verification_lib/sv_cb_ex_lib/interface_uvc_lib/uart/sv/uart_monitor.sv(219) @ 215951000: uvm_test_top.ve.uart1.Rx.monitor [uart_rx_monitor] Received Parity is same as calculated Parity
UVM_INFO $DVT_PREDEFINED_PROJECTS/uvm_ref_flow_1.1/soc_verification_lib/sv_cb_ex_lib/interface_uvc_lib/uart/sv/uart_tx_driver.sv(182) @ 217551000: uvm_test_top.ve.uart1.Tx.driver [uart_tx_driver] Driver Sending Frame data bit number:5 value:'b00000001
UVM_INFO $DVT_PREDEFINED_PROJECTS/uvm_ref_flow_1.1/soc_verification_lib/sv_cb_ex_lib/interface_uvc_lib/uart/sv/uart_monitor.sv(211) @ 217551000: uvm_test_top.ve.uart1.Tx.monitor [uart_tx_monitor] Received a Frame data bit:'b0
UVM_INFO $DVT_PREDEFINED_PROJECTS/uvm_ref_flow_1.1/soc_verification_lib/sv_cb_ex_lib/interface_uvc_lib/uart/sv/uart_monitor.sv(227) @ 217551000: uvm_test_top.ve.uart1.Rx.monitor [uart_rx_monitor] Received a Stop bit: 'b1
UVM_INFO $DVT_PREDEFINED_PROJECTS/uvm_ref_flow_1.1/soc_verification_lib/sv_cb_ex_lib/interface_uvc_lib/uart/sv/uart_monitor.sv(236) @ 218350000: uvm_test_top.ve.uart1.Rx.monitor [uart_rx_monitor] Collected the following Frame No:2
----------------------------------------------------------------------------------------------------------------------------------------------
Name                            Type                     Size  Value                                                                          
----------------------------------------------------------------------------------------------------------------------------------------------
uart_frame                      uart_frame               -     @14912                                                                         
  start_bit                     integral                 1     'h0                                                                            
  payload                       integral                 8     'hbf                                                                           
  parity                        integral                 1     'h0                                                                            
  stop_bits                     integral                 2     'h1                                                                            
  error_bits                    integral                 4     'h0                                                                            
  parity_type                   parity_e                 1     GOOD_PARITY                                                                    
  transmit_delay                integral                 32    'd218                                                                          
  begin_time                    time                     64    201150000                                                                      
----------------------------------------------------------------------------------------------------------------------------------------------

UVM_INFO $DVT_PREDEFINED_PROJECTS/uvm_ref_flow_1.1/soc_verification_lib/sv_cb_ex_lib/uart_ctrl/sv/uart_ctrl_scoreboard.sv(193) @ 218350000: uvm_test_top.ve.apb_ss_env.apb_uart1.monitor.rx_scbd [SCRBD] ####### PASS : uart1 RECEIVED CORRECT DATA expected = 'hbf, received = 'hbf
UVM_INFO $DVT_PREDEFINED_PROJECTS/uvm_ref_flow_1.1/soc_verification_lib/sv_cb_ex_lib/interface_uvc_lib/uart/sv/uart_monitor.sv(175) @ 218350000: uvm_test_top.ve.uart1.Rx.monitor [uart_rx_monitor] trying to detect SOP
UVM_INFO $DVT_PREDEFINED_PROJECTS/uvm_ref_flow_1.1/soc_verification_lib/sv_cb_ex_lib/interface_uvc_lib/uart/sv/uart_tx_driver.sv(182) @ 219151000: uvm_test_top.ve.uart1.Tx.driver [uart_tx_driver] Driver Sending Frame data bit number:6 value:'b00000000
UVM_INFO $DVT_PREDEFINED_PROJECTS/uvm_ref_flow_1.1/soc_verification_lib/sv_cb_ex_lib/interface_uvc_lib/uart/sv/uart_monitor.sv(211) @ 219151000: uvm_test_top.ve.uart1.Tx.monitor [uart_tx_monitor] Received a Frame data bit:'b1
UVM_INFO $DVT_PREDEFINED_PROJECTS/uvm_ref_flow_1.1/soc_verification_lib/sv_cb_ex_lib/interface_uvc_lib/uart/sv/uart_monitor.sv(185) @ 220350000: uvm_test_top.ve.uart1.Rx.monitor [uart_rx_monitor] SOP detected
UVM_INFO $DVT_PREDEFINED_PROJECTS/uvm_ref_flow_1.1/soc_verification_lib/sv_cb_ex_lib/interface_uvc_lib/uart/sv/uart_monitor.sv(194) @ 220350000: uvm_test_top.ve.uart1.Rx.monitor [uart_rx_monitor] Collecting a frame: 3
UVM_INFO $DVT_PREDEFINED_PROJECTS/uvm_ref_flow_1.1/soc_verification_lib/sv_cb_ex_lib/interface_uvc_lib/uart/sv/uart_monitor.sv(145) @ 220750000: uvm_test_top.ve.uart1.Rx.monitor [uart_rx_monitor] sample_clk- resetting ua_brgr
UVM_INFO $DVT_PREDEFINED_PROJECTS/uvm_ref_flow_1.1/soc_verification_lib/sv_cb_ex_lib/interface_uvc_lib/uart/sv/uart_tx_driver.sv(182) @ 220751000: uvm_test_top.ve.uart1.Tx.driver [uart_tx_driver] Driver Sending Frame data bit number:7 value:'b00000001
UVM_INFO $DVT_PREDEFINED_PROJECTS/uvm_ref_flow_1.1/soc_verification_lib/sv_cb_ex_lib/interface_uvc_lib/uart/sv/uart_monitor.sv(211) @ 220751000: uvm_test_top.ve.uart1.Tx.monitor [uart_tx_monitor] Received a Frame data bit:'b0
UVM_INFO $DVT_PREDEFINED_PROJECTS/uvm_ref_flow_1.1/soc_verification_lib/sv_cb_ex_lib/interface_uvc_lib/uart/sv/uart_tx_driver.sv(189) @ 222351000: uvm_test_top.ve.uart1.Tx.driver [uart_tx_driver] Driver Sending Frame Parity bit:'b1
UVM_INFO $DVT_PREDEFINED_PROJECTS/uvm_ref_flow_1.1/soc_verification_lib/sv_cb_ex_lib/interface_uvc_lib/uart/sv/uart_monitor.sv(211) @ 222351000: uvm_test_top.ve.uart1.Tx.monitor [uart_tx_monitor] Received a Frame data bit:'b1
UVM_INFO $DVT_PREDEFINED_PROJECTS/uvm_ref_flow_1.1/soc_verification_lib/sv_cb_ex_lib/interface_uvc_lib/uart/sv/uart_monitor.sv(211) @ 222351000: uvm_test_top.ve.uart1.Rx.monitor [uart_rx_monitor] Received a Frame data bit:'b0
UVM_INFO $DVT_PREDEFINED_PROJECTS/uvm_ref_flow_1.1/soc_verification_lib/sv_cb_ex_lib/interface_uvc_lib/uart/sv/uart_tx_driver.sv(196) @ 223951000: uvm_test_top.ve.uart1.Tx.driver [uart_tx_driver] Driver Sending Frame Stop bit:'b1
UVM_INFO $DVT_PREDEFINED_PROJECTS/uvm_ref_flow_1.1/soc_verification_lib/sv_cb_ex_lib/interface_uvc_lib/uart/sv/uart_monitor.sv(211) @ 223951000: uvm_test_top.ve.uart1.Rx.monitor [uart_rx_monitor] Received a Frame data bit:'b0
UVM_INFO $DVT_PREDEFINED_PROJECTS/uvm_ref_flow_1.1/soc_verification_lib/sv_cb_ex_lib/interface_uvc_lib/uart/sv/uart_monitor.sv(217) @ 223951000: uvm_test_top.ve.uart1.Tx.monitor [uart_tx_monitor] Received Parity bit:'b1
UVM_INFO $DVT_PREDEFINED_PROJECTS/uvm_ref_flow_1.1/soc_verification_lib/sv_cb_ex_lib/interface_uvc_lib/uart/sv/uart_monitor.sv(219) @ 223951000: uvm_test_top.ve.uart1.Tx.monitor [uart_tx_monitor] Received Parity is same as calculated Parity
UVM_INFO $DVT_PREDEFINED_PROJECTS/uvm_ref_flow_1.1/soc_verification_lib/sv_cb_ex_lib/interface_uvc_lib/uart/sv/uart_tx_driver.sv(216) @ 224750000: uvm_test_top.ve.uart1.Tx.driver [uart_tx_driver] Frame **5** Sent...
UVM_INFO $DVT_PREDEFINED_PROJECTS/uvm_ref_flow_1.1/soc_verification_lib/sv_cb_ex_lib/interface_uvc_lib/uart/sv/uart_tx_driver.sv(220) @ 225550000: uvm_test_top.ve.uart1.Tx.driver [uart_tx_driver] Frame complete...
UVM_INFO $DVT_PREDEFINED_PROJECTS/uvm_ref_flow_1.1/soc_verification_lib/sv_cb_ex_lib/interface_uvc_lib/uart/sv/uart_monitor.sv(211) @ 225551000: uvm_test_top.ve.uart1.Rx.monitor [uart_rx_monitor] Received a Frame data bit:'b0
UVM_INFO $DVT_PREDEFINED_PROJECTS/uvm_ref_flow_1.1/soc_verification_lib/sv_cb_ex_lib/interface_uvc_lib/uart/sv/uart_monitor.sv(227) @ 225551000: uvm_test_top.ve.uart1.Tx.monitor [uart_tx_monitor] Received a Stop bit: 'b1
UVM_INFO $DVT_PREDEFINED_PROJECTS/uvm_ref_flow_1.1/soc_verification_lib/sv_cb_ex_lib/interface_uvc_lib/uart/sv/uart_monitor.sv(236) @ 226350000: uvm_test_top.ve.uart1.Tx.monitor [uart_tx_monitor] Collected the following Frame No:5
----------------------------------------------------------------------------------------------------------------------------------------------
Name                            Type                     Size  Value                                                                          
----------------------------------------------------------------------------------------------------------------------------------------------
uart_frame                      uart_frame               -     @14654                                                                         
  start_bit                     integral                 1     'h0                                                                            
  payload                       integral                 8     'haf                                                                           
  parity                        integral                 1     'h1                                                                            
  stop_bits                     integral                 2     'h1                                                                            
  error_bits                    integral                 4     'h0                                                                            
  parity_type                   parity_e                 1     GOOD_PARITY                                                                    
  transmit_delay                integral                 32    'd119                                                                          
  begin_time                    time                     64    209150000                                                                      
----------------------------------------------------------------------------------------------------------------------------------------------

UVM_INFO $DVT_PREDEFINED_PROJECTS/uvm_ref_flow_1.1/soc_verification_lib/sv_cb_ex_lib/interface_uvc_lib/uart/sv/uart_monitor.sv(175) @ 226350000: uvm_test_top.ve.uart1.Tx.monitor [uart_tx_monitor] trying to detect SOP
UVM_INFO $DVT_PREDEFINED_PROJECTS/uvm_ref_flow_1.1/soc_verification_lib/sv_cb_ex_lib/interface_uvc_lib/uart/sv/uart_tx_driver.sv(156) @ 226350000: uvm_test_top.ve.uart1.Tx.driver [uart_tx_driver] Driver Sending TX Frame...
----------------------------------------------------------------------------------------------------------------------------------------------
Name                            Type                     Size  Value                                                                          
----------------------------------------------------------------------------------------------------------------------------------------------
req                             uart_frame               -     @15013                                                                         
  start_bit                     integral                 1     'h0                                                                            
  payload                       integral                 8     'hb2                                                                           
  parity                        integral                 1     'h1                                                                            
  stop_bits                     integral                 2     'h3                                                                            
  error_bits                    integral                 4     'h0                                                                            
  parity_type                   parity_e                 1     GOOD_PARITY                                                                    
  transmit_delay                integral                 32    'd19                                                                           
  begin_time                    time                     64    226350000                                                                      
  depth                         int                      32    'd3                                                                            
  parent sequence (name)        string                   8     uart_seq                                                                       
  parent sequence (full name)   string                   60    uvm_test_top.ve.virtual_sequencer.lp_shutdown_uart1.uart_seq                   
  sequencer                     string                   34    uvm_test_top.ve.uart1.Tx.sequencer                                             
----------------------------------------------------------------------------------------------------------------------------------------------

UVM_INFO $DVT_PREDEFINED_PROJECTS/uvm_ref_flow_1.1/soc_verification_lib/sv_cb_ex_lib/interface_uvc_lib/uart/sv/uart_monitor.sv(211) @ 227151000: uvm_test_top.ve.uart1.Rx.monitor [uart_rx_monitor] Received a Frame data bit:'b0
UVM_INFO $DVT_PREDEFINED_PROJECTS/uvm_ref_flow_1.1/soc_verification_lib/sv_cb_ex_lib/interface_uvc_lib/uart/sv/uart_monitor.sv(211) @ 228751000: uvm_test_top.ve.uart1.Rx.monitor [uart_rx_monitor] Received a Frame data bit:'b0
UVM_INFO $DVT_PREDEFINED_PROJECTS/uvm_ref_flow_1.1/soc_verification_lib/sv_cb_ex_lib/interface_uvc_lib/uart/sv/uart_monitor.sv(211) @ 230351000: uvm_test_top.ve.uart1.Rx.monitor [uart_rx_monitor] Received a Frame data bit:'b0
UVM_INFO $DVT_PREDEFINED_PROJECTS/uvm_ref_flow_1.1/soc_verification_lib/sv_cb_ex_lib/interface_uvc_lib/uart/sv/uart_monitor.sv(211) @ 231951000: uvm_test_top.ve.uart1.Rx.monitor [uart_rx_monitor] Received a Frame data bit:'b1
UVM_INFO $DVT_PREDEFINED_PROJECTS/uvm_ref_flow_1.1/soc_verification_lib/sv_cb_ex_lib/interface_uvc_lib/uart/sv/uart_monitor.sv(211) @ 233551000: uvm_test_top.ve.uart1.Rx.monitor [uart_rx_monitor] Received a Frame data bit:'b1
UVM_INFO $DVT_PREDEFINED_PROJECTS/uvm_ref_flow_1.1/soc_verification_lib/sv_cb_ex_lib/interface_uvc_lib/uart/sv/uart_monitor.sv(217) @ 235151000: uvm_test_top.ve.uart1.Rx.monitor [uart_rx_monitor] Received Parity bit:'b1
UVM_INFO $DVT_PREDEFINED_PROJECTS/uvm_ref_flow_1.1/soc_verification_lib/sv_cb_ex_lib/interface_uvc_lib/uart/sv/uart_monitor.sv(219) @ 235151000: uvm_test_top.ve.uart1.Rx.monitor [uart_rx_monitor] Received Parity is same as calculated Parity
UVM_INFO $DVT_PREDEFINED_PROJECTS/uvm_ref_flow_1.1/soc_verification_lib/sv_cb_ex_lib/interface_uvc_lib/uart/sv/uart_monitor.sv(227) @ 236751000: uvm_test_top.ve.uart1.Rx.monitor [uart_rx_monitor] Received a Stop bit: 'b1
UVM_INFO $DVT_PREDEFINED_PROJECTS/uvm_ref_flow_1.1/soc_verification_lib/sv_cb_ex_lib/interface_uvc_lib/uart/sv/uart_monitor.sv(236) @ 237550000: uvm_test_top.ve.uart1.Rx.monitor [uart_rx_monitor] Collected the following Frame No:3
----------------------------------------------------------------------------------------------------------------------------------------------
Name                            Type                     Size  Value                                                                          
----------------------------------------------------------------------------------------------------------------------------------------------
uart_frame                      uart_frame               -     @14746                                                                         
  start_bit                     integral                 1     'h0                                                                            
  payload                       integral                 8     'hc0                                                                           
  parity                        integral                 1     'h1                                                                            
  stop_bits                     integral                 2     'h1                                                                            
  error_bits                    integral                 4     'h0                                                                            
  parity_type                   parity_e                 1     GOOD_PARITY                                                                    
  transmit_delay                integral                 32    'd3                                                                            
  begin_time                    time                     64    220350000                                                                      
----------------------------------------------------------------------------------------------------------------------------------------------

UVM_INFO $DVT_PREDEFINED_PROJECTS/uvm_ref_flow_1.1/soc_verification_lib/sv_cb_ex_lib/uart_ctrl/sv/uart_ctrl_scoreboard.sv(193) @ 237550000: uvm_test_top.ve.apb_ss_env.apb_uart1.monitor.rx_scbd [SCRBD] ####### PASS : uart1 RECEIVED CORRECT DATA expected = 'hc0, received = 'hc0
UVM_INFO $DVT_PREDEFINED_PROJECTS/uvm_ref_flow_1.1/soc_verification_lib/sv_cb_ex_lib/interface_uvc_lib/uart/sv/uart_monitor.sv(175) @ 237550000: uvm_test_top.ve.uart1.Rx.monitor [uart_rx_monitor] trying to detect SOP
UVM_INFO $DVT_PREDEFINED_PROJECTS/uvm_ref_flow_1.1/soc_verification_lib/sv_cb_ex_lib/interface_uvc_lib/uart/sv/uart_tx_driver.sv(163) @ 241550000: uvm_test_top.ve.uart1.Tx.driver [uart_tx_driver] Driver - Modem RTS or CTS asserted
UVM_INFO $DVT_PREDEFINED_PROJECTS/uvm_ref_flow_1.1/soc_verification_lib/sv_cb_ex_lib/interface_uvc_lib/uart/sv/uart_tx_driver.sv(174) @ 243151000: uvm_test_top.ve.uart1.Tx.driver [uart_tx_driver] Driver Sending Frame SOP: 0
UVM_INFO $DVT_PREDEFINED_PROJECTS/uvm_ref_flow_1.1/soc_verification_lib/sv_cb_ex_lib/interface_uvc_lib/uart/sv/uart_monitor.sv(185) @ 244350000: uvm_test_top.ve.uart1.Tx.monitor [uart_tx_monitor] SOP detected
UVM_INFO $DVT_PREDEFINED_PROJECTS/uvm_ref_flow_1.1/soc_verification_lib/sv_cb_ex_lib/interface_uvc_lib/uart/sv/uart_monitor.sv(194) @ 244350000: uvm_test_top.ve.uart1.Tx.monitor [uart_tx_monitor] Collecting a frame: 6
UVM_INFO $DVT_PREDEFINED_PROJECTS/uvm_ref_flow_1.1/soc_verification_lib/sv_cb_ex_lib/interface_uvc_lib/uart/sv/uart_monitor.sv(145) @ 244750000: uvm_test_top.ve.uart1.Tx.monitor [uart_tx_monitor] sample_clk- resetting ua_brgr
UVM_INFO $DVT_PREDEFINED_PROJECTS/uvm_ref_flow_1.1/soc_verification_lib/sv_cb_ex_lib/interface_uvc_lib/uart/sv/uart_tx_driver.sv(182) @ 244751000: uvm_test_top.ve.uart1.Tx.driver [uart_tx_driver] Driver Sending Frame data bit number:0 value:'b00000000
UVM_INFO $DVT_PREDEFINED_PROJECTS/uvm_ref_flow_1.1/soc_verification_lib/sv_cb_ex_lib/interface_uvc_lib/uart/sv/uart_tx_driver.sv(182) @ 246351000: uvm_test_top.ve.uart1.Tx.driver [uart_tx_driver] Driver Sending Frame data bit number:1 value:'b00000001
UVM_INFO $DVT_PREDEFINED_PROJECTS/uvm_ref_flow_1.1/soc_verification_lib/sv_cb_ex_lib/interface_uvc_lib/uart/sv/uart_monitor.sv(211) @ 246351000: uvm_test_top.ve.uart1.Tx.monitor [uart_tx_monitor] Received a Frame data bit:'b0
UVM_INFO $DVT_PREDEFINED_PROJECTS/uvm_ref_flow_1.1/soc_verification_lib/sv_cb_ex_lib/interface_uvc_lib/uart/sv/uart_tx_driver.sv(182) @ 247951000: uvm_test_top.ve.uart1.Tx.driver [uart_tx_driver] Driver Sending Frame data bit number:2 value:'b00000000
UVM_INFO $DVT_PREDEFINED_PROJECTS/uvm_ref_flow_1.1/soc_verification_lib/sv_cb_ex_lib/interface_uvc_lib/uart/sv/uart_monitor.sv(211) @ 247951000: uvm_test_top.ve.uart1.Tx.monitor [uart_tx_monitor] Received a Frame data bit:'b1
UVM_INFO $DVT_PREDEFINED_PROJECTS/uvm_ref_flow_1.1/soc_verification_lib/sv_cb_ex_lib/interface_uvc_lib/uart/sv/uart_tx_driver.sv(182) @ 249551000: uvm_test_top.ve.uart1.Tx.driver [uart_tx_driver] Driver Sending Frame data bit number:3 value:'b00000000
UVM_INFO $DVT_PREDEFINED_PROJECTS/uvm_ref_flow_1.1/soc_verification_lib/sv_cb_ex_lib/interface_uvc_lib/uart/sv/uart_monitor.sv(211) @ 249551000: uvm_test_top.ve.uart1.Tx.monitor [uart_tx_monitor] Received a Frame data bit:'b0
UVM_INFO $DVT_PREDEFINED_PROJECTS/uvm_ref_flow_1.1/soc_verification_lib/sv_cb_ex_lib/interface_uvc_lib/uart/sv/uart_tx_driver.sv(182) @ 251151000: uvm_test_top.ve.uart1.Tx.driver [uart_tx_driver] Driver Sending Frame data bit number:4 value:'b00000001
UVM_INFO $DVT_PREDEFINED_PROJECTS/uvm_ref_flow_1.1/soc_verification_lib/sv_cb_ex_lib/interface_uvc_lib/uart/sv/uart_monitor.sv(211) @ 251151000: uvm_test_top.ve.uart1.Tx.monitor [uart_tx_monitor] Received a Frame data bit:'b0
UVM_INFO $DVT_PREDEFINED_PROJECTS/uvm_ref_flow_1.1/soc_verification_lib/sv_cb_ex_lib/interface_uvc_lib/uart/sv/uart_tx_driver.sv(182) @ 252751000: uvm_test_top.ve.uart1.Tx.driver [uart_tx_driver] Driver Sending Frame data bit number:5 value:'b00000001
UVM_INFO $DVT_PREDEFINED_PROJECTS/uvm_ref_flow_1.1/soc_verification_lib/sv_cb_ex_lib/interface_uvc_lib/uart/sv/uart_monitor.sv(211) @ 252751000: uvm_test_top.ve.uart1.Tx.monitor [uart_tx_monitor] Received a Frame data bit:'b1
UVM_INFO $DVT_PREDEFINED_PROJECTS/uvm_ref_flow_1.1/soc_verification_lib/sv_cb_ex_lib/interface_uvc_lib/uart/sv/uart_tx_driver.sv(182) @ 254351000: uvm_test_top.ve.uart1.Tx.driver [uart_tx_driver] Driver Sending Frame data bit number:6 value:'b00000000
UVM_INFO $DVT_PREDEFINED_PROJECTS/uvm_ref_flow_1.1/soc_verification_lib/sv_cb_ex_lib/interface_uvc_lib/uart/sv/uart_monitor.sv(211) @ 254351000: uvm_test_top.ve.uart1.Tx.monitor [uart_tx_monitor] Received a Frame data bit:'b1
UVM_INFO $DVT_PREDEFINED_PROJECTS/uvm_ref_flow_1.1/soc_verification_lib/sv_cb_ex_lib/interface_uvc_lib/uart/sv/uart_tx_driver.sv(182) @ 255951000: uvm_test_top.ve.uart1.Tx.driver [uart_tx_driver] Driver Sending Frame data bit number:7 value:'b00000001
UVM_INFO $DVT_PREDEFINED_PROJECTS/uvm_ref_flow_1.1/soc_verification_lib/sv_cb_ex_lib/interface_uvc_lib/uart/sv/uart_monitor.sv(211) @ 255951000: uvm_test_top.ve.uart1.Tx.monitor [uart_tx_monitor] Received a Frame data bit:'b0
UVM_INFO $DVT_PREDEFINED_PROJECTS/uvm_ref_flow_1.1/soc_verification_lib/sv_cb_ex_lib/interface_uvc_lib/uart/sv/uart_tx_driver.sv(189) @ 257551000: uvm_test_top.ve.uart1.Tx.driver [uart_tx_driver] Driver Sending Frame Parity bit:'b1
UVM_INFO $DVT_PREDEFINED_PROJECTS/uvm_ref_flow_1.1/soc_verification_lib/sv_cb_ex_lib/interface_uvc_lib/uart/sv/uart_monitor.sv(211) @ 257551000: uvm_test_top.ve.uart1.Tx.monitor [uart_tx_monitor] Received a Frame data bit:'b1
UVM_INFO $DVT_PREDEFINED_PROJECTS/uvm_ref_flow_1.1/soc_verification_lib/sv_cb_ex_lib/interface_uvc_lib/uart/sv/uart_tx_driver.sv(196) @ 259151000: uvm_test_top.ve.uart1.Tx.driver [uart_tx_driver] Driver Sending Frame Stop bit:'b1
UVM_INFO $DVT_PREDEFINED_PROJECTS/uvm_ref_flow_1.1/soc_verification_lib/sv_cb_ex_lib/interface_uvc_lib/uart/sv/uart_monitor.sv(217) @ 259151000: uvm_test_top.ve.uart1.Tx.monitor [uart_tx_monitor] Received Parity bit:'b1
UVM_INFO $DVT_PREDEFINED_PROJECTS/uvm_ref_flow_1.1/soc_verification_lib/sv_cb_ex_lib/interface_uvc_lib/uart/sv/uart_monitor.sv(219) @ 259151000: uvm_test_top.ve.uart1.Tx.monitor [uart_tx_monitor] Received Parity is same as calculated Parity
UVM_INFO $DVT_PREDEFINED_PROJECTS/uvm_ref_flow_1.1/soc_verification_lib/sv_cb_ex_lib/interface_uvc_lib/uart/sv/uart_tx_driver.sv(216) @ 259950000: uvm_test_top.ve.uart1.Tx.driver [uart_tx_driver] Frame **6** Sent...
UVM_INFO $DVT_PREDEFINED_PROJECTS/uvm_ref_flow_1.1/soc_verification_lib/sv_cb_ex_lib/interface_uvc_lib/uart/sv/uart_tx_driver.sv(220) @ 260750000: uvm_test_top.ve.uart1.Tx.driver [uart_tx_driver] Frame complete...
UVM_INFO $DVT_PREDEFINED_PROJECTS/uvm_ref_flow_1.1/soc_verification_lib/sv_cb_ex_lib/interface_uvc_lib/uart/sv/uart_monitor.sv(227) @ 260751000: uvm_test_top.ve.uart1.Tx.monitor [uart_tx_monitor] Received a Stop bit: 'b1
UVM_INFO $DVT_PREDEFINED_PROJECTS/uvm_ref_flow_1.1/soc_verification_lib/sv_cb_ex_lib/interface_uvc_lib/uart/sv/uart_monitor.sv(236) @ 261550000: uvm_test_top.ve.uart1.Tx.monitor [uart_tx_monitor] Collected the following Frame No:6
----------------------------------------------------------------------------------------------------------------------------------------------
Name                            Type                     Size  Value                                                                          
----------------------------------------------------------------------------------------------------------------------------------------------
uart_frame                      uart_frame               -     @14785                                                                         
  start_bit                     integral                 1     'h0                                                                            
  payload                       integral                 8     'hb2                                                                           
  parity                        integral                 1     'h1                                                                            
  stop_bits                     integral                 2     'h1                                                                            
  error_bits                    integral                 4     'h0                                                                            
  parity_type                   parity_e                 1     GOOD_PARITY                                                                    
  transmit_delay                integral                 32    'd23                                                                           
  begin_time                    time                     64    244350000                                                                      
----------------------------------------------------------------------------------------------------------------------------------------------

UVM_INFO $DVT_PREDEFINED_PROJECTS/uvm_ref_flow_1.1/soc_verification_lib/sv_cb_ex_lib/interface_uvc_lib/uart/sv/uart_monitor.sv(175) @ 261550000: uvm_test_top.ve.uart1.Tx.monitor [uart_tx_monitor] trying to detect SOP
UVM_INFO $DVT_PREDEFINED_PROJECTS/uvm_ref_flow_1.1/soc_verification_lib/sv_cb_ex_lib/interface_uvc_lib/uart/sv/uart_tx_driver.sv(156) @ 261550000: uvm_test_top.ve.uart1.Tx.driver [uart_tx_driver] Driver Sending TX Frame...
----------------------------------------------------------------------------------------------------------------------------------------------
Name                            Type                     Size  Value                                                                          
----------------------------------------------------------------------------------------------------------------------------------------------
req                             uart_frame               -     @14862                                                                         
  start_bit                     integral                 1     'h0                                                                            
  payload                       integral                 8     'hb5                                                                           
  parity                        integral                 1     'h0                                                                            
  stop_bits                     integral                 2     'h3                                                                            
  error_bits                    integral                 4     'h0                                                                            
  parity_type                   parity_e                 1     GOOD_PARITY                                                                    
  transmit_delay                integral                 32    'd11                                                                           
  begin_time                    time                     64    261550000                                                                      
  depth                         int                      32    'd3                                                                            
  parent sequence (name)        string                   8     uart_seq                                                                       
  parent sequence (full name)   string                   60    uvm_test_top.ve.virtual_sequencer.lp_shutdown_uart1.uart_seq                   
  sequencer                     string                   34    uvm_test_top.ve.uart1.Tx.sequencer                                             
----------------------------------------------------------------------------------------------------------------------------------------------

UVM_INFO $DVT_PREDEFINED_PROJECTS/uvm_ref_flow_1.1/soc_verification_lib/sv_cb_ex_lib/interface_uvc_lib/uart/sv/uart_tx_driver.sv(163) @ 270350000: uvm_test_top.ve.uart1.Tx.driver [uart_tx_driver] Driver - Modem RTS or CTS asserted
UVM_INFO $DVT_PREDEFINED_PROJECTS/uvm_ref_flow_1.1/soc_verification_lib/sv_cb_ex_lib/interface_uvc_lib/uart/sv/uart_tx_driver.sv(174) @ 271951000: uvm_test_top.ve.uart1.Tx.driver [uart_tx_driver] Driver Sending Frame SOP: 0
UVM_INFO $DVT_PREDEFINED_PROJECTS/uvm_ref_flow_1.1/soc_verification_lib/sv_cb_ex_lib/interface_uvc_lib/uart/sv/uart_monitor.sv(185) @ 273150000: uvm_test_top.ve.uart1.Tx.monitor [uart_tx_monitor] SOP detected
UVM_INFO $DVT_PREDEFINED_PROJECTS/uvm_ref_flow_1.1/soc_verification_lib/sv_cb_ex_lib/interface_uvc_lib/uart/sv/uart_monitor.sv(194) @ 273150000: uvm_test_top.ve.uart1.Tx.monitor [uart_tx_monitor] Collecting a frame: 7
UVM_INFO $DVT_PREDEFINED_PROJECTS/uvm_ref_flow_1.1/soc_verification_lib/sv_cb_ex_lib/interface_uvc_lib/uart/sv/uart_monitor.sv(145) @ 273550000: uvm_test_top.ve.uart1.Tx.monitor [uart_tx_monitor] sample_clk- resetting ua_brgr
UVM_INFO $DVT_PREDEFINED_PROJECTS/uvm_ref_flow_1.1/soc_verification_lib/sv_cb_ex_lib/interface_uvc_lib/uart/sv/uart_tx_driver.sv(182) @ 273551000: uvm_test_top.ve.uart1.Tx.driver [uart_tx_driver] Driver Sending Frame data bit number:0 value:'b00000001
UVM_INFO $DVT_PREDEFINED_PROJECTS/uvm_ref_flow_1.1/soc_verification_lib/sv_cb_ex_lib/interface_uvc_lib/uart/sv/uart_tx_driver.sv(182) @ 275151000: uvm_test_top.ve.uart1.Tx.driver [uart_tx_driver] Driver Sending Frame data bit number:1 value:'b00000000
UVM_INFO $DVT_PREDEFINED_PROJECTS/uvm_ref_flow_1.1/soc_verification_lib/sv_cb_ex_lib/interface_uvc_lib/uart/sv/uart_monitor.sv(211) @ 275151000: uvm_test_top.ve.uart1.Tx.monitor [uart_tx_monitor] Received a Frame data bit:'b1
UVM_INFO $DVT_PREDEFINED_PROJECTS/uvm_ref_flow_1.1/soc_verification_lib/sv_cb_ex_lib/interface_uvc_lib/uart/sv/uart_tx_driver.sv(182) @ 276751000: uvm_test_top.ve.uart1.Tx.driver [uart_tx_driver] Driver Sending Frame data bit number:2 value:'b00000001
UVM_INFO $DVT_PREDEFINED_PROJECTS/uvm_ref_flow_1.1/soc_verification_lib/sv_cb_ex_lib/interface_uvc_lib/uart/sv/uart_monitor.sv(211) @ 276751000: uvm_test_top.ve.uart1.Tx.monitor [uart_tx_monitor] Received a Frame data bit:'b0
UVM_INFO $DVT_PREDEFINED_PROJECTS/uvm_ref_flow_1.1/soc_verification_lib/sv_cb_ex_lib/interface_uvc_lib/uart/sv/uart_tx_driver.sv(182) @ 278351000: uvm_test_top.ve.uart1.Tx.driver [uart_tx_driver] Driver Sending Frame data bit number:3 value:'b00000000
UVM_INFO $DVT_PREDEFINED_PROJECTS/uvm_ref_flow_1.1/soc_verification_lib/sv_cb_ex_lib/interface_uvc_lib/uart/sv/uart_monitor.sv(211) @ 278351000: uvm_test_top.ve.uart1.Tx.monitor [uart_tx_monitor] Received a Frame data bit:'b1
UVM_INFO $DVT_PREDEFINED_PROJECTS/uvm_ref_flow_1.1/soc_verification_lib/sv_cb_ex_lib/interface_uvc_lib/uart/sv/uart_tx_driver.sv(182) @ 279951000: uvm_test_top.ve.uart1.Tx.driver [uart_tx_driver] Driver Sending Frame data bit number:4 value:'b00000001
UVM_INFO $DVT_PREDEFINED_PROJECTS/uvm_ref_flow_1.1/soc_verification_lib/sv_cb_ex_lib/interface_uvc_lib/uart/sv/uart_monitor.sv(211) @ 279951000: uvm_test_top.ve.uart1.Tx.monitor [uart_tx_monitor] Received a Frame data bit:'b0
UVM_INFO $DVT_PREDEFINED_PROJECTS/uvm_ref_flow_1.1/soc_verification_lib/sv_cb_ex_lib/interface_uvc_lib/uart/sv/uart_tx_driver.sv(182) @ 281551000: uvm_test_top.ve.uart1.Tx.driver [uart_tx_driver] Driver Sending Frame data bit number:5 value:'b00000001
UVM_INFO $DVT_PREDEFINED_PROJECTS/uvm_ref_flow_1.1/soc_verification_lib/sv_cb_ex_lib/interface_uvc_lib/uart/sv/uart_monitor.sv(211) @ 281551000: uvm_test_top.ve.uart1.Tx.monitor [uart_tx_monitor] Received a Frame data bit:'b1
UVM_INFO $DVT_PREDEFINED_PROJECTS/uvm_ref_flow_1.1/soc_verification_lib/sv_cb_ex_lib/interface_uvc_lib/uart/sv/uart_tx_driver.sv(182) @ 283151000: uvm_test_top.ve.uart1.Tx.driver [uart_tx_driver] Driver Sending Frame data bit number:6 value:'b00000000
UVM_INFO $DVT_PREDEFINED_PROJECTS/uvm_ref_flow_1.1/soc_verification_lib/sv_cb_ex_lib/interface_uvc_lib/uart/sv/uart_monitor.sv(211) @ 283151000: uvm_test_top.ve.uart1.Tx.monitor [uart_tx_monitor] Received a Frame data bit:'b1
UVM_INFO $DVT_PREDEFINED_PROJECTS/uvm_ref_flow_1.1/soc_verification_lib/sv_cb_ex_lib/interface_uvc_lib/uart/sv/uart_tx_driver.sv(182) @ 284751000: uvm_test_top.ve.uart1.Tx.driver [uart_tx_driver] Driver Sending Frame data bit number:7 value:'b00000001
UVM_INFO $DVT_PREDEFINED_PROJECTS/uvm_ref_flow_1.1/soc_verification_lib/sv_cb_ex_lib/interface_uvc_lib/uart/sv/uart_monitor.sv(211) @ 284751000: uvm_test_top.ve.uart1.Tx.monitor [uart_tx_monitor] Received a Frame data bit:'b0
UVM_INFO $DVT_PREDEFINED_PROJECTS/uvm_ref_flow_1.1/soc_verification_lib/sv_cb_ex_lib/interface_uvc_lib/uart/sv/uart_tx_driver.sv(189) @ 286351000: uvm_test_top.ve.uart1.Tx.driver [uart_tx_driver] Driver Sending Frame Parity bit:'b0
UVM_INFO $DVT_PREDEFINED_PROJECTS/uvm_ref_flow_1.1/soc_verification_lib/sv_cb_ex_lib/interface_uvc_lib/uart/sv/uart_monitor.sv(211) @ 286351000: uvm_test_top.ve.uart1.Tx.monitor [uart_tx_monitor] Received a Frame data bit:'b1
UVM_INFO $DVT_PREDEFINED_PROJECTS/uvm_ref_flow_1.1/soc_verification_lib/sv_cb_ex_lib/interface_uvc_lib/uart/sv/uart_tx_driver.sv(196) @ 287951000: uvm_test_top.ve.uart1.Tx.driver [uart_tx_driver] Driver Sending Frame Stop bit:'b1
UVM_INFO $DVT_PREDEFINED_PROJECTS/uvm_ref_flow_1.1/soc_verification_lib/sv_cb_ex_lib/interface_uvc_lib/uart/sv/uart_monitor.sv(217) @ 287951000: uvm_test_top.ve.uart1.Tx.monitor [uart_tx_monitor] Received Parity bit:'b0
UVM_INFO $DVT_PREDEFINED_PROJECTS/uvm_ref_flow_1.1/soc_verification_lib/sv_cb_ex_lib/interface_uvc_lib/uart/sv/uart_monitor.sv(219) @ 287951000: uvm_test_top.ve.uart1.Tx.monitor [uart_tx_monitor] Received Parity is same as calculated Parity
UVM_INFO $DVT_PREDEFINED_PROJECTS/uvm_ref_flow_1.1/soc_verification_lib/sv_cb_ex_lib/interface_uvc_lib/uart/sv/uart_tx_driver.sv(216) @ 288750000: uvm_test_top.ve.uart1.Tx.driver [uart_tx_driver] Frame **7** Sent...
UVM_INFO $DVT_PREDEFINED_PROJECTS/uvm_ref_flow_1.1/soc_verification_lib/sv_cb_ex_lib/interface_uvc_lib/uart/sv/uart_tx_driver.sv(220) @ 289550000: uvm_test_top.ve.uart1.Tx.driver [uart_tx_driver] Frame complete...
UVM_INFO $DVT_PREDEFINED_PROJECTS/uvm_ref_flow_1.1/soc_verification_lib/sv_cb_ex_lib/interface_uvc_lib/uart/sv/uart_monitor.sv(227) @ 289551000: uvm_test_top.ve.uart1.Tx.monitor [uart_tx_monitor] Received a Stop bit: 'b1
UVM_INFO $DVT_PREDEFINED_PROJECTS/uvm_ref_flow_1.1/soc_verification_lib/sv_cb_ex_lib/interface_uvc_lib/uart/sv/uart_monitor.sv(236) @ 290350000: uvm_test_top.ve.uart1.Tx.monitor [uart_tx_monitor] Collected the following Frame No:7
----------------------------------------------------------------------------------------------------------------------------------------------
Name                            Type                     Size  Value                                                                          
----------------------------------------------------------------------------------------------------------------------------------------------
uart_frame                      uart_frame               -     @15063                                                                         
  start_bit                     integral                 1     'h0                                                                            
  payload                       integral                 8     'hb5                                                                           
  parity                        integral                 1     'h0                                                                            
  stop_bits                     integral                 2     'h1                                                                            
  error_bits                    integral                 4     'h0                                                                            
  parity_type                   parity_e                 1     GOOD_PARITY                                                                    
  transmit_delay                integral                 32    'd15                                                                           
  begin_time                    time                     64    273150000                                                                      
----------------------------------------------------------------------------------------------------------------------------------------------

UVM_INFO $DVT_PREDEFINED_PROJECTS/uvm_ref_flow_1.1/soc_verification_lib/sv_cb_ex_lib/interface_uvc_lib/uart/sv/uart_monitor.sv(175) @ 290350000: uvm_test_top.ve.uart1.Tx.monitor [uart_tx_monitor] trying to detect SOP
UVM_INFO $DVT_PREDEFINED_PROJECTS/uvm_ref_flow_1.1/soc_verification_lib/sv_cb_ex_lib/interface_uvc_lib/uart/sv/uart_tx_driver.sv(156) @ 290350000: uvm_test_top.ve.uart1.Tx.driver [uart_tx_driver] Driver Sending TX Frame...
----------------------------------------------------------------------------------------------------------------------------------------------
Name                            Type                     Size  Value                                                                          
----------------------------------------------------------------------------------------------------------------------------------------------
req                             uart_frame               -     @14922                                                                         
  start_bit                     integral                 1     'h0                                                                            
  payload                       integral                 8     'hb8                                                                           
  parity                        integral                 1     'h1                                                                            
  stop_bits                     integral                 2     'h3                                                                            
  error_bits                    integral                 4     'h0                                                                            
  parity_type                   parity_e                 1     GOOD_PARITY                                                                    
  transmit_delay                integral                 32    'd4                                                                            
  begin_time                    time                     64    290350000                                                                      
  depth                         int                      32    'd3                                                                            
  parent sequence (name)        string                   8     uart_seq                                                                       
  parent sequence (full name)   string                   60    uvm_test_top.ve.virtual_sequencer.lp_shutdown_uart1.uart_seq                   
  sequencer                     string                   34    uvm_test_top.ve.uart1.Tx.sequencer                                             
----------------------------------------------------------------------------------------------------------------------------------------------

UVM_INFO $DVT_PREDEFINED_PROJECTS/uvm_ref_flow_1.1/soc_verification_lib/sv_cb_ex_lib/interface_uvc_lib/uart/sv/uart_tx_driver.sv(163) @ 293550000: uvm_test_top.ve.uart1.Tx.driver [uart_tx_driver] Driver - Modem RTS or CTS asserted
UVM_INFO $DVT_PREDEFINED_PROJECTS/uvm_ref_flow_1.1/soc_verification_lib/sv_cb_ex_lib/interface_uvc_lib/uart/sv/uart_tx_driver.sv(174) @ 294351000: uvm_test_top.ve.uart1.Tx.driver [uart_tx_driver] Driver Sending Frame SOP: 0
UVM_INFO $DVT_PREDEFINED_PROJECTS/uvm_ref_flow_1.1/soc_verification_lib/sv_cb_ex_lib/interface_uvc_lib/uart/sv/uart_monitor.sv(185) @ 295550000: uvm_test_top.ve.uart1.Tx.monitor [uart_tx_monitor] SOP detected
UVM_INFO $DVT_PREDEFINED_PROJECTS/uvm_ref_flow_1.1/soc_verification_lib/sv_cb_ex_lib/interface_uvc_lib/uart/sv/uart_monitor.sv(194) @ 295550000: uvm_test_top.ve.uart1.Tx.monitor [uart_tx_monitor] Collecting a frame: 8
UVM_INFO $DVT_PREDEFINED_PROJECTS/uvm_ref_flow_1.1/soc_verification_lib/sv_cb_ex_lib/interface_uvc_lib/uart/sv/uart_monitor.sv(145) @ 295950000: uvm_test_top.ve.uart1.Tx.monitor [uart_tx_monitor] sample_clk- resetting ua_brgr
UVM_INFO $DVT_PREDEFINED_PROJECTS/uvm_ref_flow_1.1/soc_verification_lib/sv_cb_ex_lib/interface_uvc_lib/uart/sv/uart_tx_driver.sv(182) @ 295951000: uvm_test_top.ve.uart1.Tx.driver [uart_tx_driver] Driver Sending Frame data bit number:0 value:'b00000000
UVM_INFO $DVT_PREDEFINED_PROJECTS/uvm_ref_flow_1.1/soc_verification_lib/sv_cb_ex_lib/interface_uvc_lib/uart/sv/uart_tx_driver.sv(182) @ 297551000: uvm_test_top.ve.uart1.Tx.driver [uart_tx_driver] Driver Sending Frame data bit number:1 value:'b00000000
UVM_INFO $DVT_PREDEFINED_PROJECTS/uvm_ref_flow_1.1/soc_verification_lib/sv_cb_ex_lib/interface_uvc_lib/uart/sv/uart_monitor.sv(211) @ 297551000: uvm_test_top.ve.uart1.Tx.monitor [uart_tx_monitor] Received a Frame data bit:'b0
UVM_INFO $DVT_PREDEFINED_PROJECTS/uvm_ref_flow_1.1/soc_verification_lib/sv_cb_ex_lib/interface_uvc_lib/uart/sv/uart_tx_driver.sv(182) @ 299151000: uvm_test_top.ve.uart1.Tx.driver [uart_tx_driver] Driver Sending Frame data bit number:2 value:'b00000000
UVM_INFO $DVT_PREDEFINED_PROJECTS/uvm_ref_flow_1.1/soc_verification_lib/sv_cb_ex_lib/interface_uvc_lib/uart/sv/uart_monitor.sv(211) @ 299151000: uvm_test_top.ve.uart1.Tx.monitor [uart_tx_monitor] Received a Frame data bit:'b0
UVM_INFO $DVT_PREDEFINED_PROJECTS/uvm_ref_flow_1.1/soc_verification_lib/sv_cb_ex_lib/interface_uvc_lib/uart/sv/uart_tx_driver.sv(182) @ 300751000: uvm_test_top.ve.uart1.Tx.driver [uart_tx_driver] Driver Sending Frame data bit number:3 value:'b00000001
UVM_INFO $DVT_PREDEFINED_PROJECTS/uvm_ref_flow_1.1/soc_verification_lib/sv_cb_ex_lib/interface_uvc_lib/uart/sv/uart_monitor.sv(211) @ 300751000: uvm_test_top.ve.uart1.Tx.monitor [uart_tx_monitor] Received a Frame data bit:'b0
UVM_INFO $DVT_PREDEFINED_PROJECTS/uvm_ref_flow_1.1/soc_verification_lib/sv_cb_ex_lib/interface_uvc_lib/uart/sv/uart_tx_driver.sv(182) @ 302351000: uvm_test_top.ve.uart1.Tx.driver [uart_tx_driver] Driver Sending Frame data bit number:4 value:'b00000001
UVM_INFO $DVT_PREDEFINED_PROJECTS/uvm_ref_flow_1.1/soc_verification_lib/sv_cb_ex_lib/interface_uvc_lib/uart/sv/uart_monitor.sv(211) @ 302351000: uvm_test_top.ve.uart1.Tx.monitor [uart_tx_monitor] Received a Frame data bit:'b1
UVM_INFO $DVT_PREDEFINED_PROJECTS/uvm_ref_flow_1.1/soc_verification_lib/sv_cb_ex_lib/interface_uvc_lib/uart/sv/uart_tx_driver.sv(182) @ 303951000: uvm_test_top.ve.uart1.Tx.driver [uart_tx_driver] Driver Sending Frame data bit number:5 value:'b00000001
UVM_INFO $DVT_PREDEFINED_PROJECTS/uvm_ref_flow_1.1/soc_verification_lib/sv_cb_ex_lib/interface_uvc_lib/uart/sv/uart_monitor.sv(211) @ 303951000: uvm_test_top.ve.uart1.Tx.monitor [uart_tx_monitor] Received a Frame data bit:'b1
UVM_INFO $DVT_PREDEFINED_PROJECTS/uvm_ref_flow_1.1/soc_verification_lib/sv_cb_ex_lib/interface_uvc_lib/uart/sv/uart_tx_driver.sv(182) @ 305551000: uvm_test_top.ve.uart1.Tx.driver [uart_tx_driver] Driver Sending Frame data bit number:6 value:'b00000000
UVM_INFO $DVT_PREDEFINED_PROJECTS/uvm_ref_flow_1.1/soc_verification_lib/sv_cb_ex_lib/interface_uvc_lib/uart/sv/uart_monitor.sv(211) @ 305551000: uvm_test_top.ve.uart1.Tx.monitor [uart_tx_monitor] Received a Frame data bit:'b1
UVM_INFO $DVT_PREDEFINED_PROJECTS/uvm_ref_flow_1.1/soc_verification_lib/sv_cb_ex_lib/interface_uvc_lib/uart/sv/uart_tx_driver.sv(182) @ 307151000: uvm_test_top.ve.uart1.Tx.driver [uart_tx_driver] Driver Sending Frame data bit number:7 value:'b00000001
UVM_INFO $DVT_PREDEFINED_PROJECTS/uvm_ref_flow_1.1/soc_verification_lib/sv_cb_ex_lib/interface_uvc_lib/uart/sv/uart_monitor.sv(211) @ 307151000: uvm_test_top.ve.uart1.Tx.monitor [uart_tx_monitor] Received a Frame data bit:'b0
UVM_INFO $DVT_PREDEFINED_PROJECTS/uvm_ref_flow_1.1/soc_verification_lib/sv_cb_ex_lib/interface_uvc_lib/uart/sv/uart_tx_driver.sv(189) @ 308751000: uvm_test_top.ve.uart1.Tx.driver [uart_tx_driver] Driver Sending Frame Parity bit:'b1
UVM_INFO $DVT_PREDEFINED_PROJECTS/uvm_ref_flow_1.1/soc_verification_lib/sv_cb_ex_lib/interface_uvc_lib/uart/sv/uart_monitor.sv(211) @ 308751000: uvm_test_top.ve.uart1.Tx.monitor [uart_tx_monitor] Received a Frame data bit:'b1
UVM_INFO $DVT_PREDEFINED_PROJECTS/uvm_ref_flow_1.1/soc_verification_lib/sv_cb_ex_lib/interface_uvc_lib/uart/sv/uart_tx_driver.sv(196) @ 310351000: uvm_test_top.ve.uart1.Tx.driver [uart_tx_driver] Driver Sending Frame Stop bit:'b1
UVM_INFO $DVT_PREDEFINED_PROJECTS/uvm_ref_flow_1.1/soc_verification_lib/sv_cb_ex_lib/interface_uvc_lib/uart/sv/uart_monitor.sv(217) @ 310351000: uvm_test_top.ve.uart1.Tx.monitor [uart_tx_monitor] Received Parity bit:'b1
UVM_INFO $DVT_PREDEFINED_PROJECTS/uvm_ref_flow_1.1/soc_verification_lib/sv_cb_ex_lib/interface_uvc_lib/uart/sv/uart_monitor.sv(219) @ 310351000: uvm_test_top.ve.uart1.Tx.monitor [uart_tx_monitor] Received Parity is same as calculated Parity
UVM_INFO $DVT_PREDEFINED_PROJECTS/uvm_ref_flow_1.1/soc_verification_lib/sv_cb_ex_lib/interface_uvc_lib/uart/sv/uart_tx_driver.sv(216) @ 311150000: uvm_test_top.ve.uart1.Tx.driver [uart_tx_driver] Frame **8** Sent...
UVM_INFO $DVT_PREDEFINED_PROJECTS/uvm_ref_flow_1.1/soc_verification_lib/sv_cb_ex_lib/interface_uvc_lib/uart/sv/uart_tx_driver.sv(220) @ 311950000: uvm_test_top.ve.uart1.Tx.driver [uart_tx_driver] Frame complete...
UVM_INFO $DVT_PREDEFINED_PROJECTS/uvm_ref_flow_1.1/soc_verification_lib/sv_cb_ex_lib/interface_uvc_lib/uart/sv/uart_monitor.sv(227) @ 311951000: uvm_test_top.ve.uart1.Tx.monitor [uart_tx_monitor] Received a Stop bit: 'b1
UVM_INFO $DVT_PREDEFINED_PROJECTS/uvm_ref_flow_1.1/soc_verification_lib/sv_cb_ex_lib/interface_uvc_lib/uart/sv/uart_monitor.sv(236) @ 312750000: uvm_test_top.ve.uart1.Tx.monitor [uart_tx_monitor] Collected the following Frame No:8
----------------------------------------------------------------------------------------------------------------------------------------------
Name                            Type                     Size  Value                                                                          
----------------------------------------------------------------------------------------------------------------------------------------------
uart_frame                      uart_frame               -     @14337                                                                         
  start_bit                     integral                 1     'h0                                                                            
  payload                       integral                 8     'hb8                                                                           
  parity                        integral                 1     'h1                                                                            
  stop_bits                     integral                 2     'h1                                                                            
  error_bits                    integral                 4     'h0                                                                            
  parity_type                   parity_e                 1     GOOD_PARITY                                                                    
  transmit_delay                integral                 32    'd7                                                                            
  begin_time                    time                     64    295550000                                                                      
----------------------------------------------------------------------------------------------------------------------------------------------

UVM_INFO $DVT_PREDEFINED_PROJECTS/uvm_ref_flow_1.1/soc_verification_lib/sv_cb_ex_lib/interface_uvc_lib/uart/sv/uart_monitor.sv(175) @ 312750000: uvm_test_top.ve.uart1.Tx.monitor [uart_tx_monitor] trying to detect SOP
UVM_INFO $DVT_PREDEFINED_PROJECTS/uvm_ref_flow_1.1/soc_verification_lib/sv_cb_ex_lib/interface_uvc_lib/ahb/sv/ahb_master_driver.sv(128) @ 313150000: uvm_test_top.ve.ahb0.master_agent.driver [ahb_master_driver] Item 33 Sent ...
UVM_INFO $DVT_PREDEFINED_PROJECTS/uvm_ref_flow_1.1/soc_verification_lib/sv_cb_ex_lib/apb_subsystem/sv/sequence_lib/apb_subsystem_seq_lib.sv(199) @ 313150000: uvm_test_top.ve.ahb0.master_agent.sequencer@@lp_shutdown_uart1.rd_rx_fifo [SEQ] Read RX_FIFO_REG DATA is `x0
UVM_INFO $DVT_PREDEFINED_PROJECTS/uvm_ref_flow_1.1/soc_verification_lib/sv_cb_ex_lib/interface_uvc_lib/apb/sv/apb_monitor.sv(129) @ 313450000: uvm_test_top.ve.apb0.bus_monitor [apb_monitor] Address Phase Complete: 00810000[APB_READ]
UVM_INFO $DVT_PREDEFINED_PROJECTS/uvm_ref_flow_1.1/soc_verification_lib/sv_cb_ex_lib/interface_uvc_lib/apb/sv/apb_monitor.sv(145) @ 313550000: uvm_test_top.ve.apb0.bus_monitor [apb_monitor] Transaction Collected:
----------------------------------------------------------------------------------------------------------------------------------------------
Name                            Type                     Size  Value                                                                          
----------------------------------------------------------------------------------------------------------------------------------------------
trans_collected                 apb_transfer             -     @14829                                                                         
  addr                          integral                 32    'h810000                                                                       
  direction                     apb_direction_enum       32    APB_READ                                                                       
  data                          integral                 32    'hdd                                                                           
  master                        string                   6     master                                                                         
  slave                         string                   5     uart0                                                                          
  begin_time                    time                     64    313350000                                                                      
  end_time                      time                     64    313550000                                                                      
----------------------------------------------------------------------------------------------------------------------------------------------

UVM_INFO $DVT_PREDEFINED_PROJECTS/uvm_ref_flow_1.1/soc_verification_lib/sv_cb_ex_lib/uart_ctrl/sv/uart_ctrl_env.sv(129) @ 313550000: uvm_test_top.ve.apb_ss_env.apb_uart0 [uart_ctrl_env] APB_READ: addr = 'h810000, data = 'hdd
UVM_INFO $DVT_PREDEFINED_PROJECTS/uvm_ref_flow_1.1/soc_verification_lib/sv_cb_ex_lib/uart_ctrl/sv/uart_ctrl_scoreboard.sv(159) @ 313550000: uvm_test_top.ve.apb_ss_env.apb_uart0.monitor.rx_scbd [SCRBD] write_apb called with addr = 'h810000 and data = 'hdd
UVM_INFO $DVT_PREDEFINED_PROJECTS/uvm_ref_flow_1.1/soc_verification_lib/sv_cb_ex_lib/uart_ctrl/sv/uart_ctrl_scoreboard.sv(83) @ 313550000: uvm_test_top.ve.apb_ss_env.apb_uart0.monitor.tx_scbd [SCRBD] ####### PASS : APB RECEIVED CORRECT DATA from uart0  expected = 'hdd, received = 'hdd
UVM_INFO $DVT_PREDEFINED_PROJECTS/uvm_ref_flow_1.1/soc_verification_lib/sv_cb_ex_lib/uart_ctrl/sv/uart_ctrl_scoreboard.sv(159) @ 313550000: uvm_test_top.ve.apb_ss_env.apb_uart1.monitor.rx_scbd [SCRBD] write_apb called with addr = 'h810000 and data = 'hdd
UVM_INFO $DVT_PREDEFINED_PROJECTS/uvm_ref_flow_1.1/soc_verification_lib/sv_cb_ex_lib/interface_uvc_lib/apb/sv/apb_collector.sv(139) @ 313550000: uvm_test_top.ve.apb0.bus_collector [apb_collector] Transfer collected :
----------------------------------------------------------------------------------------------------------------------------------------------
Name                            Type                     Size  Value                                                                          
----------------------------------------------------------------------------------------------------------------------------------------------
trans_collected                 apb_transfer             -     @8188                                                                          
  addr                          integral                 32    'h810000                                                                       
  direction                     apb_direction_enum       32    APB_READ                                                                       
  data                          integral                 32    'hdd                                                                           
  master                        string                   6     master                                                                         
  slave                         string                   5     uart0                                                                          
  begin_time                    time                     64    313350000                                                                      
  end_time                      time                     64    313550000                                                                      
----------------------------------------------------------------------------------------------------------------------------------------------

UVM_INFO $DVT_PREDEFINED_PROJECTS/uvm_ref_flow_1.1/soc_verification_lib/sv_cb_ex_lib/interface_uvc_lib/ahb/sv/ahb_master_monitor.sv(134) @ 313750000: uvm_test_top.ve.ahb0.master_agent.monitor [ahb_monitor] master transfer collected :
----------------------------------------------------------------------------------------------------------------------------------------------
Name                            Type                     Size  Value                                                                          
----------------------------------------------------------------------------------------------------------------------------------------------
transfer                        ahb_transfer             -     @14635                                                                         
  data                          integral                 32    'hdX                                                                           
  address                       integral                 32    'h810000                                                                       
  direction                     ahb_direction            1     READ                                                                           
  hsize                         ahb_transfer_size        3     BYTE                                                                           
  burst                         ahb_burst_kind           3     SINGLE                                                                         
  prot                          integral                 4     'h0x                                                                           
  begin_time                    time                     64    313150000                                                                      
  end_time                      time                     64    313750000                                                                      
----------------------------------------------------------------------------------------------------------------------------------------------

UVM_INFO $DVT_PREDEFINED_PROJECTS/uvm_ref_flow_1.1/soc_verification_lib/sv_cb_ex_lib/apb_subsystem/sv/ahb_user_monitor.sv(50) @ 313750000: uvm_test_top.ve.ahb0.master_agent.monitor [USR_MONITOR]  READ to 810000 with data dX has ended
UVM_INFO $DVT_PREDEFINED_PROJECTS/uvm_ref_flow_1.1/soc_verification_lib/sv_cb_ex_lib/interface_uvc_lib/ahb/sv/ahb_master_driver.sv(128) @ 313850000: uvm_test_top.ve.ahb0.master_agent.driver [ahb_master_driver] Item 34 Sent ...
UVM_INFO $DVT_PREDEFINED_PROJECTS/uvm_ref_flow_1.1/soc_verification_lib/sv_cb_ex_lib/apb_subsystem/sv/sequence_lib/apb_subsystem_seq_lib.sv(199) @ 313850000: uvm_test_top.ve.ahb0.master_agent.sequencer@@lp_shutdown_uart1.rd_rx_fifo [SEQ] Read RX_FIFO_REG DATA is `x0
UVM_INFO $DVT_PREDEFINED_PROJECTS/uvm_ref_flow_1.1/soc_verification_lib/sv_cb_ex_lib/interface_uvc_lib/apb/sv/apb_monitor.sv(129) @ 314150000: uvm_test_top.ve.apb0.bus_monitor [apb_monitor] Address Phase Complete: 00810000[APB_READ]
UVM_INFO $DVT_PREDEFINED_PROJECTS/uvm_ref_flow_1.1/soc_verification_lib/sv_cb_ex_lib/interface_uvc_lib/apb/sv/apb_monitor.sv(145) @ 314250000: uvm_test_top.ve.apb0.bus_monitor [apb_monitor] Transaction Collected:
----------------------------------------------------------------------------------------------------------------------------------------------
Name                            Type                     Size  Value                                                                          
----------------------------------------------------------------------------------------------------------------------------------------------
trans_collected                 apb_transfer             -     @14733                                                                         
  addr                          integral                 32    'h810000                                                                       
  direction                     apb_direction_enum       32    APB_READ                                                                       
  data                          integral                 32    'he0                                                                           
  master                        string                   6     master                                                                         
  slave                         string                   5     uart0                                                                          
  begin_time                    time                     64    314050000                                                                      
  end_time                      time                     64    314250000                                                                      
----------------------------------------------------------------------------------------------------------------------------------------------

UVM_INFO $DVT_PREDEFINED_PROJECTS/uvm_ref_flow_1.1/soc_verification_lib/sv_cb_ex_lib/uart_ctrl/sv/uart_ctrl_env.sv(129) @ 314250000: uvm_test_top.ve.apb_ss_env.apb_uart0 [uart_ctrl_env] APB_READ: addr = 'h810000, data = 'he0
UVM_INFO $DVT_PREDEFINED_PROJECTS/uvm_ref_flow_1.1/soc_verification_lib/sv_cb_ex_lib/uart_ctrl/sv/uart_ctrl_scoreboard.sv(159) @ 314250000: uvm_test_top.ve.apb_ss_env.apb_uart0.monitor.rx_scbd [SCRBD] write_apb called with addr = 'h810000 and data = 'he0
UVM_INFO $DVT_PREDEFINED_PROJECTS/uvm_ref_flow_1.1/soc_verification_lib/sv_cb_ex_lib/uart_ctrl/sv/uart_ctrl_scoreboard.sv(83) @ 314250000: uvm_test_top.ve.apb_ss_env.apb_uart0.monitor.tx_scbd [SCRBD] ####### PASS : APB RECEIVED CORRECT DATA from uart0  expected = 'he0, received = 'he0
UVM_INFO $DVT_PREDEFINED_PROJECTS/uvm_ref_flow_1.1/soc_verification_lib/sv_cb_ex_lib/uart_ctrl/sv/uart_ctrl_scoreboard.sv(159) @ 314250000: uvm_test_top.ve.apb_ss_env.apb_uart1.monitor.rx_scbd [SCRBD] write_apb called with addr = 'h810000 and data = 'he0
UVM_INFO $DVT_PREDEFINED_PROJECTS/uvm_ref_flow_1.1/soc_verification_lib/sv_cb_ex_lib/interface_uvc_lib/apb/sv/apb_collector.sv(139) @ 314250000: uvm_test_top.ve.apb0.bus_collector [apb_collector] Transfer collected :
----------------------------------------------------------------------------------------------------------------------------------------------
Name                            Type                     Size  Value                                                                          
----------------------------------------------------------------------------------------------------------------------------------------------
trans_collected                 apb_transfer             -     @8188                                                                          
  addr                          integral                 32    'h810000                                                                       
  direction                     apb_direction_enum       32    APB_READ                                                                       
  data                          integral                 32    'he0                                                                           
  master                        string                   6     master                                                                         
  slave                         string                   5     uart0                                                                          
  begin_time                    time                     64    314050000                                                                      
  end_time                      time                     64    314250000                                                                      
----------------------------------------------------------------------------------------------------------------------------------------------

UVM_INFO $DVT_PREDEFINED_PROJECTS/uvm_ref_flow_1.1/soc_verification_lib/sv_cb_ex_lib/interface_uvc_lib/ahb/sv/ahb_master_monitor.sv(134) @ 314450000: uvm_test_top.ve.ahb0.master_agent.monitor [ahb_monitor] master transfer collected :
----------------------------------------------------------------------------------------------------------------------------------------------
Name                            Type                     Size  Value                                                                          
----------------------------------------------------------------------------------------------------------------------------------------------
transfer                        ahb_transfer             -     @14635                                                                         
  data                          integral                 32    'he0                                                                           
  address                       integral                 32    'h810000                                                                       
  direction                     ahb_direction            1     READ                                                                           
  hsize                         ahb_transfer_size        3     BYTE                                                                           
  burst                         ahb_burst_kind           3     SINGLE                                                                         
  prot                          integral                 4     'h0x                                                                           
  begin_time                    time                     64    313850000                                                                      
  end_time                      time                     64    314450000                                                                      
----------------------------------------------------------------------------------------------------------------------------------------------

UVM_INFO $DVT_PREDEFINED_PROJECTS/uvm_ref_flow_1.1/soc_verification_lib/sv_cb_ex_lib/apb_subsystem/sv/ahb_user_monitor.sv(50) @ 314450000: uvm_test_top.ve.ahb0.master_agent.monitor [USR_MONITOR]  READ to 810000 with data e0 has ended
UVM_INFO $DVT_PREDEFINED_PROJECTS/uvm_ref_flow_1.1/soc_verification_lib/sv_cb_ex_lib/interface_uvc_lib/ahb/sv/ahb_master_driver.sv(128) @ 314550000: uvm_test_top.ve.ahb0.master_agent.driver [ahb_master_driver] Item 35 Sent ...
UVM_INFO $DVT_PREDEFINED_PROJECTS/uvm_ref_flow_1.1/soc_verification_lib/sv_cb_ex_lib/apb_subsystem/sv/sequence_lib/apb_subsystem_seq_lib.sv(199) @ 314550000: uvm_test_top.ve.ahb0.master_agent.sequencer@@lp_shutdown_uart1.rd_rx_fifo [SEQ] Read RX_FIFO_REG DATA is `x0
UVM_INFO $DVT_PREDEFINED_PROJECTS/uvm_ref_flow_1.1/soc_verification_lib/sv_cb_ex_lib/interface_uvc_lib/apb/sv/apb_monitor.sv(129) @ 314850000: uvm_test_top.ve.apb0.bus_monitor [apb_monitor] Address Phase Complete: 00810000[APB_READ]
UVM_INFO $DVT_PREDEFINED_PROJECTS/uvm_ref_flow_1.1/soc_verification_lib/sv_cb_ex_lib/interface_uvc_lib/apb/sv/apb_monitor.sv(145) @ 314950000: uvm_test_top.ve.apb0.bus_monitor [apb_monitor] Transaction Collected:
----------------------------------------------------------------------------------------------------------------------------------------------
Name                            Type                     Size  Value                                                                          
----------------------------------------------------------------------------------------------------------------------------------------------
trans_collected                 apb_transfer             -     @15090                                                                         
  addr                          integral                 32    'h810000                                                                       
  direction                     apb_direction_enum       32    APB_READ                                                                       
  data                          integral                 32    'he3                                                                           
  master                        string                   6     master                                                                         
  slave                         string                   5     uart0                                                                          
  begin_time                    time                     64    314750000                                                                      
  end_time                      time                     64    314950000                                                                      
----------------------------------------------------------------------------------------------------------------------------------------------

UVM_INFO $DVT_PREDEFINED_PROJECTS/uvm_ref_flow_1.1/soc_verification_lib/sv_cb_ex_lib/uart_ctrl/sv/uart_ctrl_env.sv(129) @ 314950000: uvm_test_top.ve.apb_ss_env.apb_uart0 [uart_ctrl_env] APB_READ: addr = 'h810000, data = 'he3
UVM_INFO $DVT_PREDEFINED_PROJECTS/uvm_ref_flow_1.1/soc_verification_lib/sv_cb_ex_lib/uart_ctrl/sv/uart_ctrl_scoreboard.sv(159) @ 314950000: uvm_test_top.ve.apb_ss_env.apb_uart0.monitor.rx_scbd [SCRBD] write_apb called with addr = 'h810000 and data = 'he3
UVM_INFO $DVT_PREDEFINED_PROJECTS/uvm_ref_flow_1.1/soc_verification_lib/sv_cb_ex_lib/uart_ctrl/sv/uart_ctrl_scoreboard.sv(83) @ 314950000: uvm_test_top.ve.apb_ss_env.apb_uart0.monitor.tx_scbd [SCRBD] ####### PASS : APB RECEIVED CORRECT DATA from uart0  expected = 'he3, received = 'he3
UVM_INFO $DVT_PREDEFINED_PROJECTS/uvm_ref_flow_1.1/soc_verification_lib/sv_cb_ex_lib/uart_ctrl/sv/uart_ctrl_scoreboard.sv(159) @ 314950000: uvm_test_top.ve.apb_ss_env.apb_uart1.monitor.rx_scbd [SCRBD] write_apb called with addr = 'h810000 and data = 'he3
UVM_INFO $DVT_PREDEFINED_PROJECTS/uvm_ref_flow_1.1/soc_verification_lib/sv_cb_ex_lib/interface_uvc_lib/apb/sv/apb_collector.sv(139) @ 314950000: uvm_test_top.ve.apb0.bus_collector [apb_collector] Transfer collected :
----------------------------------------------------------------------------------------------------------------------------------------------
Name                            Type                     Size  Value                                                                          
----------------------------------------------------------------------------------------------------------------------------------------------
trans_collected                 apb_transfer             -     @8188                                                                          
  addr                          integral                 32    'h810000                                                                       
  direction                     apb_direction_enum       32    APB_READ                                                                       
  data                          integral                 32    'he3                                                                           
  master                        string                   6     master                                                                         
  slave                         string                   5     uart0                                                                          
  begin_time                    time                     64    314750000                                                                      
  end_time                      time                     64    314950000                                                                      
----------------------------------------------------------------------------------------------------------------------------------------------

UVM_INFO $DVT_PREDEFINED_PROJECTS/uvm_ref_flow_1.1/soc_verification_lib/sv_cb_ex_lib/interface_uvc_lib/ahb/sv/ahb_master_monitor.sv(134) @ 315150000: uvm_test_top.ve.ahb0.master_agent.monitor [ahb_monitor] master transfer collected :
----------------------------------------------------------------------------------------------------------------------------------------------
Name                            Type                     Size  Value                                                                          
----------------------------------------------------------------------------------------------------------------------------------------------
transfer                        ahb_transfer             -     @14635                                                                         
  data                          integral                 32    'heX                                                                           
  address                       integral                 32    'h810000                                                                       
  direction                     ahb_direction            1     READ                                                                           
  hsize                         ahb_transfer_size        3     BYTE                                                                           
  burst                         ahb_burst_kind           3     SINGLE                                                                         
  prot                          integral                 4     'h0x                                                                           
  begin_time                    time                     64    314550000                                                                      
  end_time                      time                     64    315150000                                                                      
----------------------------------------------------------------------------------------------------------------------------------------------

UVM_INFO $DVT_PREDEFINED_PROJECTS/uvm_ref_flow_1.1/soc_verification_lib/sv_cb_ex_lib/apb_subsystem/sv/ahb_user_monitor.sv(50) @ 315150000: uvm_test_top.ve.ahb0.master_agent.monitor [USR_MONITOR]  READ to 810000 with data eX has ended
UVM_INFO $DVT_PREDEFINED_PROJECTS/uvm_ref_flow_1.1/soc_verification_lib/sv_cb_ex_lib/interface_uvc_lib/ahb/sv/ahb_master_driver.sv(128) @ 315250000: uvm_test_top.ve.ahb0.master_agent.driver [ahb_master_driver] Item 36 Sent ...
UVM_INFO $DVT_PREDEFINED_PROJECTS/uvm_ref_flow_1.1/soc_verification_lib/sv_cb_ex_lib/apb_subsystem/sv/sequence_lib/apb_subsystem_seq_lib.sv(199) @ 315250000: uvm_test_top.ve.ahb0.master_agent.sequencer@@lp_shutdown_uart1.rd_rx_fifo [SEQ] Read RX_FIFO_REG DATA is `x0
UVM_INFO $DVT_PREDEFINED_PROJECTS/uvm_ref_flow_1.1/soc_verification_lib/sv_cb_ex_lib/interface_uvc_lib/apb/sv/apb_monitor.sv(129) @ 315550000: uvm_test_top.ve.apb0.bus_monitor [apb_monitor] Address Phase Complete: 00880000[APB_READ]
UVM_INFO $DVT_PREDEFINED_PROJECTS/uvm_ref_flow_1.1/soc_verification_lib/sv_cb_ex_lib/interface_uvc_lib/apb/sv/apb_monitor.sv(145) @ 315650000: uvm_test_top.ve.apb0.bus_monitor [apb_monitor] Transaction Collected:
----------------------------------------------------------------------------------------------------------------------------------------------
Name                            Type                     Size  Value                                                                          
----------------------------------------------------------------------------------------------------------------------------------------------
trans_collected                 apb_transfer             -     @14419                                                                         
  addr                          integral                 32    'h880000                                                                       
  direction                     apb_direction_enum       32    APB_READ                                                                       
  data                          integral                 32    'haf                                                                           
  master                        string                   6     master                                                                         
  slave                         string                   5     uart1                                                                          
  begin_time                    time                     64    315450000                                                                      
  end_time                      time                     64    315650000                                                                      
----------------------------------------------------------------------------------------------------------------------------------------------

UVM_INFO $DVT_PREDEFINED_PROJECTS/uvm_ref_flow_1.1/soc_verification_lib/sv_cb_ex_lib/uart_ctrl/sv/uart_ctrl_scoreboard.sv(159) @ 315650000: uvm_test_top.ve.apb_ss_env.apb_uart0.monitor.rx_scbd [SCRBD] write_apb called with addr = 'h880000 and data = 'haf
UVM_INFO $DVT_PREDEFINED_PROJECTS/uvm_ref_flow_1.1/soc_verification_lib/sv_cb_ex_lib/uart_ctrl/sv/uart_ctrl_env.sv(129) @ 315650000: uvm_test_top.ve.apb_ss_env.apb_uart1 [uart_ctrl_env] APB_READ: addr = 'h880000, data = 'haf
UVM_INFO $DVT_PREDEFINED_PROJECTS/uvm_ref_flow_1.1/soc_verification_lib/sv_cb_ex_lib/uart_ctrl/sv/uart_ctrl_scoreboard.sv(159) @ 315650000: uvm_test_top.ve.apb_ss_env.apb_uart1.monitor.rx_scbd [SCRBD] write_apb called with addr = 'h880000 and data = 'haf
UVM_INFO $DVT_PREDEFINED_PROJECTS/uvm_ref_flow_1.1/soc_verification_lib/sv_cb_ex_lib/uart_ctrl/sv/uart_ctrl_scoreboard.sv(83) @ 315650000: uvm_test_top.ve.apb_ss_env.apb_uart1.monitor.tx_scbd [SCRBD] ####### PASS : APB RECEIVED CORRECT DATA from uart1  expected = 'haf, received = 'haf
UVM_INFO $DVT_PREDEFINED_PROJECTS/uvm_ref_flow_1.1/soc_verification_lib/sv_cb_ex_lib/interface_uvc_lib/apb/sv/apb_collector.sv(139) @ 315650000: uvm_test_top.ve.apb0.bus_collector [apb_collector] Transfer collected :
----------------------------------------------------------------------------------------------------------------------------------------------
Name                            Type                     Size  Value                                                                          
----------------------------------------------------------------------------------------------------------------------------------------------
trans_collected                 apb_transfer             -     @8188                                                                          
  addr                          integral                 32    'h880000                                                                       
  direction                     apb_direction_enum       32    APB_READ                                                                       
  data                          integral                 32    'haf                                                                           
  master                        string                   6     master                                                                         
  slave                         string                   5     uart1                                                                          
  begin_time                    time                     64    315450000                                                                      
  end_time                      time                     64    315650000                                                                      
----------------------------------------------------------------------------------------------------------------------------------------------

UVM_INFO $DVT_PREDEFINED_PROJECTS/uvm_ref_flow_1.1/soc_verification_lib/sv_cb_ex_lib/interface_uvc_lib/ahb/sv/ahb_master_monitor.sv(134) @ 315850000: uvm_test_top.ve.ahb0.master_agent.monitor [ahb_monitor] master transfer collected :
----------------------------------------------------------------------------------------------------------------------------------------------
Name                            Type                     Size  Value                                                                          
----------------------------------------------------------------------------------------------------------------------------------------------
transfer                        ahb_transfer             -     @14635                                                                         
  data                          integral                 32    'hax                                                                           
  address                       integral                 32    'h880000                                                                       
  direction                     ahb_direction            1     READ                                                                           
  hsize                         ahb_transfer_size        3     BYTE                                                                           
  burst                         ahb_burst_kind           3     SINGLE                                                                         
  prot                          integral                 4     'h0x                                                                           
  begin_time                    time                     64    315250000                                                                      
  end_time                      time                     64    315850000                                                                      
----------------------------------------------------------------------------------------------------------------------------------------------

UVM_INFO $DVT_PREDEFINED_PROJECTS/uvm_ref_flow_1.1/soc_verification_lib/sv_cb_ex_lib/apb_subsystem/sv/ahb_user_monitor.sv(50) @ 315850000: uvm_test_top.ve.ahb0.master_agent.monitor [USR_MONITOR]  READ to 880000 with data ax has ended
UVM_INFO $DVT_PREDEFINED_PROJECTS/uvm_ref_flow_1.1/soc_verification_lib/sv_cb_ex_lib/interface_uvc_lib/ahb/sv/ahb_master_driver.sv(128) @ 315950000: uvm_test_top.ve.ahb0.master_agent.driver [ahb_master_driver] Item 37 Sent ...
UVM_INFO $DVT_PREDEFINED_PROJECTS/uvm_ref_flow_1.1/soc_verification_lib/sv_cb_ex_lib/apb_subsystem/sv/sequence_lib/apb_subsystem_seq_lib.sv(199) @ 315950000: uvm_test_top.ve.ahb0.master_agent.sequencer@@lp_shutdown_uart1.rd_rx_fifo [SEQ] Read RX_FIFO_REG DATA is `x0
UVM_INFO $DVT_PREDEFINED_PROJECTS/uvm_ref_flow_1.1/soc_verification_lib/sv_cb_ex_lib/interface_uvc_lib/apb/sv/apb_monitor.sv(129) @ 316250000: uvm_test_top.ve.apb0.bus_monitor [apb_monitor] Address Phase Complete: 00880000[APB_READ]
UVM_INFO $DVT_PREDEFINED_PROJECTS/uvm_ref_flow_1.1/soc_verification_lib/sv_cb_ex_lib/interface_uvc_lib/apb/sv/apb_monitor.sv(145) @ 316350000: uvm_test_top.ve.apb0.bus_monitor [apb_monitor] Transaction Collected:
----------------------------------------------------------------------------------------------------------------------------------------------
Name                            Type                     Size  Value                                                                          
----------------------------------------------------------------------------------------------------------------------------------------------
trans_collected                 apb_transfer             -     @14826                                                                         
  addr                          integral                 32    'h880000                                                                       
  direction                     apb_direction_enum       32    APB_READ                                                                       
  data                          integral                 32    'hb2                                                                           
  master                        string                   6     master                                                                         
  slave                         string                   5     uart1                                                                          
  begin_time                    time                     64    316150000                                                                      
  end_time                      time                     64    316350000                                                                      
----------------------------------------------------------------------------------------------------------------------------------------------

UVM_INFO $DVT_PREDEFINED_PROJECTS/uvm_ref_flow_1.1/soc_verification_lib/sv_cb_ex_lib/uart_ctrl/sv/uart_ctrl_scoreboard.sv(159) @ 316350000: uvm_test_top.ve.apb_ss_env.apb_uart0.monitor.rx_scbd [SCRBD] write_apb called with addr = 'h880000 and data = 'hb2
UVM_INFO $DVT_PREDEFINED_PROJECTS/uvm_ref_flow_1.1/soc_verification_lib/sv_cb_ex_lib/uart_ctrl/sv/uart_ctrl_env.sv(129) @ 316350000: uvm_test_top.ve.apb_ss_env.apb_uart1 [uart_ctrl_env] APB_READ: addr = 'h880000, data = 'hb2
UVM_INFO $DVT_PREDEFINED_PROJECTS/uvm_ref_flow_1.1/soc_verification_lib/sv_cb_ex_lib/uart_ctrl/sv/uart_ctrl_scoreboard.sv(159) @ 316350000: uvm_test_top.ve.apb_ss_env.apb_uart1.monitor.rx_scbd [SCRBD] write_apb called with addr = 'h880000 and data = 'hb2
UVM_INFO $DVT_PREDEFINED_PROJECTS/uvm_ref_flow_1.1/soc_verification_lib/sv_cb_ex_lib/uart_ctrl/sv/uart_ctrl_scoreboard.sv(83) @ 316350000: uvm_test_top.ve.apb_ss_env.apb_uart1.monitor.tx_scbd [SCRBD] ####### PASS : APB RECEIVED CORRECT DATA from uart1  expected = 'hb2, received = 'hb2
UVM_INFO $DVT_PREDEFINED_PROJECTS/uvm_ref_flow_1.1/soc_verification_lib/sv_cb_ex_lib/interface_uvc_lib/apb/sv/apb_collector.sv(139) @ 316350000: uvm_test_top.ve.apb0.bus_collector [apb_collector] Transfer collected :
----------------------------------------------------------------------------------------------------------------------------------------------
Name                            Type                     Size  Value                                                                          
----------------------------------------------------------------------------------------------------------------------------------------------
trans_collected                 apb_transfer             -     @8188                                                                          
  addr                          integral                 32    'h880000                                                                       
  direction                     apb_direction_enum       32    APB_READ                                                                       
  data                          integral                 32    'hb2                                                                           
  master                        string                   6     master                                                                         
  slave                         string                   5     uart1                                                                          
  begin_time                    time                     64    316150000                                                                      
  end_time                      time                     64    316350000                                                                      
----------------------------------------------------------------------------------------------------------------------------------------------

UVM_INFO $DVT_PREDEFINED_PROJECTS/uvm_ref_flow_1.1/soc_verification_lib/sv_cb_ex_lib/interface_uvc_lib/ahb/sv/ahb_master_monitor.sv(134) @ 316550000: uvm_test_top.ve.ahb0.master_agent.monitor [ahb_monitor] master transfer collected :
----------------------------------------------------------------------------------------------------------------------------------------------
Name                            Type                     Size  Value                                                                          
----------------------------------------------------------------------------------------------------------------------------------------------
transfer                        ahb_transfer             -     @14635                                                                         
  data                          integral                 32    'hbX                                                                           
  address                       integral                 32    'h880000                                                                       
  direction                     ahb_direction            1     READ                                                                           
  hsize                         ahb_transfer_size        3     BYTE                                                                           
  burst                         ahb_burst_kind           3     SINGLE                                                                         
  prot                          integral                 4     'h0x                                                                           
  begin_time                    time                     64    315950000                                                                      
  end_time                      time                     64    316550000                                                                      
----------------------------------------------------------------------------------------------------------------------------------------------

UVM_INFO $DVT_PREDEFINED_PROJECTS/uvm_ref_flow_1.1/soc_verification_lib/sv_cb_ex_lib/apb_subsystem/sv/ahb_user_monitor.sv(50) @ 316550000: uvm_test_top.ve.ahb0.master_agent.monitor [USR_MONITOR]  READ to 880000 with data bX has ended
UVM_INFO $DVT_PREDEFINED_PROJECTS/uvm_ref_flow_1.1/soc_verification_lib/sv_cb_ex_lib/interface_uvc_lib/ahb/sv/ahb_master_driver.sv(128) @ 316650000: uvm_test_top.ve.ahb0.master_agent.driver [ahb_master_driver] Item 38 Sent ...
UVM_INFO $DVT_PREDEFINED_PROJECTS/uvm_ref_flow_1.1/soc_verification_lib/sv_cb_ex_lib/apb_subsystem/sv/sequence_lib/apb_subsystem_seq_lib.sv(199) @ 316650000: uvm_test_top.ve.ahb0.master_agent.sequencer@@lp_shutdown_uart1.rd_rx_fifo [SEQ] Read RX_FIFO_REG DATA is `x0
UVM_INFO $DVT_PREDEFINED_PROJECTS/uvm_ref_flow_1.1/soc_verification_lib/sv_cb_ex_lib/interface_uvc_lib/apb/sv/apb_monitor.sv(129) @ 316950000: uvm_test_top.ve.apb0.bus_monitor [apb_monitor] Address Phase Complete: 00880000[APB_READ]
UVM_INFO $DVT_PREDEFINED_PROJECTS/uvm_ref_flow_1.1/soc_verification_lib/sv_cb_ex_lib/interface_uvc_lib/apb/sv/apb_monitor.sv(145) @ 317050000: uvm_test_top.ve.apb0.bus_monitor [apb_monitor] Transaction Collected:
----------------------------------------------------------------------------------------------------------------------------------------------
Name                            Type                     Size  Value                                                                          
----------------------------------------------------------------------------------------------------------------------------------------------
trans_collected                 apb_transfer             -     @14890                                                                         
  addr                          integral                 32    'h880000                                                                       
  direction                     apb_direction_enum       32    APB_READ                                                                       
  data                          integral                 32    'hb5                                                                           
  master                        string                   6     master                                                                         
  slave                         string                   5     uart1                                                                          
  begin_time                    time                     64    316850000                                                                      
  end_time                      time                     64    317050000                                                                      
----------------------------------------------------------------------------------------------------------------------------------------------

UVM_INFO $DVT_PREDEFINED_PROJECTS/uvm_ref_flow_1.1/soc_verification_lib/sv_cb_ex_lib/uart_ctrl/sv/uart_ctrl_scoreboard.sv(159) @ 317050000: uvm_test_top.ve.apb_ss_env.apb_uart0.monitor.rx_scbd [SCRBD] write_apb called with addr = 'h880000 and data = 'hb5
UVM_INFO $DVT_PREDEFINED_PROJECTS/uvm_ref_flow_1.1/soc_verification_lib/sv_cb_ex_lib/uart_ctrl/sv/uart_ctrl_env.sv(129) @ 317050000: uvm_test_top.ve.apb_ss_env.apb_uart1 [uart_ctrl_env] APB_READ: addr = 'h880000, data = 'hb5
UVM_INFO $DVT_PREDEFINED_PROJECTS/uvm_ref_flow_1.1/soc_verification_lib/sv_cb_ex_lib/uart_ctrl/sv/uart_ctrl_scoreboard.sv(159) @ 317050000: uvm_test_top.ve.apb_ss_env.apb_uart1.monitor.rx_scbd [SCRBD] write_apb called with addr = 'h880000 and data = 'hb5
UVM_INFO $DVT_PREDEFINED_PROJECTS/uvm_ref_flow_1.1/soc_verification_lib/sv_cb_ex_lib/uart_ctrl/sv/uart_ctrl_scoreboard.sv(83) @ 317050000: uvm_test_top.ve.apb_ss_env.apb_uart1.monitor.tx_scbd [SCRBD] ####### PASS : APB RECEIVED CORRECT DATA from uart1  expected = 'hb5, received = 'hb5
UVM_INFO $DVT_PREDEFINED_PROJECTS/uvm_ref_flow_1.1/soc_verification_lib/sv_cb_ex_lib/interface_uvc_lib/apb/sv/apb_collector.sv(139) @ 317050000: uvm_test_top.ve.apb0.bus_collector [apb_collector] Transfer collected :
----------------------------------------------------------------------------------------------------------------------------------------------
Name                            Type                     Size  Value                                                                          
----------------------------------------------------------------------------------------------------------------------------------------------
trans_collected                 apb_transfer             -     @8188                                                                          
  addr                          integral                 32    'h880000                                                                       
  direction                     apb_direction_enum       32    APB_READ                                                                       
  data                          integral                 32    'hb5                                                                           
  master                        string                   6     master                                                                         
  slave                         string                   5     uart1                                                                          
  begin_time                    time                     64    316850000                                                                      
  end_time                      time                     64    317050000                                                                      
----------------------------------------------------------------------------------------------------------------------------------------------

UVM_INFO $DVT_PREDEFINED_PROJECTS/uvm_ref_flow_1.1/soc_verification_lib/sv_cb_ex_lib/interface_uvc_lib/ahb/sv/ahb_master_monitor.sv(134) @ 317250000: uvm_test_top.ve.ahb0.master_agent.monitor [ahb_monitor] master transfer collected :
----------------------------------------------------------------------------------------------------------------------------------------------
Name                            Type                     Size  Value                                                                          
----------------------------------------------------------------------------------------------------------------------------------------------
transfer                        ahb_transfer             -     @14635                                                                         
  data                          integral                 32    'hbX                                                                           
  address                       integral                 32    'h880000                                                                       
  direction                     ahb_direction            1     READ                                                                           
  hsize                         ahb_transfer_size        3     BYTE                                                                           
  burst                         ahb_burst_kind           3     SINGLE                                                                         
  prot                          integral                 4     'h0x                                                                           
  begin_time                    time                     64    316650000                                                                      
  end_time                      time                     64    317250000                                                                      
----------------------------------------------------------------------------------------------------------------------------------------------

UVM_INFO $DVT_PREDEFINED_PROJECTS/uvm_ref_flow_1.1/soc_verification_lib/sv_cb_ex_lib/apb_subsystem/sv/ahb_user_monitor.sv(50) @ 317250000: uvm_test_top.ve.ahb0.master_agent.monitor [USR_MONITOR]  READ to 880000 with data bX has ended
UVM_INFO $DVT_PREDEFINED_PROJECTS/uvm_ref_flow_1.1/soc_verification_lib/sv_cb_ex_lib/interface_uvc_lib/ahb/sv/ahb_master_driver.sv(128) @ 317350000: uvm_test_top.ve.ahb0.master_agent.driver [ahb_master_driver] Item 39 Sent ...
UVM_INFO $DVT_PREDEFINED_PROJECTS/uvm_ref_flow_1.1/soc_verification_lib/sv_cb_ex_lib/apb_subsystem/sv/sequence_lib/apb_subsystem_seq_lib.sv(199) @ 317350000: uvm_test_top.ve.ahb0.master_agent.sequencer@@lp_shutdown_uart1.rd_rx_fifo [SEQ] Read RX_FIFO_REG DATA is `x0
UVM_INFO $DVT_PREDEFINED_PROJECTS/uvm_ref_flow_1.1/soc_verification_lib/sv_cb_ex_lib/interface_uvc_lib/apb/sv/apb_monitor.sv(129) @ 317650000: uvm_test_top.ve.apb0.bus_monitor [apb_monitor] Address Phase Complete: 00880000[APB_READ]
UVM_INFO $DVT_PREDEFINED_PROJECTS/uvm_ref_flow_1.1/soc_verification_lib/sv_cb_ex_lib/interface_uvc_lib/apb/sv/apb_monitor.sv(145) @ 317750000: uvm_test_top.ve.apb0.bus_monitor [apb_monitor] Transaction Collected:
----------------------------------------------------------------------------------------------------------------------------------------------
Name                            Type                     Size  Value                                                                          
----------------------------------------------------------------------------------------------------------------------------------------------
trans_collected                 apb_transfer             -     @14904                                                                         
  addr                          integral                 32    'h880000                                                                       
  direction                     apb_direction_enum       32    APB_READ                                                                       
  data                          integral                 32    'hb8                                                                           
  master                        string                   6     master                                                                         
  slave                         string                   5     uart1                                                                          
  begin_time                    time                     64    317550000                                                                      
  end_time                      time                     64    317750000                                                                      
----------------------------------------------------------------------------------------------------------------------------------------------

UVM_INFO $DVT_PREDEFINED_PROJECTS/uvm_ref_flow_1.1/soc_verification_lib/sv_cb_ex_lib/uart_ctrl/sv/uart_ctrl_scoreboard.sv(159) @ 317750000: uvm_test_top.ve.apb_ss_env.apb_uart0.monitor.rx_scbd [SCRBD] write_apb called with addr = 'h880000 and data = 'hb8
UVM_INFO $DVT_PREDEFINED_PROJECTS/uvm_ref_flow_1.1/soc_verification_lib/sv_cb_ex_lib/uart_ctrl/sv/uart_ctrl_env.sv(129) @ 317750000: uvm_test_top.ve.apb_ss_env.apb_uart1 [uart_ctrl_env] APB_READ: addr = 'h880000, data = 'hb8
UVM_INFO $DVT_PREDEFINED_PROJECTS/uvm_ref_flow_1.1/soc_verification_lib/sv_cb_ex_lib/uart_ctrl/sv/uart_ctrl_scoreboard.sv(159) @ 317750000: uvm_test_top.ve.apb_ss_env.apb_uart1.monitor.rx_scbd [SCRBD] write_apb called with addr = 'h880000 and data = 'hb8
UVM_INFO $DVT_PREDEFINED_PROJECTS/uvm_ref_flow_1.1/soc_verification_lib/sv_cb_ex_lib/uart_ctrl/sv/uart_ctrl_scoreboard.sv(83) @ 317750000: uvm_test_top.ve.apb_ss_env.apb_uart1.monitor.tx_scbd [SCRBD] ####### PASS : APB RECEIVED CORRECT DATA from uart1  expected = 'hb8, received = 'hb8
UVM_INFO $DVT_PREDEFINED_PROJECTS/uvm_ref_flow_1.1/soc_verification_lib/sv_cb_ex_lib/interface_uvc_lib/apb/sv/apb_collector.sv(139) @ 317750000: uvm_test_top.ve.apb0.bus_collector [apb_collector] Transfer collected :
----------------------------------------------------------------------------------------------------------------------------------------------
Name                            Type                     Size  Value                                                                          
----------------------------------------------------------------------------------------------------------------------------------------------
trans_collected                 apb_transfer             -     @8188                                                                          
  addr                          integral                 32    'h880000                                                                       
  direction                     apb_direction_enum       32    APB_READ                                                                       
  data                          integral                 32    'hb8                                                                           
  master                        string                   6     master                                                                         
  slave                         string                   5     uart1                                                                          
  begin_time                    time                     64    317550000                                                                      
  end_time                      time                     64    317750000                                                                      
----------------------------------------------------------------------------------------------------------------------------------------------

UVM_INFO $DVT_PREDEFINED_PROJECTS/uvm_ref_flow_1.1/soc_verification_lib/sv_cb_ex_lib/interface_uvc_lib/ahb/sv/ahb_master_monitor.sv(134) @ 317950000: uvm_test_top.ve.ahb0.master_agent.monitor [ahb_monitor] master transfer collected :
----------------------------------------------------------------------------------------------------------------------------------------------
Name                            Type                     Size  Value                                                                          
----------------------------------------------------------------------------------------------------------------------------------------------
transfer                        ahb_transfer             -     @14635                                                                         
  data                          integral                 32    'hbX                                                                           
  address                       integral                 32    'h880000                                                                       
  direction                     ahb_direction            1     READ                                                                           
  hsize                         ahb_transfer_size        3     BYTE                                                                           
  burst                         ahb_burst_kind           3     SINGLE                                                                         
  prot                          integral                 4     'h0x                                                                           
  begin_time                    time                     64    317350000                                                                      
  end_time                      time                     64    317950000                                                                      
----------------------------------------------------------------------------------------------------------------------------------------------

UVM_INFO $DVT_PREDEFINED_PROJECTS/uvm_ref_flow_1.1/soc_verification_lib/sv_cb_ex_lib/apb_subsystem/sv/ahb_user_monitor.sv(50) @ 317950000: uvm_test_top.ve.ahb0.master_agent.monitor [USR_MONITOR]  READ to 880000 with data bX has ended
UVM_INFO $DVT_PREDEFINED_PROJECTS/libs/uvm-1.1b/src/base/uvm_objection.svh(1097) @ 318350000: reporter [TEST_DONE] All end-of-test objections have been dropped. Calling stop tasks
UVM_INFO $DVT_PREDEFINED_PROJECTS/libs/uvm-1.1b/src/base/uvm_objection.svh(1120) @ 318350000: reporter [TEST_DONE] 'run' phase is ready to proceed to the 'extract' phase
UVM_INFO $DVT_PREDEFINED_PROJECTS/libs/uvm-1.1b/src/base/uvm_phase.svh(1194) @ 318350000: reporter [PH/TRC/EXE/ALLDROP] Phase 'common.run' (id=2980) PHASE EXIT ALL_DROPPED
UVM_INFO $DVT_PREDEFINED_PROJECTS/libs/uvm-1.1b/src/base/uvm_phase.svh(1233) @ 318350000: reporter [PH_READY_TO_END] Phase 'common.run' (id=2980) PHASE READY TO END
UVM_INFO $DVT_PREDEFINED_PROJECTS/uvm_ref_flow_1.1/soc_verification_lib/sv_cb_ex_lib/interface_uvc_lib/ahb/sv/ahb_master_driver.sv(135) @ 318350000: uvm_test_top.ve.ahb0.master_agent.driver [ahb_master_driver] 
Report: AHB master driver sent 39 transfers
UVM_INFO $DVT_PREDEFINED_PROJECTS/uvm_ref_flow_1.1/soc_verification_lib/sv_cb_ex_lib/interface_uvc_lib/ahb/sv/ahb_master_monitor.sv(174) @ 318350000: uvm_test_top.ve.ahb0.master_agent.monitor [ahb_monitor] 
Report: AHB master monitor collected 39 transfers
UVM_INFO $DVT_PREDEFINED_PROJECTS/uvm_ref_flow_1.1/soc_verification_lib/sv_cb_ex_lib/interface_uvc_lib/apb/sv/apb_collector.sv(153) @ 318350000: uvm_test_top.ve.apb0.bus_collector [apb_collector] Report: APB collector collected 27 transfers
UVM_INFO $DVT_PREDEFINED_PROJECTS/uvm_ref_flow_1.1/soc_verification_lib/sv_cb_ex_lib/interface_uvc_lib/apb/sv/apb_monitor.sv(164) @ 318350000: uvm_test_top.ve.apb0.bus_monitor [apb_monitor] Report: APB monitor collected 27 transfers
UVM_INFO $DVT_PREDEFINED_PROJECTS/uvm_ref_flow_1.1/soc_verification_lib/sv_cb_ex_lib/interface_uvc_lib/uart/sv/uart_rx_monitor.sv(99) @ 318350000: uvm_test_top.ve.uart0.Rx.monitor [uart_rx_monitor] UART Frames Collected:2
UVM_INFO $DVT_PREDEFINED_PROJECTS/uvm_ref_flow_1.1/soc_verification_lib/sv_cb_ex_lib/interface_uvc_lib/uart/sv/uart_tx_driver.sv(229) @ 318350000: uvm_test_top.ve.uart0.Tx.driver [uart_tx_driver] UART Frames Sent:6
UVM_INFO $DVT_PREDEFINED_PROJECTS/uvm_ref_flow_1.1/soc_verification_lib/sv_cb_ex_lib/interface_uvc_lib/uart/sv/uart_tx_monitor.sv(99) @ 318350000: uvm_test_top.ve.uart0.Tx.monitor [uart_tx_monitor] UART Frames Collected:6
UVM_INFO $DVT_PREDEFINED_PROJECTS/uvm_ref_flow_1.1/soc_verification_lib/sv_cb_ex_lib/interface_uvc_lib/uart/sv/uart_rx_monitor.sv(99) @ 318350000: uvm_test_top.ve.uart1.Rx.monitor [uart_rx_monitor] UART Frames Collected:3
UVM_INFO $DVT_PREDEFINED_PROJECTS/uvm_ref_flow_1.1/soc_verification_lib/sv_cb_ex_lib/interface_uvc_lib/uart/sv/uart_tx_driver.sv(229) @ 318350000: uvm_test_top.ve.uart1.Tx.driver [uart_tx_driver] UART Frames Sent:8
UVM_INFO $DVT_PREDEFINED_PROJECTS/uvm_ref_flow_1.1/soc_verification_lib/sv_cb_ex_lib/interface_uvc_lib/uart/sv/uart_tx_monitor.sv(99) @ 318350000: uvm_test_top.ve.uart1.Tx.monitor [uart_tx_monitor] UART Frames Collected:8

--- UVM Report catcher Summary ---


Number of demoted UVM_FATAL reports  :    0
Number of demoted UVM_ERROR reports  :    0
Number of demoted UVM_WARNING reports:    0
Number of caught UVM_FATAL reports   :    0
Number of caught UVM_ERROR reports   :    0
Number of caught UVM_WARNING reports :    0

--- UVM Report Summary ---

** Report counts by severity
UVM_INFO : 1138
UVM_WARNING :    0
UVM_ERROR :    0
UVM_FATAL :    0
** Report counts by id
[CFGNRD]     1
[ENV_TOPOLOGY]    29
[GPIO_MON]     1
[MISCMP]     2
[PH/TRC/EXE/ALLDROP]     1
[PHASESEQ]   104
[PH_READY_TO_END]    13
[RNTST]     1
[RegModel]     8
[SCRBD]    86
[SEQ]    26
[TEST_DONE]     2
[USR_MONITOR]    66
[ahb_master_driver]    42
[ahb_monitor]    40
[apb_collector]    29
[apb_monitor]    55
[apb_subsystem_env]    26
[apb_subsystem_tb]     3
[uart_ctrl_config_reg_seq]     4
[uart_ctrl_env]    40
[uart_incr_payload_seq]     4
[uart_rx_monitor]    88
[uart_tx_driver]   214
[uart_tx_monitor]   232
[uvm_reg_map]    16
[vseq]     5
Simulation complete via $finish(1) at time 318350 NS + 44
$DVT_PREDEFINED_PROJECTS/libs/uvm-1.1b/src/base/uvm_root.svh:408     $finish;
xcelium> exit
  Disabled Finish Failed   Assertion Name 
         0      0      0   worklib.uvm_pkg::uvm_reg_map::do_read.unmblk1.__assert_2
         0      0      0   worklib.uvm_pkg::uvm_reg_map::do_write.unmblk1.__assert_1
  Total Assertions = 2,  Failing Assertions = 0,  Unchecked Assertions = 2
  Assertion summary at time 318350 NS + 44
xmsim: *N,PRASRT: Protected assertions are not shown.
xmsim: *N,COVCGN: Coverage configuration file command "set_covergroup -new_instance_reporting" can be specified to improve the scoping and naming of covergroup instances. It may be noted that subsequent merging of a coverage database saved with this command and a coverage database saved without this command is not allowed.
xmsim: *W,CGDEFN: Default name "worklib.uvm_pkg::.uvm_test_top.ve.virtual_sequencer.ahb_seqr.uvm_sequencer::uvm_sequencer_param_base::m_last_req_buffer[0].uvm_sequence_item::m_parent_sequence.uvm_sequence::uvm_sequence_base::uvm_sequence_item::m_parent_sequence.uart_seq.p_sequencer.uvm_sequencer::seq_item_export.uvm_port_base::m_provided_to[uvm_test_top.ve.uart1.Tx.driver.sqr_pull_port].uvm_port_base::m_comp.uvm_port_component_base::uvm_component::m_parent.uvm_driver::uvm_component::m_parent.monitor.uart_monitor::frame_collected_port.uvm_port_base::m_if.m_imp.apb_in.uvm_port_base::m_provided_to[uvm_test_top.ve.apb0.bus_monitor.item_collected_port].uvm_port_base::m_if.m_imp.reg_model.uvm_reg_block::parent.spi_rf.spi_ctrl.value_cg" will be generated for covergroup instance "value_cg" as the name of the covergroup instance is not specified explicitly: ./sv/spi_reg_model.sv, 51.
xmsim: *W,CGDEFN: Default name "worklib.uvm_pkg::.uvm_test_top.ve.virtual_sequencer.ahb_seqr.uvm_sequencer::uvm_sequencer_param_base::m_last_req_buffer[0].uvm_sequence_item::m_parent_sequence.uvm_sequence::uvm_sequence_base::uvm_sequence_item::m_parent_sequence.uart_seq.p_sequencer.uvm_sequencer::seq_item_export.uvm_port_base::m_provided_to[uvm_test_top.ve.uart1.Tx.driver.sqr_pull_port].uvm_port_base::m_comp.uvm_port_component_base::uvm_component::m_parent.uvm_driver::uvm_component::m_parent.monitor.uart_monitor::frame_collected_port.uvm_port_base::m_if.m_imp.apb_in.uvm_port_base::m_provided_to[uvm_test_top.ve.apb0.bus_monitor.item_collected_port].uvm_port_base::m_if.m_imp.reg_model.uvm_reg_block::parent.spi_rf.spi_divider.value_cg" will be generated for covergroup instance "value_cg" as the name of the covergroup instance is not specified explicitly: ./sv/spi_reg_model.sv, 92.
xmsim: *W,CGDEFN: Default name "worklib.uvm_pkg::.uvm_test_top.ve.virtual_sequencer.ahb_seqr.uvm_sequencer::uvm_sequencer_param_base::m_last_req_buffer[0].uvm_sequence_item::m_parent_sequence.uvm_sequence::uvm_sequence_base::uvm_sequence_item::m_parent_sequence.uart_seq.p_sequencer.uvm_sequencer::seq_item_export.uvm_port_base::m_provided_to[uvm_test_top.ve.uart1.Tx.driver.sqr_pull_port].uvm_port_base::m_comp.uvm_port_component_base::uvm_component::m_parent.uvm_driver::uvm_component::m_parent.monitor.uart_monitor::frame_collected_port.uvm_port_base::m_if.m_imp.apb_in.uvm_port_base::m_provided_to[uvm_test_top.ve.apb0.bus_monitor.item_collected_port].uvm_port_base::m_if.m_imp.reg_model.uvm_reg_block::parent.spi_rf.spi_ss.value_cg" will be generated for covergroup instance "value_cg" as the name of the covergroup instance is not specified explicitly: ./sv/spi_reg_model.sv, 127.
xmsim: *W,CGDEFN: Default name "worklib.uvm_pkg::.uvm_test_top.ve.virtual_sequencer.ahb_seqr.uvm_sequencer::uvm_sequencer_param_base::m_last_req_buffer[0].uvm_sequence_item::m_parent_sequence.uvm_sequence::uvm_sequence_base::uvm_sequence_item::m_parent_sequence.uart_seq.p_sequencer.uvm_sequencer::seq_item_export.uvm_port_base::m_provided_to[uvm_test_top.ve.uart1.Tx.driver.sqr_pull_port].uvm_port_base::m_comp.uvm_port_component_base::uvm_component::m_parent.uvm_driver::uvm_component::m_parent.monitor.uart_monitor::frame_collected_port.uvm_port_base::m_if.m_imp.apb_in.uvm_port_base::m_provided_to[uvm_test_top.ve.apb0.bus_monitor.item_collected_port].uvm_port_base::m_if.m_imp.reg_model.uvm_reg_block::parent.gpio_rf.bypass_mode.value_cg" will be generated for covergroup instance "value_cg" as the name of the covergroup instance is not specified explicitly: ./sv/gpio_reg_model.sv, 27.
xmsim: *W,CGDEFN: Default name "worklib.uvm_pkg::.uvm_test_top.ve.virtual_sequencer.ahb_seqr.uvm_sequencer::uvm_sequencer_param_base::m_last_req_buffer[0].uvm_sequence_item::m_parent_sequence.uvm_sequence::uvm_sequence_base::uvm_sequence_item::m_parent_sequence.uart_seq.p_sequencer.uvm_sequencer::seq_item_export.uvm_port_base::m_provided_to[uvm_test_top.ve.uart1.Tx.driver.sqr_pull_port].uvm_port_base::m_comp.uvm_port_component_base::uvm_component::m_parent.uvm_driver::uvm_component::m_parent.monitor.uart_monitor::frame_collected_port.uvm_port_base::m_if.m_imp.apb_in.uvm_port_base::m_provided_to[uvm_test_top.ve.apb0.bus_monitor.item_collected_port].uvm_port_base::m_if.m_imp.reg_model.uvm_reg_block::parent.gpio_rf.direction_mode.value_cg" will be generated for covergroup instance "value_cg" as the name of the covergroup instance is not specified explicitly: ./sv/gpio_reg_model.sv, 61.
xmsim: *W,CGDEFN: Default name "worklib.uvm_pkg::.uvm_test_top.ve.virtual_sequencer.ahb_seqr.uvm_sequencer::uvm_sequencer_param_base::m_last_req_buffer[0].uvm_sequence_item::m_parent_sequence.uvm_sequence::uvm_sequence_base::uvm_sequence_item::m_parent_sequence.uart_seq.p_sequencer.uvm_sequencer::seq_item_export.uvm_port_base::m_provided_to[uvm_test_top.ve.uart1.Tx.driver.sqr_pull_port].uvm_port_base::m_comp.uvm_port_component_base::uvm_component::m_parent.uvm_driver::uvm_component::m_parent.monitor.uart_monitor::frame_collected_port.uvm_port_base::m_if.m_imp.apb_in.uvm_port_base::m_provided_to[uvm_test_top.ve.apb0.bus_monitor.item_collected_port].uvm_port_base::m_if.m_imp.reg_model.uvm_reg_block::parent.gpio_rf.output_enable.value_cg" will be generated for covergroup instance "value_cg" as the name of the covergroup instance is not specified explicitly: ./sv/gpio_reg_model.sv, 95.
xmsim: *W,CGDEFN: Default name "worklib.uvm_pkg::.uvm_test_top.ve.virtual_sequencer.ahb_seqr.uvm_sequencer::uvm_sequencer_param_base::m_last_req_buffer[0].uvm_sequence_item::m_parent_sequence.uvm_sequence::uvm_sequence_base::uvm_sequence_item::m_parent_sequence.uart_seq.p_sequencer.uvm_sequencer::seq_item_export.uvm_port_base::m_provided_to[uvm_test_top.ve.uart1.Tx.driver.sqr_pull_port].uvm_port_base::m_comp.uvm_port_component_base::uvm_component::m_parent.uvm_driver::uvm_component::m_parent.monitor.uart_monitor::frame_collected_port.uvm_port_base::m_if.m_imp.apb_in.uvm_port_base::m_provided_to[uvm_test_top.ve.apb0.bus_monitor.item_collected_port].uvm_port_base::m_if.m_imp.reg_model.uvm_reg_block::parent.gpio_rf.output_value.value_cg" will be generated for covergroup instance "value_cg" as the name of the covergroup instance is not specified explicitly: ./sv/gpio_reg_model.sv, 129.
xmsim: *W,CGDEFN: Default name "worklib.uvm_pkg::.uvm_test_top.ve.virtual_sequencer.ahb_seqr.uvm_sequencer::uvm_sequencer_param_base::m_last_req_buffer[0].uvm_sequence_item::m_parent_sequence.uvm_sequence::uvm_sequence_base::uvm_sequence_item::m_parent_sequence.uart_seq.p_sequencer.uvm_sequencer::seq_item_export.uvm_port_base::m_provided_to[uvm_test_top.ve.uart1.Tx.driver.sqr_pull_port].uvm_port_base::m_comp.uvm_port_component_base::uvm_component::m_parent.uvm_driver::uvm_component::m_parent.monitor.uart_monitor::frame_collected_port.uvm_port_base::m_if.m_imp.apb_in.uvm_port_base::m_provided_to[uvm_test_top.ve.apb0.bus_monitor.item_collected_port].uvm_port_base::m_if.m_imp.reg_model.uvm_reg_block::parent.gpio_rf.input_value.value_cg" will be generated for covergroup instance "value_cg" as the name of the covergroup instance is not specified explicitly: ./sv/gpio_reg_model.sv, 163.

coverage setup:
  workdir  :  ./cov_work
  dutinst  :  apb_subsystem_top(apb_subsystem_top)
  scope    :  scope
  testname :  lp_shutdown_urt1

coverage files:
  model(design data) :  ./cov_work/scope/icc_05265f54_57c1ce6f.ucm (reused)
  data               :  ./cov_work/scope/lp_shutdown_urt1/icc_05265f54_57c1ce6f.ucd
TOOL:	xrun(64)	20.09-s004: Exiting on Jul 27, 2026 at 14:23:41 EEST  (total: 00:00:03)
