*** Start analyzing build configuration ***
Waiting for xrun location...
*** List of included argument files ***
    Build configuration file:  /home/alexandru.madalin.vasilescu/dvt_predefined_projects_target/uvm_ref_flow_1.1/.dvt/default.build
    -F /home/alexandru.madalin.vasilescu/dvt_predefined_projects_target/uvm_ref_flow_1.1/designs/socv/rtl/rtl_lpw/socv/rtl/socv.irunargs
        -F /home/alexandru.madalin.vasilescu/dvt_predefined_projects_target/uvm_ref_flow_1.1/designs/socv/rtl/rtl_lpw/padframe/rtl/padframe.irunargs
        -F /home/alexandru.madalin.vasilescu/dvt_predefined_projects_target/uvm_ref_flow_1.1/designs/socv/rtl/rtl_lpw/socv/rtl/cdn_busmatrix.irunargs
        -F /home/alexandru.madalin.vasilescu/dvt_predefined_projects_target/uvm_ref_flow_1.1/designs/socv/rtl/rtl_lpw/rom_subsystem/rtl/rom_subsystem.irunargs
        -F /home/alexandru.madalin.vasilescu/dvt_predefined_projects_target/uvm_ref_flow_1.1/designs/socv/rtl/rtl_lpw/sram_subsystem/rtl/sram_subsystem.irunargs
        -F /home/alexandru.madalin.vasilescu/dvt_predefined_projects_target/uvm_ref_flow_1.1/designs/socv/rtl/rtl_lpw/apb_subsystem/rtl/apb_subsystem.irunargs
            -F /home/alexandru.madalin.vasilescu/dvt_predefined_projects_target/uvm_ref_flow_1.1/designs/socv/rtl/rtl_lpw/ahb2apb/rtl/ahb2apb.irunargs
            -F /home/alexandru.madalin.vasilescu/dvt_predefined_projects_target/uvm_ref_flow_1.1/designs/socv/rtl/rtl_lpw/alut/rtl/alut.irunargs
            -F /home/alexandru.madalin.vasilescu/dvt_predefined_projects_target/uvm_ref_flow_1.1/designs/socv/rtl/rtl_lpw/opencores/oc_spi.irunargs
            -F /home/alexandru.madalin.vasilescu/dvt_predefined_projects_target/uvm_ref_flow_1.1/designs/socv/rtl/rtl_lpw/opencores/oc_uart.irunargs
            -F /home/alexandru.madalin.vasilescu/dvt_predefined_projects_target/uvm_ref_flow_1.1/designs/socv/rtl/rtl_lpw/gpio/rtl/gpio_lite.irunargs
            -F /home/alexandru.madalin.vasilescu/dvt_predefined_projects_target/uvm_ref_flow_1.1/designs/socv/rtl/rtl_lpw/ttc/rtl/ttc_lite.irunargs
            -F /home/alexandru.madalin.vasilescu/dvt_predefined_projects_target/uvm_ref_flow_1.1/designs/socv/rtl/rtl_lpw/smc/rtl/smc_lite.irunargs
            -F /home/alexandru.madalin.vasilescu/dvt_predefined_projects_target/uvm_ref_flow_1.1/designs/socv/rtl/rtl_lpw/power_ctrl/rtl/power_ctrl.irunargs
        -F /home/alexandru.madalin.vasilescu/dvt_predefined_projects_target/uvm_ref_flow_1.1/designs/socv/rtl/rtl_lpw/dma/rtl/dma.irunargs
        -F /home/alexandru.madalin.vasilescu/dvt_predefined_projects_target/uvm_ref_flow_1.1/designs/socv/rtl/rtl_lpw/opencores/mac.irunargs
*** List of invocations ***
Invocation #1 +dvt_init+ius.irun in /home/alexandru.madalin.vasilescu/dvt_predefined_projects_target/uvm_ref_flow_1.1/.dvt/default.build at line 4
*** Done analyzing build configuration [158 ms] ***

*** Start SystemVerilog build ***
*** Invocation #1***
*** Implicit invocation - nothing to compile
*** Done parsing invocation #1
*** Invocation #2***
Loading (1) /home/alexandru.madalin.vasilescu/.vscode/extensions/amiq.dvt-26.1.19-linux-x64/dvt_home/common/predefined_projects/libs/uvm-1.1b/src/uvm_pkg.sv ...
Loading (2) /home/alexandru.madalin.vasilescu/.vscode/extensions/amiq.dvt-26.1.19-linux-x64/dvt_home/common/predefined_projects/libs/uvm-1.1b/src/uvm_macros.svh ...
Loading (3) /home/alexandru.madalin.vasilescu/.vscode/extensions/amiq.dvt-26.1.19-linux-x64/dvt_home/common/predefined_projects/libs/uvm-1.1b/src/macros/uvm_version_defines.svh ...
Done /home/alexandru.madalin.vasilescu/.vscode/extensions/amiq.dvt-26.1.19-linux-x64/dvt_home/common/predefined_projects/libs/uvm-1.1b/src/macros/uvm_version_defines.svh [0 ms, 51 lines, SystemVerilog_2012] ...
Loading (4) /home/alexandru.madalin.vasilescu/.vscode/extensions/amiq.dvt-26.1.19-linux-x64/dvt_home/common/predefined_projects/libs/uvm-1.1b/src/macros/uvm_message_defines.svh ...
Done /home/alexandru.madalin.vasilescu/.vscode/extensions/amiq.dvt-26.1.19-linux-x64/dvt_home/common/predefined_projects/libs/uvm-1.1b/src/macros/uvm_message_defines.svh [0 ms, 220 lines, SystemVerilog_2012] ...
Loading (5) /home/alexandru.madalin.vasilescu/.vscode/extensions/amiq.dvt-26.1.19-linux-x64/dvt_home/common/predefined_projects/libs/uvm-1.1b/src/macros/uvm_phase_defines.svh ...
Done /home/alexandru.madalin.vasilescu/.vscode/extensions/amiq.dvt-26.1.19-linux-x64/dvt_home/common/predefined_projects/libs/uvm-1.1b/src/macros/uvm_phase_defines.svh [0 ms, 130 lines, SystemVerilog_2012] ...
Loading (6) /home/alexandru.madalin.vasilescu/.vscode/extensions/amiq.dvt-26.1.19-linux-x64/dvt_home/common/predefined_projects/libs/uvm-1.1b/src/macros/uvm_object_defines.svh ...
Done /home/alexandru.madalin.vasilescu/.vscode/extensions/amiq.dvt-26.1.19-linux-x64/dvt_home/common/predefined_projects/libs/uvm-1.1b/src/macros/uvm_object_defines.svh [101 ms, 3640 lines, SystemVerilog_2012] ...
Loading (7) /home/alexandru.madalin.vasilescu/.vscode/extensions/amiq.dvt-26.1.19-linux-x64/dvt_home/common/predefined_projects/libs/uvm-1.1b/src/macros/uvm_printer_defines.svh ...
Done /home/alexandru.madalin.vasilescu/.vscode/extensions/amiq.dvt-26.1.19-linux-x64/dvt_home/common/predefined_projects/libs/uvm-1.1b/src/macros/uvm_printer_defines.svh [0 ms, 420 lines, SystemVerilog_2012] ...
Loading (8) /home/alexandru.madalin.vasilescu/.vscode/extensions/amiq.dvt-26.1.19-linux-x64/dvt_home/common/predefined_projects/libs/uvm-1.1b/src/macros/uvm_tlm_defines.svh ...
Loading (9) /home/alexandru.madalin.vasilescu/.vscode/extensions/amiq.dvt-26.1.19-linux-x64/dvt_home/common/predefined_projects/libs/uvm-1.1b/src/tlm1/uvm_tlm_imps.svh ...
Done /home/alexandru.madalin.vasilescu/.vscode/extensions/amiq.dvt-26.1.19-linux-x64/dvt_home/common/predefined_projects/libs/uvm-1.1b/src/tlm1/uvm_tlm_imps.svh [1 ms, 229 lines, SystemVerilog_2012] ...
Done /home/alexandru.madalin.vasilescu/.vscode/extensions/amiq.dvt-26.1.19-linux-x64/dvt_home/common/predefined_projects/libs/uvm-1.1b/src/macros/uvm_tlm_defines.svh [0 ms, 615 lines, SystemVerilog_2012] ...
Loading (10) /home/alexandru.madalin.vasilescu/.vscode/extensions/amiq.dvt-26.1.19-linux-x64/dvt_home/common/predefined_projects/libs/uvm-1.1b/src/macros/uvm_sequence_defines.svh ...
Done /home/alexandru.madalin.vasilescu/.vscode/extensions/amiq.dvt-26.1.19-linux-x64/dvt_home/common/predefined_projects/libs/uvm-1.1b/src/macros/uvm_sequence_defines.svh [0 ms, 456 lines, SystemVerilog_2012] ...
Loading (11) /home/alexandru.madalin.vasilescu/.vscode/extensions/amiq.dvt-26.1.19-linux-x64/dvt_home/common/predefined_projects/libs/uvm-1.1b/src/macros/uvm_callback_defines.svh ...
Done /home/alexandru.madalin.vasilescu/.vscode/extensions/amiq.dvt-26.1.19-linux-x64/dvt_home/common/predefined_projects/libs/uvm-1.1b/src/macros/uvm_callback_defines.svh [0 ms, 292 lines, SystemVerilog_2012] ...
Loading (12) /home/alexandru.madalin.vasilescu/.vscode/extensions/amiq.dvt-26.1.19-linux-x64/dvt_home/common/predefined_projects/libs/uvm-1.1b/src/macros/uvm_reg_defines.svh ...
Done /home/alexandru.madalin.vasilescu/.vscode/extensions/amiq.dvt-26.1.19-linux-x64/dvt_home/common/predefined_projects/libs/uvm-1.1b/src/macros/uvm_reg_defines.svh [0 ms, 69 lines, SystemVerilog_2012] ...
Loading (13) /home/alexandru.madalin.vasilescu/.vscode/extensions/amiq.dvt-26.1.19-linux-x64/dvt_home/common/predefined_projects/libs/uvm-1.1b/src/macros/uvm_deprecated_defines.svh ...
Done /home/alexandru.madalin.vasilescu/.vscode/extensions/amiq.dvt-26.1.19-linux-x64/dvt_home/common/predefined_projects/libs/uvm-1.1b/src/macros/uvm_deprecated_defines.svh [0 ms, 251 lines, SystemVerilog_2012] ...
Done /home/alexandru.madalin.vasilescu/.vscode/extensions/amiq.dvt-26.1.19-linux-x64/dvt_home/common/predefined_projects/libs/uvm-1.1b/src/uvm_macros.svh [52 ms, 99 lines, SystemVerilog_2012] ...
Loading (14) /home/alexandru.madalin.vasilescu/.vscode/extensions/amiq.dvt-26.1.19-linux-x64/dvt_home/common/predefined_projects/libs/uvm-1.1b/src/dpi/uvm_dpi.svh ...
Loading (15) /home/alexandru.madalin.vasilescu/.vscode/extensions/amiq.dvt-26.1.19-linux-x64/dvt_home/common/predefined_projects/libs/uvm-1.1b/src/dpi/uvm_hdl.svh ...
Done /home/alexandru.madalin.vasilescu/.vscode/extensions/amiq.dvt-26.1.19-linux-x64/dvt_home/common/predefined_projects/libs/uvm-1.1b/src/dpi/uvm_hdl.svh [45 ms, 164 lines, SystemVerilog_2012] ...
Loading (16) /home/alexandru.madalin.vasilescu/.vscode/extensions/amiq.dvt-26.1.19-linux-x64/dvt_home/common/predefined_projects/libs/uvm-1.1b/src/dpi/uvm_svcmd_dpi.svh ...
Done /home/alexandru.madalin.vasilescu/.vscode/extensions/amiq.dvt-26.1.19-linux-x64/dvt_home/common/predefined_projects/libs/uvm-1.1b/src/dpi/uvm_svcmd_dpi.svh [2 ms, 61 lines, SystemVerilog_2012] ...
Loading (17) /home/alexandru.madalin.vasilescu/.vscode/extensions/amiq.dvt-26.1.19-linux-x64/dvt_home/common/predefined_projects/libs/uvm-1.1b/src/dpi/uvm_regex.svh ...
Done /home/alexandru.madalin.vasilescu/.vscode/extensions/amiq.dvt-26.1.19-linux-x64/dvt_home/common/predefined_projects/libs/uvm-1.1b/src/dpi/uvm_regex.svh [0 ms, 89 lines, SystemVerilog_2012] ...
Done /home/alexandru.madalin.vasilescu/.vscode/extensions/amiq.dvt-26.1.19-linux-x64/dvt_home/common/predefined_projects/libs/uvm-1.1b/src/dpi/uvm_dpi.svh [1 ms, 44 lines, SystemVerilog_2012] ...
Loading (18) /home/alexandru.madalin.vasilescu/.vscode/extensions/amiq.dvt-26.1.19-linux-x64/dvt_home/common/predefined_projects/libs/uvm-1.1b/src/base/uvm_base.svh ...
Loading (19) /home/alexandru.madalin.vasilescu/.vscode/extensions/amiq.dvt-26.1.19-linux-x64/dvt_home/common/predefined_projects/libs/uvm-1.1b/src/base/uvm_version.svh ...
Done /home/alexandru.madalin.vasilescu/.vscode/extensions/amiq.dvt-26.1.19-linux-x64/dvt_home/common/predefined_projects/libs/uvm-1.1b/src/base/uvm_version.svh [2 ms, 37 lines, SystemVerilog_2012] ...
Loading (20) /home/alexandru.madalin.vasilescu/.vscode/extensions/amiq.dvt-26.1.19-linux-x64/dvt_home/common/predefined_projects/libs/uvm-1.1b/src/base/uvm_object_globals.svh ...
Done /home/alexandru.madalin.vasilescu/.vscode/extensions/amiq.dvt-26.1.19-linux-x64/dvt_home/common/predefined_projects/libs/uvm-1.1b/src/base/uvm_object_globals.svh [19 ms, 672 lines, SystemVerilog_2012] ...
Loading (21) /home/alexandru.madalin.vasilescu/.vscode/extensions/amiq.dvt-26.1.19-linux-x64/dvt_home/common/predefined_projects/libs/uvm-1.1b/src/base/uvm_misc.svh ...
Done /home/alexandru.madalin.vasilescu/.vscode/extensions/amiq.dvt-26.1.19-linux-x64/dvt_home/common/predefined_projects/libs/uvm-1.1b/src/base/uvm_misc.svh [76 ms, 702 lines, SystemVerilog_2012] ...
Loading (22) /home/alexandru.madalin.vasilescu/.vscode/extensions/amiq.dvt-26.1.19-linux-x64/dvt_home/common/predefined_projects/libs/uvm-1.1b/src/deprecated/uvm_type_utils.svh ...
Done /home/alexandru.madalin.vasilescu/.vscode/extensions/amiq.dvt-26.1.19-linux-x64/dvt_home/common/predefined_projects/libs/uvm-1.1b/src/deprecated/uvm_type_utils.svh [1 ms, 42 lines, SystemVerilog_2012] ...
Loading (23) /home/alexandru.madalin.vasilescu/.vscode/extensions/amiq.dvt-26.1.19-linux-x64/dvt_home/common/predefined_projects/libs/uvm-1.1b/src/base/uvm_object.svh ...
Done /home/alexandru.madalin.vasilescu/.vscode/extensions/amiq.dvt-26.1.19-linux-x64/dvt_home/common/predefined_projects/libs/uvm-1.1b/src/base/uvm_object.svh [71 ms, 1329 lines, SystemVerilog_2012] ...
Loading (24) /home/alexandru.madalin.vasilescu/.vscode/extensions/amiq.dvt-26.1.19-linux-x64/dvt_home/common/predefined_projects/libs/uvm-1.1b/src/base/uvm_pool.svh ...
Done /home/alexandru.madalin.vasilescu/.vscode/extensions/amiq.dvt-26.1.19-linux-x64/dvt_home/common/predefined_projects/libs/uvm-1.1b/src/base/uvm_pool.svh [19 ms, 348 lines, SystemVerilog_2012] ...
Loading (25) /home/alexandru.madalin.vasilescu/.vscode/extensions/amiq.dvt-26.1.19-linux-x64/dvt_home/common/predefined_projects/libs/uvm-1.1b/src/base/uvm_queue.svh ...
Done /home/alexandru.madalin.vasilescu/.vscode/extensions/amiq.dvt-26.1.19-linux-x64/dvt_home/common/predefined_projects/libs/uvm-1.1b/src/base/uvm_queue.svh [11 ms, 214 lines, SystemVerilog_2012] ...
Loading (26) /home/alexandru.madalin.vasilescu/.vscode/extensions/amiq.dvt-26.1.19-linux-x64/dvt_home/common/predefined_projects/libs/uvm-1.1b/src/base/uvm_factory.svh ...
Done /home/alexandru.madalin.vasilescu/.vscode/extensions/amiq.dvt-26.1.19-linux-x64/dvt_home/common/predefined_projects/libs/uvm-1.1b/src/base/uvm_factory.svh [61 ms, 1633 lines, SystemVerilog_2012] ...
Loading (27) /home/alexandru.madalin.vasilescu/.vscode/extensions/amiq.dvt-26.1.19-linux-x64/dvt_home/common/predefined_projects/libs/uvm-1.1b/src/base/uvm_registry.svh ...
Done /home/alexandru.madalin.vasilescu/.vscode/extensions/amiq.dvt-26.1.19-linux-x64/dvt_home/common/predefined_projects/libs/uvm-1.1b/src/base/uvm_registry.svh [9 ms, 366 lines, SystemVerilog_2012] ...
Loading (28) /home/alexandru.madalin.vasilescu/.vscode/extensions/amiq.dvt-26.1.19-linux-x64/dvt_home/common/predefined_projects/libs/uvm-1.1b/src/base/uvm_spell_chkr.svh ...
Done /home/alexandru.madalin.vasilescu/.vscode/extensions/amiq.dvt-26.1.19-linux-x64/dvt_home/common/predefined_projects/libs/uvm-1.1b/src/base/uvm_spell_chkr.svh [6 ms, 194 lines, SystemVerilog_2012] ...
Loading (29) /home/alexandru.madalin.vasilescu/.vscode/extensions/amiq.dvt-26.1.19-linux-x64/dvt_home/common/predefined_projects/libs/uvm-1.1b/src/base/uvm_resource.svh ...
Done /home/alexandru.madalin.vasilescu/.vscode/extensions/amiq.dvt-26.1.19-linux-x64/dvt_home/common/predefined_projects/libs/uvm-1.1b/src/base/uvm_resource.svh [41 ms, 1708 lines, SystemVerilog_2012] ...
Loading (30) /home/alexandru.madalin.vasilescu/.vscode/extensions/amiq.dvt-26.1.19-linux-x64/dvt_home/common/predefined_projects/libs/uvm-1.1b/src/deprecated/uvm_resource_converter.svh ...
Done /home/alexandru.madalin.vasilescu/.vscode/extensions/amiq.dvt-26.1.19-linux-x64/dvt_home/common/predefined_projects/libs/uvm-1.1b/src/deprecated/uvm_resource_converter.svh [5 ms, 200 lines, SystemVerilog_2012] ...
Loading (31) /home/alexandru.madalin.vasilescu/.vscode/extensions/amiq.dvt-26.1.19-linux-x64/dvt_home/common/predefined_projects/libs/uvm-1.1b/src/base/uvm_resource_specializations.svh ...
Done /home/alexandru.madalin.vasilescu/.vscode/extensions/amiq.dvt-26.1.19-linux-x64/dvt_home/common/predefined_projects/libs/uvm-1.1b/src/base/uvm_resource_specializations.svh [14 ms, 171 lines, SystemVerilog_2012] ...
Loading (32) /home/alexandru.madalin.vasilescu/.vscode/extensions/amiq.dvt-26.1.19-linux-x64/dvt_home/common/predefined_projects/libs/uvm-1.1b/src/base/uvm_resource_db.svh ...
Done /home/alexandru.madalin.vasilescu/.vscode/extensions/amiq.dvt-26.1.19-linux-x64/dvt_home/common/predefined_projects/libs/uvm-1.1b/src/base/uvm_resource_db.svh [11 ms, 409 lines, SystemVerilog_2012] ...
Loading (33) /home/alexandru.madalin.vasilescu/.vscode/extensions/amiq.dvt-26.1.19-linux-x64/dvt_home/common/predefined_projects/libs/uvm-1.1b/src/base/uvm_config_db.svh ...
Done /home/alexandru.madalin.vasilescu/.vscode/extensions/amiq.dvt-26.1.19-linux-x64/dvt_home/common/predefined_projects/libs/uvm-1.1b/src/base/uvm_config_db.svh [11 ms, 373 lines, SystemVerilog_2012] ...
Loading (34) /home/alexandru.madalin.vasilescu/.vscode/extensions/amiq.dvt-26.1.19-linux-x64/dvt_home/common/predefined_projects/libs/uvm-1.1b/src/base/uvm_printer.svh ...
Done /home/alexandru.madalin.vasilescu/.vscode/extensions/amiq.dvt-26.1.19-linux-x64/dvt_home/common/predefined_projects/libs/uvm-1.1b/src/base/uvm_printer.svh [62 ms, 1156 lines, SystemVerilog_2012] ...
Loading (35) /home/alexandru.madalin.vasilescu/.vscode/extensions/amiq.dvt-26.1.19-linux-x64/dvt_home/common/predefined_projects/libs/uvm-1.1b/src/base/uvm_comparer.svh ...
Done /home/alexandru.madalin.vasilescu/.vscode/extensions/amiq.dvt-26.1.19-linux-x64/dvt_home/common/predefined_projects/libs/uvm-1.1b/src/base/uvm_comparer.svh [22 ms, 419 lines, SystemVerilog_2012] ...
Loading (36) /home/alexandru.madalin.vasilescu/.vscode/extensions/amiq.dvt-26.1.19-linux-x64/dvt_home/common/predefined_projects/libs/uvm-1.1b/src/base/uvm_packer.svh ...
Done /home/alexandru.madalin.vasilescu/.vscode/extensions/amiq.dvt-26.1.19-linux-x64/dvt_home/common/predefined_projects/libs/uvm-1.1b/src/base/uvm_packer.svh [42 ms, 783 lines, SystemVerilog_2012] ...
Loading (37) /home/alexandru.madalin.vasilescu/.vscode/extensions/amiq.dvt-26.1.19-linux-x64/dvt_home/common/predefined_projects/libs/uvm-1.1b/src/base/uvm_recorder.svh ...
Done /home/alexandru.madalin.vasilescu/.vscode/extensions/amiq.dvt-26.1.19-linux-x64/dvt_home/common/predefined_projects/libs/uvm-1.1b/src/base/uvm_recorder.svh [20 ms, 360 lines, SystemVerilog_2012] ...
Loading (38) /home/alexandru.madalin.vasilescu/.vscode/extensions/amiq.dvt-26.1.19-linux-x64/dvt_home/common/predefined_projects/libs/uvm-1.1b/src/base/uvm_event_callback.svh ...
Done /home/alexandru.madalin.vasilescu/.vscode/extensions/amiq.dvt-26.1.19-linux-x64/dvt_home/common/predefined_projects/libs/uvm-1.1b/src/base/uvm_event_callback.svh [2 ms, 91 lines, SystemVerilog_2012] ...
Loading (39) /home/alexandru.madalin.vasilescu/.vscode/extensions/amiq.dvt-26.1.19-linux-x64/dvt_home/common/predefined_projects/libs/uvm-1.1b/src/base/uvm_event.svh ...
Done /home/alexandru.madalin.vasilescu/.vscode/extensions/amiq.dvt-26.1.19-linux-x64/dvt_home/common/predefined_projects/libs/uvm-1.1b/src/base/uvm_event.svh [13 ms, 362 lines, SystemVerilog_2012] ...
Loading (40) /home/alexandru.madalin.vasilescu/.vscode/extensions/amiq.dvt-26.1.19-linux-x64/dvt_home/common/predefined_projects/libs/uvm-1.1b/src/base/uvm_barrier.svh ...
Done /home/alexandru.madalin.vasilescu/.vscode/extensions/amiq.dvt-26.1.19-linux-x64/dvt_home/common/predefined_projects/libs/uvm-1.1b/src/base/uvm_barrier.svh [7 ms, 212 lines, SystemVerilog_2012] ...
Loading (41) /home/alexandru.madalin.vasilescu/.vscode/extensions/amiq.dvt-26.1.19-linux-x64/dvt_home/common/predefined_projects/libs/uvm-1.1b/src/base/uvm_callback.svh ...
Loading (42) /home/alexandru.madalin.vasilescu/.vscode/extensions/amiq.dvt-26.1.19-linux-x64/dvt_home/common/predefined_projects/libs/uvm-1.1b/src/uvm_macros.svh ...
Done /home/alexandru.madalin.vasilescu/.vscode/extensions/amiq.dvt-26.1.19-linux-x64/dvt_home/common/predefined_projects/libs/uvm-1.1b/src/uvm_macros.svh [1 ms, 99 lines, SystemVerilog_2012] ...
Done /home/alexandru.madalin.vasilescu/.vscode/extensions/amiq.dvt-26.1.19-linux-x64/dvt_home/common/predefined_projects/libs/uvm-1.1b/src/base/uvm_callback.svh [58 ms, 1192 lines, SystemVerilog_2012] ...
Loading (43) /home/alexandru.madalin.vasilescu/.vscode/extensions/amiq.dvt-26.1.19-linux-x64/dvt_home/common/predefined_projects/libs/uvm-1.1b/src/base/uvm_report_catcher.svh ...
Done /home/alexandru.madalin.vasilescu/.vscode/extensions/amiq.dvt-26.1.19-linux-x64/dvt_home/common/predefined_projects/libs/uvm-1.1b/src/base/uvm_report_catcher.svh [24 ms, 659 lines, SystemVerilog_2012] ...
Loading (44) /home/alexandru.madalin.vasilescu/.vscode/extensions/amiq.dvt-26.1.19-linux-x64/dvt_home/common/predefined_projects/libs/uvm-1.1b/src/base/uvm_report_server.svh ...
Done /home/alexandru.madalin.vasilescu/.vscode/extensions/amiq.dvt-26.1.19-linux-x64/dvt_home/common/predefined_projects/libs/uvm-1.1b/src/base/uvm_report_server.svh [25 ms, 558 lines, SystemVerilog_2012] ...
Loading (45) /home/alexandru.madalin.vasilescu/.vscode/extensions/amiq.dvt-26.1.19-linux-x64/dvt_home/common/predefined_projects/libs/uvm-1.1b/src/base/uvm_report_handler.svh ...
Done /home/alexandru.madalin.vasilescu/.vscode/extensions/amiq.dvt-26.1.19-linux-x64/dvt_home/common/predefined_projects/libs/uvm-1.1b/src/base/uvm_report_handler.svh [31 ms, 675 lines, SystemVerilog_2012] ...
Loading (46) /home/alexandru.madalin.vasilescu/.vscode/extensions/amiq.dvt-26.1.19-linux-x64/dvt_home/common/predefined_projects/libs/uvm-1.1b/src/base/uvm_report_object.svh ...
Done /home/alexandru.madalin.vasilescu/.vscode/extensions/amiq.dvt-26.1.19-linux-x64/dvt_home/common/predefined_projects/libs/uvm-1.1b/src/base/uvm_report_object.svh [13 ms, 543 lines, SystemVerilog_2012] ...
Loading (47) /home/alexandru.madalin.vasilescu/.vscode/extensions/amiq.dvt-26.1.19-linux-x64/dvt_home/common/predefined_projects/libs/uvm-1.1b/src/base/uvm_transaction.svh ...
Done /home/alexandru.madalin.vasilescu/.vscode/extensions/amiq.dvt-26.1.19-linux-x64/dvt_home/common/predefined_projects/libs/uvm-1.1b/src/base/uvm_transaction.svh [15 ms, 793 lines, SystemVerilog_2012] ...
Loading (48) /home/alexandru.madalin.vasilescu/.vscode/extensions/amiq.dvt-26.1.19-linux-x64/dvt_home/common/predefined_projects/libs/uvm-1.1b/src/base/uvm_phase.svh ...
Done /home/alexandru.madalin.vasilescu/.vscode/extensions/amiq.dvt-26.1.19-linux-x64/dvt_home/common/predefined_projects/libs/uvm-1.1b/src/base/uvm_phase.svh [75 ms, 1800 lines, SystemVerilog_2012] ...
Loading (49) /home/alexandru.madalin.vasilescu/.vscode/extensions/amiq.dvt-26.1.19-linux-x64/dvt_home/common/predefined_projects/libs/uvm-1.1b/src/base/uvm_domain.svh ...
Done /home/alexandru.madalin.vasilescu/.vscode/extensions/amiq.dvt-26.1.19-linux-x64/dvt_home/common/predefined_projects/libs/uvm-1.1b/src/base/uvm_domain.svh [12 ms, 219 lines, SystemVerilog_2012] ...
Loading (50) /home/alexandru.madalin.vasilescu/.vscode/extensions/amiq.dvt-26.1.19-linux-x64/dvt_home/common/predefined_projects/libs/uvm-1.1b/src/base/uvm_bottomup_phase.svh ...
Done /home/alexandru.madalin.vasilescu/.vscode/extensions/amiq.dvt-26.1.19-linux-x64/dvt_home/common/predefined_projects/libs/uvm-1.1b/src/base/uvm_bottomup_phase.svh [5 ms, 113 lines, SystemVerilog_2012] ...
Loading (51) /home/alexandru.madalin.vasilescu/.vscode/extensions/amiq.dvt-26.1.19-linux-x64/dvt_home/common/predefined_projects/libs/uvm-1.1b/src/base/uvm_topdown_phase.svh ...
Done /home/alexandru.madalin.vasilescu/.vscode/extensions/amiq.dvt-26.1.19-linux-x64/dvt_home/common/predefined_projects/libs/uvm-1.1b/src/base/uvm_topdown_phase.svh [5 ms, 115 lines, SystemVerilog_2012] ...
Loading (52) /home/alexandru.madalin.vasilescu/.vscode/extensions/amiq.dvt-26.1.19-linux-x64/dvt_home/common/predefined_projects/libs/uvm-1.1b/src/base/uvm_task_phase.svh ...
Done /home/alexandru.madalin.vasilescu/.vscode/extensions/amiq.dvt-26.1.19-linux-x64/dvt_home/common/predefined_projects/libs/uvm-1.1b/src/base/uvm_task_phase.svh [6 ms, 160 lines, SystemVerilog_2012] ...
Loading (53) /home/alexandru.madalin.vasilescu/.vscode/extensions/amiq.dvt-26.1.19-linux-x64/dvt_home/common/predefined_projects/libs/uvm-1.1b/src/base/uvm_common_phases.svh ...
Done /home/alexandru.madalin.vasilescu/.vscode/extensions/amiq.dvt-26.1.19-linux-x64/dvt_home/common/predefined_projects/libs/uvm-1.1b/src/base/uvm_common_phases.svh [11 ms, 413 lines, SystemVerilog_2012] ...
Loading (54) /home/alexandru.madalin.vasilescu/.vscode/extensions/amiq.dvt-26.1.19-linux-x64/dvt_home/common/predefined_projects/libs/uvm-1.1b/src/base/uvm_runtime_phases.svh ...
Done /home/alexandru.madalin.vasilescu/.vscode/extensions/amiq.dvt-26.1.19-linux-x64/dvt_home/common/predefined_projects/libs/uvm-1.1b/src/base/uvm_runtime_phases.svh [13 ms, 510 lines, SystemVerilog_2012] ...
Loading (55) /home/alexandru.madalin.vasilescu/.vscode/extensions/amiq.dvt-26.1.19-linux-x64/dvt_home/common/predefined_projects/libs/uvm-1.1b/src/base/uvm_component.svh ...
Loading (56) /home/alexandru.madalin.vasilescu/.vscode/extensions/amiq.dvt-26.1.19-linux-x64/dvt_home/common/predefined_projects/libs/uvm-1.1b/src/base/uvm_root.svh ...
Done /home/alexandru.madalin.vasilescu/.vscode/extensions/amiq.dvt-26.1.19-linux-x64/dvt_home/common/predefined_projects/libs/uvm-1.1b/src/base/uvm_root.svh [41 ms, 903 lines, SystemVerilog_2012] ...
Done /home/alexandru.madalin.vasilescu/.vscode/extensions/amiq.dvt-26.1.19-linux-x64/dvt_home/common/predefined_projects/libs/uvm-1.1b/src/base/uvm_component.svh [96 ms, 3414 lines, SystemVerilog_2012] ...
Loading (57) /home/alexandru.madalin.vasilescu/.vscode/extensions/amiq.dvt-26.1.19-linux-x64/dvt_home/common/predefined_projects/libs/uvm-1.1b/src/base/uvm_objection.svh ...
Done /home/alexandru.madalin.vasilescu/.vscode/extensions/amiq.dvt-26.1.19-linux-x64/dvt_home/common/predefined_projects/libs/uvm-1.1b/src/base/uvm_objection.svh [40 ms, 1344 lines, SystemVerilog_2012] ...
Loading (58) /home/alexandru.madalin.vasilescu/.vscode/extensions/amiq.dvt-26.1.19-linux-x64/dvt_home/common/predefined_projects/libs/uvm-1.1b/src/base/uvm_heartbeat.svh ...
Done /home/alexandru.madalin.vasilescu/.vscode/extensions/amiq.dvt-26.1.19-linux-x64/dvt_home/common/predefined_projects/libs/uvm-1.1b/src/base/uvm_heartbeat.svh [12 ms, 339 lines, SystemVerilog_2012] ...
Loading (59) /home/alexandru.madalin.vasilescu/.vscode/extensions/amiq.dvt-26.1.19-linux-x64/dvt_home/common/predefined_projects/libs/uvm-1.1b/src/base/uvm_globals.svh ...
Done /home/alexandru.madalin.vasilescu/.vscode/extensions/amiq.dvt-26.1.19-linux-x64/dvt_home/common/predefined_projects/libs/uvm-1.1b/src/base/uvm_globals.svh [8 ms, 394 lines, SystemVerilog_2012] ...
Loading (60) /home/alexandru.madalin.vasilescu/.vscode/extensions/amiq.dvt-26.1.19-linux-x64/dvt_home/common/predefined_projects/libs/uvm-1.1b/src/base/uvm_cmdline_processor.svh ...
Done /home/alexandru.madalin.vasilescu/.vscode/extensions/amiq.dvt-26.1.19-linux-x64/dvt_home/common/predefined_projects/libs/uvm-1.1b/src/base/uvm_cmdline_processor.svh [7 ms, 434 lines, SystemVerilog_2012] ...
Done /home/alexandru.madalin.vasilescu/.vscode/extensions/amiq.dvt-26.1.19-linux-x64/dvt_home/common/predefined_projects/libs/uvm-1.1b/src/base/uvm_base.svh [13 ms, 101 lines, SystemVerilog_2012] ...
Loading (61) /home/alexandru.madalin.vasilescu/.vscode/extensions/amiq.dvt-26.1.19-linux-x64/dvt_home/common/predefined_projects/libs/uvm-1.1b/src/tlm1/uvm_tlm.svh ...
Loading (62) /home/alexandru.madalin.vasilescu/.vscode/extensions/amiq.dvt-26.1.19-linux-x64/dvt_home/common/predefined_projects/libs/uvm-1.1b/src/tlm1/uvm_tlm_ifs.svh ...
Done /home/alexandru.madalin.vasilescu/.vscode/extensions/amiq.dvt-26.1.19-linux-x64/dvt_home/common/predefined_projects/libs/uvm-1.1b/src/tlm1/uvm_tlm_ifs.svh [3 ms, 219 lines, SystemVerilog_2012] ...
Loading (63) /home/alexandru.madalin.vasilescu/.vscode/extensions/amiq.dvt-26.1.19-linux-x64/dvt_home/common/predefined_projects/libs/uvm-1.1b/src/tlm1/uvm_sqr_ifs.svh ...
Done /home/alexandru.madalin.vasilescu/.vscode/extensions/amiq.dvt-26.1.19-linux-x64/dvt_home/common/predefined_projects/libs/uvm-1.1b/src/tlm1/uvm_sqr_ifs.svh [3 ms, 215 lines, SystemVerilog_2012] ...
Loading (64) /home/alexandru.madalin.vasilescu/.vscode/extensions/amiq.dvt-26.1.19-linux-x64/dvt_home/common/predefined_projects/libs/uvm-1.1b/src/base/uvm_port_base.svh ...
Done /home/alexandru.madalin.vasilescu/.vscode/extensions/amiq.dvt-26.1.19-linux-x64/dvt_home/common/predefined_projects/libs/uvm-1.1b/src/base/uvm_port_base.svh [11 ms, 792 lines, SystemVerilog_2012] ...
Loading (65) /home/alexandru.madalin.vasilescu/.vscode/extensions/amiq.dvt-26.1.19-linux-x64/dvt_home/common/predefined_projects/libs/uvm-1.1b/src/tlm1/uvm_tlm_imps.svh ...
Done /home/alexandru.madalin.vasilescu/.vscode/extensions/amiq.dvt-26.1.19-linux-x64/dvt_home/common/predefined_projects/libs/uvm-1.1b/src/tlm1/uvm_tlm_imps.svh [0 ms, 229 lines, SystemVerilog_2012] ...
Loading (66) /home/alexandru.madalin.vasilescu/.vscode/extensions/amiq.dvt-26.1.19-linux-x64/dvt_home/common/predefined_projects/libs/uvm-1.1b/src/tlm1/uvm_imps.svh ...
Done /home/alexandru.madalin.vasilescu/.vscode/extensions/amiq.dvt-26.1.19-linux-x64/dvt_home/common/predefined_projects/libs/uvm-1.1b/src/tlm1/uvm_imps.svh [9 ms, 317 lines, SystemVerilog_2012] ...
Loading (67) /home/alexandru.madalin.vasilescu/.vscode/extensions/amiq.dvt-26.1.19-linux-x64/dvt_home/common/predefined_projects/libs/uvm-1.1b/src/tlm1/uvm_ports.svh ...
Done /home/alexandru.madalin.vasilescu/.vscode/extensions/amiq.dvt-26.1.19-linux-x64/dvt_home/common/predefined_projects/libs/uvm-1.1b/src/tlm1/uvm_ports.svh [15 ms, 262 lines, SystemVerilog_2012] ...
Loading (68) /home/alexandru.madalin.vasilescu/.vscode/extensions/amiq.dvt-26.1.19-linux-x64/dvt_home/common/predefined_projects/libs/uvm-1.1b/src/tlm1/uvm_exports.svh ...
Done /home/alexandru.madalin.vasilescu/.vscode/extensions/amiq.dvt-26.1.19-linux-x64/dvt_home/common/predefined_projects/libs/uvm-1.1b/src/tlm1/uvm_exports.svh [22 ms, 260 lines, SystemVerilog_2012] ...
Loading (69) /home/alexandru.madalin.vasilescu/.vscode/extensions/amiq.dvt-26.1.19-linux-x64/dvt_home/common/predefined_projects/libs/uvm-1.1b/src/tlm1/uvm_analysis_port.svh ...
Done /home/alexandru.madalin.vasilescu/.vscode/extensions/amiq.dvt-26.1.19-linux-x64/dvt_home/common/predefined_projects/libs/uvm-1.1b/src/tlm1/uvm_analysis_port.svh [4 ms, 156 lines, SystemVerilog_2012] ...
Loading (70) /home/alexandru.madalin.vasilescu/.vscode/extensions/amiq.dvt-26.1.19-linux-x64/dvt_home/common/predefined_projects/libs/uvm-1.1b/src/tlm1/uvm_tlm_fifo_base.svh ...
Done /home/alexandru.madalin.vasilescu/.vscode/extensions/amiq.dvt-26.1.19-linux-x64/dvt_home/common/predefined_projects/libs/uvm-1.1b/src/tlm1/uvm_tlm_fifo_base.svh [5 ms, 253 lines, SystemVerilog_2012] ...
Loading (71) /home/alexandru.madalin.vasilescu/.vscode/extensions/amiq.dvt-26.1.19-linux-x64/dvt_home/common/predefined_projects/libs/uvm-1.1b/src/tlm1/uvm_tlm_fifos.svh ...
Done /home/alexandru.madalin.vasilescu/.vscode/extensions/amiq.dvt-26.1.19-linux-x64/dvt_home/common/predefined_projects/libs/uvm-1.1b/src/tlm1/uvm_tlm_fifos.svh [5 ms, 239 lines, SystemVerilog_2012] ...
Loading (72) /home/alexandru.madalin.vasilescu/.vscode/extensions/amiq.dvt-26.1.19-linux-x64/dvt_home/common/predefined_projects/libs/uvm-1.1b/src/tlm1/uvm_tlm_req_rsp.svh ...
Done /home/alexandru.madalin.vasilescu/.vscode/extensions/amiq.dvt-26.1.19-linux-x64/dvt_home/common/predefined_projects/libs/uvm-1.1b/src/tlm1/uvm_tlm_req_rsp.svh [5 ms, 349 lines, SystemVerilog_2012] ...
Loading (73) /home/alexandru.madalin.vasilescu/.vscode/extensions/amiq.dvt-26.1.19-linux-x64/dvt_home/common/predefined_projects/libs/uvm-1.1b/src/tlm1/uvm_sqr_connections.svh ...
Done /home/alexandru.madalin.vasilescu/.vscode/extensions/amiq.dvt-26.1.19-linux-x64/dvt_home/common/predefined_projects/libs/uvm-1.1b/src/tlm1/uvm_sqr_connections.svh [6 ms, 96 lines, SystemVerilog_2012] ...
Done /home/alexandru.madalin.vasilescu/.vscode/extensions/amiq.dvt-26.1.19-linux-x64/dvt_home/common/predefined_projects/libs/uvm-1.1b/src/tlm1/uvm_tlm.svh [3 ms, 40 lines, SystemVerilog_2012] ...
Loading (74) /home/alexandru.madalin.vasilescu/.vscode/extensions/amiq.dvt-26.1.19-linux-x64/dvt_home/common/predefined_projects/libs/uvm-1.1b/src/comps/uvm_comps.svh ...
Loading (75) /home/alexandru.madalin.vasilescu/.vscode/extensions/amiq.dvt-26.1.19-linux-x64/dvt_home/common/predefined_projects/libs/uvm-1.1b/src/comps/uvm_pair.svh ...
Done /home/alexandru.madalin.vasilescu/.vscode/extensions/amiq.dvt-26.1.19-linux-x64/dvt_home/common/predefined_projects/libs/uvm-1.1b/src/comps/uvm_pair.svh [8 ms, 177 lines, SystemVerilog_2012] ...
Loading (76) /home/alexandru.madalin.vasilescu/.vscode/extensions/amiq.dvt-26.1.19-linux-x64/dvt_home/common/predefined_projects/libs/uvm-1.1b/src/comps/uvm_policies.svh ...
Done /home/alexandru.madalin.vasilescu/.vscode/extensions/amiq.dvt-26.1.19-linux-x64/dvt_home/common/predefined_projects/libs/uvm-1.1b/src/comps/uvm_policies.svh [2 ms, 150 lines, SystemVerilog_2012] ...
Loading (77) /home/alexandru.madalin.vasilescu/.vscode/extensions/amiq.dvt-26.1.19-linux-x64/dvt_home/common/predefined_projects/libs/uvm-1.1b/src/comps/uvm_in_order_comparator.svh ...
Done /home/alexandru.madalin.vasilescu/.vscode/extensions/amiq.dvt-26.1.19-linux-x64/dvt_home/common/predefined_projects/libs/uvm-1.1b/src/comps/uvm_in_order_comparator.svh [7 ms, 260 lines, SystemVerilog_2012] ...
Loading (78) /home/alexandru.madalin.vasilescu/.vscode/extensions/amiq.dvt-26.1.19-linux-x64/dvt_home/common/predefined_projects/libs/uvm-1.1b/src/comps/uvm_algorithmic_comparator.svh ...
Done /home/alexandru.madalin.vasilescu/.vscode/extensions/amiq.dvt-26.1.19-linux-x64/dvt_home/common/predefined_projects/libs/uvm-1.1b/src/comps/uvm_algorithmic_comparator.svh [2 ms, 135 lines, SystemVerilog_2012] ...
Loading (79) /home/alexandru.madalin.vasilescu/.vscode/extensions/amiq.dvt-26.1.19-linux-x64/dvt_home/common/predefined_projects/libs/uvm-1.1b/src/comps/uvm_random_stimulus.svh ...
Done /home/alexandru.madalin.vasilescu/.vscode/extensions/amiq.dvt-26.1.19-linux-x64/dvt_home/common/predefined_projects/libs/uvm-1.1b/src/comps/uvm_random_stimulus.svh [5 ms, 132 lines, SystemVerilog_2012] ...
Loading (80) /home/alexandru.madalin.vasilescu/.vscode/extensions/amiq.dvt-26.1.19-linux-x64/dvt_home/common/predefined_projects/libs/uvm-1.1b/src/comps/uvm_subscriber.svh ...
Done /home/alexandru.madalin.vasilescu/.vscode/extensions/amiq.dvt-26.1.19-linux-x64/dvt_home/common/predefined_projects/libs/uvm-1.1b/src/comps/uvm_subscriber.svh [1 ms, 68 lines, SystemVerilog_2012] ...
Loading (81) /home/alexandru.madalin.vasilescu/.vscode/extensions/amiq.dvt-26.1.19-linux-x64/dvt_home/common/predefined_projects/libs/uvm-1.1b/src/comps/uvm_monitor.svh ...
Done /home/alexandru.madalin.vasilescu/.vscode/extensions/amiq.dvt-26.1.19-linux-x64/dvt_home/common/predefined_projects/libs/uvm-1.1b/src/comps/uvm_monitor.svh [0 ms, 54 lines, SystemVerilog_2012] ...
Loading (82) /home/alexandru.madalin.vasilescu/.vscode/extensions/amiq.dvt-26.1.19-linux-x64/dvt_home/common/predefined_projects/libs/uvm-1.1b/src/comps/uvm_driver.svh ...
Done /home/alexandru.madalin.vasilescu/.vscode/extensions/amiq.dvt-26.1.19-linux-x64/dvt_home/common/predefined_projects/libs/uvm-1.1b/src/comps/uvm_driver.svh [1 ms, 89 lines, SystemVerilog_2012] ...
Loading (83) /home/alexandru.madalin.vasilescu/.vscode/extensions/amiq.dvt-26.1.19-linux-x64/dvt_home/common/predefined_projects/libs/uvm-1.1b/src/comps/uvm_push_driver.svh ...
Done /home/alexandru.madalin.vasilescu/.vscode/extensions/amiq.dvt-26.1.19-linux-x64/dvt_home/common/predefined_projects/libs/uvm-1.1b/src/comps/uvm_push_driver.svh [2 ms, 97 lines, SystemVerilog_2012] ...
Loading (84) /home/alexandru.madalin.vasilescu/.vscode/extensions/amiq.dvt-26.1.19-linux-x64/dvt_home/common/predefined_projects/libs/uvm-1.1b/src/comps/uvm_scoreboard.svh ...
Done /home/alexandru.madalin.vasilescu/.vscode/extensions/amiq.dvt-26.1.19-linux-x64/dvt_home/common/predefined_projects/libs/uvm-1.1b/src/comps/uvm_scoreboard.svh [0 ms, 56 lines, SystemVerilog_2012] ...
Loading (85) /home/alexandru.madalin.vasilescu/.vscode/extensions/amiq.dvt-26.1.19-linux-x64/dvt_home/common/predefined_projects/libs/uvm-1.1b/src/comps/uvm_agent.svh ...
Done /home/alexandru.madalin.vasilescu/.vscode/extensions/amiq.dvt-26.1.19-linux-x64/dvt_home/common/predefined_projects/libs/uvm-1.1b/src/comps/uvm_agent.svh [1 ms, 83 lines, SystemVerilog_2012] ...
Loading (86) /home/alexandru.madalin.vasilescu/.vscode/extensions/amiq.dvt-26.1.19-linux-x64/dvt_home/common/predefined_projects/libs/uvm-1.1b/src/comps/uvm_env.svh ...
Done /home/alexandru.madalin.vasilescu/.vscode/extensions/amiq.dvt-26.1.19-linux-x64/dvt_home/common/predefined_projects/libs/uvm-1.1b/src/comps/uvm_env.svh [0 ms, 54 lines, SystemVerilog_2012] ...
Loading (87) /home/alexandru.madalin.vasilescu/.vscode/extensions/amiq.dvt-26.1.19-linux-x64/dvt_home/common/predefined_projects/libs/uvm-1.1b/src/comps/uvm_test.svh ...
Done /home/alexandru.madalin.vasilescu/.vscode/extensions/amiq.dvt-26.1.19-linux-x64/dvt_home/common/predefined_projects/libs/uvm-1.1b/src/comps/uvm_test.svh [1 ms, 82 lines, SystemVerilog_2012] ...
Done /home/alexandru.madalin.vasilescu/.vscode/extensions/amiq.dvt-26.1.19-linux-x64/dvt_home/common/predefined_projects/libs/uvm-1.1b/src/comps/uvm_comps.svh [9 ms, 37 lines, SystemVerilog_2012] ...
Loading (88) /home/alexandru.madalin.vasilescu/.vscode/extensions/amiq.dvt-26.1.19-linux-x64/dvt_home/common/predefined_projects/libs/uvm-1.1b/src/seq/uvm_seq.svh ...
Loading (89) /home/alexandru.madalin.vasilescu/.vscode/extensions/amiq.dvt-26.1.19-linux-x64/dvt_home/common/predefined_projects/libs/uvm-1.1b/src/seq/uvm_sequence_item.svh ...
Done /home/alexandru.madalin.vasilescu/.vscode/extensions/amiq.dvt-26.1.19-linux-x64/dvt_home/common/predefined_projects/libs/uvm-1.1b/src/seq/uvm_sequence_item.svh [11 ms, 494 lines, SystemVerilog_2012] ...
Loading (90) /home/alexandru.madalin.vasilescu/.vscode/extensions/amiq.dvt-26.1.19-linux-x64/dvt_home/common/predefined_projects/libs/uvm-1.1b/src/seq/uvm_sequencer_base.svh ...
Done /home/alexandru.madalin.vasilescu/.vscode/extensions/amiq.dvt-26.1.19-linux-x64/dvt_home/common/predefined_projects/libs/uvm-1.1b/src/seq/uvm_sequencer_base.svh [41 ms, 1653 lines, SystemVerilog_2012] ...
Loading (91) /home/alexandru.madalin.vasilescu/.vscode/extensions/amiq.dvt-26.1.19-linux-x64/dvt_home/common/predefined_projects/libs/uvm-1.1b/src/seq/uvm_sequencer_analysis_fifo.svh ...
Done /home/alexandru.madalin.vasilescu/.vscode/extensions/amiq.dvt-26.1.19-linux-x64/dvt_home/common/predefined_projects/libs/uvm-1.1b/src/seq/uvm_sequencer_analysis_fifo.svh [2 ms, 39 lines, SystemVerilog_2012] ...
Loading (92) /home/alexandru.madalin.vasilescu/.vscode/extensions/amiq.dvt-26.1.19-linux-x64/dvt_home/common/predefined_projects/libs/uvm-1.1b/src/seq/uvm_sequencer_param_base.svh ...
Done /home/alexandru.madalin.vasilescu/.vscode/extensions/amiq.dvt-26.1.19-linux-x64/dvt_home/common/predefined_projects/libs/uvm-1.1b/src/seq/uvm_sequencer_param_base.svh [9 ms, 461 lines, SystemVerilog_2012] ...
Loading (93) /home/alexandru.madalin.vasilescu/.vscode/extensions/amiq.dvt-26.1.19-linux-x64/dvt_home/common/predefined_projects/libs/uvm-1.1b/src/seq/uvm_sequencer.svh ...
Done /home/alexandru.madalin.vasilescu/.vscode/extensions/amiq.dvt-26.1.19-linux-x64/dvt_home/common/predefined_projects/libs/uvm-1.1b/src/seq/uvm_sequencer.svh [6 ms, 311 lines, SystemVerilog_2012] ...
Loading (94) /home/alexandru.madalin.vasilescu/.vscode/extensions/amiq.dvt-26.1.19-linux-x64/dvt_home/common/predefined_projects/libs/uvm-1.1b/src/seq/uvm_push_sequencer.svh ...
Done /home/alexandru.madalin.vasilescu/.vscode/extensions/amiq.dvt-26.1.19-linux-x64/dvt_home/common/predefined_projects/libs/uvm-1.1b/src/seq/uvm_push_sequencer.svh [1 ms, 85 lines, SystemVerilog_2012] ...
Loading (95) /home/alexandru.madalin.vasilescu/.vscode/extensions/amiq.dvt-26.1.19-linux-x64/dvt_home/common/predefined_projects/libs/uvm-1.1b/src/seq/uvm_sequence_base.svh ...
Done /home/alexandru.madalin.vasilescu/.vscode/extensions/amiq.dvt-26.1.19-linux-x64/dvt_home/common/predefined_projects/libs/uvm-1.1b/src/seq/uvm_sequence_base.svh [21 ms, 1175 lines, SystemVerilog_2012] ...
Loading (96) /home/alexandru.madalin.vasilescu/.vscode/extensions/amiq.dvt-26.1.19-linux-x64/dvt_home/common/predefined_projects/libs/uvm-1.1b/src/seq/uvm_sequence.svh ...
Done /home/alexandru.madalin.vasilescu/.vscode/extensions/amiq.dvt-26.1.19-linux-x64/dvt_home/common/predefined_projects/libs/uvm-1.1b/src/seq/uvm_sequence.svh [3 ms, 165 lines, SystemVerilog_2012] ...
Loading (97) /home/alexandru.madalin.vasilescu/.vscode/extensions/amiq.dvt-26.1.19-linux-x64/dvt_home/common/predefined_projects/libs/uvm-1.1b/src/seq/uvm_sequence_library.svh ...
Done /home/alexandru.madalin.vasilescu/.vscode/extensions/amiq.dvt-26.1.19-linux-x64/dvt_home/common/predefined_projects/libs/uvm-1.1b/src/seq/uvm_sequence_library.svh [28 ms, 839 lines, SystemVerilog_2012] ...
Loading (98) /home/alexandru.madalin.vasilescu/.vscode/extensions/amiq.dvt-26.1.19-linux-x64/dvt_home/common/predefined_projects/libs/uvm-1.1b/src/seq/uvm_sequence_builtin.svh ...
Done /home/alexandru.madalin.vasilescu/.vscode/extensions/amiq.dvt-26.1.19-linux-x64/dvt_home/common/predefined_projects/libs/uvm-1.1b/src/seq/uvm_sequence_builtin.svh [11 ms, 301 lines, SystemVerilog_2012] ...
Done /home/alexandru.madalin.vasilescu/.vscode/extensions/amiq.dvt-26.1.19-linux-x64/dvt_home/common/predefined_projects/libs/uvm-1.1b/src/seq/uvm_seq.svh [6 ms, 40 lines, SystemVerilog_2012] ...
Loading (99) /home/alexandru.madalin.vasilescu/.vscode/extensions/amiq.dvt-26.1.19-linux-x64/dvt_home/common/predefined_projects/libs/uvm-1.1b/src/tlm2/uvm_tlm2.svh ...
Loading (100) /home/alexandru.madalin.vasilescu/.vscode/extensions/amiq.dvt-26.1.19-linux-x64/dvt_home/common/predefined_projects/libs/uvm-1.1b/src/tlm2/uvm_tlm2_defines.svh ...
Done /home/alexandru.madalin.vasilescu/.vscode/extensions/amiq.dvt-26.1.19-linux-x64/dvt_home/common/predefined_projects/libs/uvm-1.1b/src/tlm2/uvm_tlm2_defines.svh [0 ms, 45 lines, SystemVerilog_2012] ...
Loading (101) /home/alexandru.madalin.vasilescu/.vscode/extensions/amiq.dvt-26.1.19-linux-x64/dvt_home/common/predefined_projects/libs/uvm-1.1b/src/tlm2/uvm_tlm2_time.svh ...
Done /home/alexandru.madalin.vasilescu/.vscode/extensions/amiq.dvt-26.1.19-linux-x64/dvt_home/common/predefined_projects/libs/uvm-1.1b/src/tlm2/uvm_tlm2_time.svh [4 ms, 333 lines, SystemVerilog_2012] ...
Loading (102) /home/alexandru.madalin.vasilescu/.vscode/extensions/amiq.dvt-26.1.19-linux-x64/dvt_home/common/predefined_projects/libs/uvm-1.1b/src/tlm2/uvm_tlm2_generic_payload.svh ...
Done /home/alexandru.madalin.vasilescu/.vscode/extensions/amiq.dvt-26.1.19-linux-x64/dvt_home/common/predefined_projects/libs/uvm-1.1b/src/tlm2/uvm_tlm2_generic_payload.svh [27 ms, 1053 lines, SystemVerilog_2012] ...
Loading (103) /home/alexandru.madalin.vasilescu/.vscode/extensions/amiq.dvt-26.1.19-linux-x64/dvt_home/common/predefined_projects/libs/uvm-1.1b/src/tlm2/uvm_tlm2_ifs.svh ...
Done /home/alexandru.madalin.vasilescu/.vscode/extensions/amiq.dvt-26.1.19-linux-x64/dvt_home/common/predefined_projects/libs/uvm-1.1b/src/tlm2/uvm_tlm2_ifs.svh [1 ms, 186 lines, SystemVerilog_2012] ...
Loading (104) /home/alexandru.madalin.vasilescu/.vscode/extensions/amiq.dvt-26.1.19-linux-x64/dvt_home/common/predefined_projects/libs/uvm-1.1b/src/tlm2/uvm_tlm2_imps.svh ...
Done /home/alexandru.madalin.vasilescu/.vscode/extensions/amiq.dvt-26.1.19-linux-x64/dvt_home/common/predefined_projects/libs/uvm-1.1b/src/tlm2/uvm_tlm2_imps.svh [2 ms, 203 lines, SystemVerilog_2012] ...
Loading (105) /home/alexandru.madalin.vasilescu/.vscode/extensions/amiq.dvt-26.1.19-linux-x64/dvt_home/common/predefined_projects/libs/uvm-1.1b/src/tlm2/uvm_tlm2_ports.svh ...
Done /home/alexandru.madalin.vasilescu/.vscode/extensions/amiq.dvt-26.1.19-linux-x64/dvt_home/common/predefined_projects/libs/uvm-1.1b/src/tlm2/uvm_tlm2_ports.svh [2 ms, 75 lines, SystemVerilog_2012] ...
Loading (106) /home/alexandru.madalin.vasilescu/.vscode/extensions/amiq.dvt-26.1.19-linux-x64/dvt_home/common/predefined_projects/libs/uvm-1.1b/src/tlm2/uvm_tlm2_exports.svh ...
Done /home/alexandru.madalin.vasilescu/.vscode/extensions/amiq.dvt-26.1.19-linux-x64/dvt_home/common/predefined_projects/libs/uvm-1.1b/src/tlm2/uvm_tlm2_exports.svh [2 ms, 65 lines, SystemVerilog_2012] ...
Loading (107) /home/alexandru.madalin.vasilescu/.vscode/extensions/amiq.dvt-26.1.19-linux-x64/dvt_home/common/predefined_projects/libs/uvm-1.1b/src/tlm2/uvm_tlm2_sockets_base.svh ...
Done /home/alexandru.madalin.vasilescu/.vscode/extensions/amiq.dvt-26.1.19-linux-x64/dvt_home/common/predefined_projects/libs/uvm-1.1b/src/tlm2/uvm_tlm2_sockets_base.svh [9 ms, 195 lines, SystemVerilog_2012] ...
Loading (108) /home/alexandru.madalin.vasilescu/.vscode/extensions/amiq.dvt-26.1.19-linux-x64/dvt_home/common/predefined_projects/libs/uvm-1.1b/src/tlm2/uvm_tlm2_sockets.svh ...
Done /home/alexandru.madalin.vasilescu/.vscode/extensions/amiq.dvt-26.1.19-linux-x64/dvt_home/common/predefined_projects/libs/uvm-1.1b/src/tlm2/uvm_tlm2_sockets.svh [10 ms, 435 lines, SystemVerilog_2012] ...
Done /home/alexandru.madalin.vasilescu/.vscode/extensions/amiq.dvt-26.1.19-linux-x64/dvt_home/common/predefined_projects/libs/uvm-1.1b/src/tlm2/uvm_tlm2.svh [2 ms, 30 lines, SystemVerilog_2012] ...
Loading (109) /home/alexandru.madalin.vasilescu/.vscode/extensions/amiq.dvt-26.1.19-linux-x64/dvt_home/common/predefined_projects/libs/uvm-1.1b/src/reg/uvm_reg_model.svh ...
Loading (110) /home/alexandru.madalin.vasilescu/.vscode/extensions/amiq.dvt-26.1.19-linux-x64/dvt_home/common/predefined_projects/libs/uvm-1.1b/src/reg/uvm_reg_item.svh ...
Done /home/alexandru.madalin.vasilescu/.vscode/extensions/amiq.dvt-26.1.19-linux-x64/dvt_home/common/predefined_projects/libs/uvm-1.1b/src/reg/uvm_reg_item.svh [6 ms, 316 lines, SystemVerilog_2012] ...
Loading (111) /home/alexandru.madalin.vasilescu/.vscode/extensions/amiq.dvt-26.1.19-linux-x64/dvt_home/common/predefined_projects/libs/uvm-1.1b/src/reg/uvm_reg_adapter.svh ...
Done /home/alexandru.madalin.vasilescu/.vscode/extensions/amiq.dvt-26.1.19-linux-x64/dvt_home/common/predefined_projects/libs/uvm-1.1b/src/reg/uvm_reg_adapter.svh [5 ms, 252 lines, SystemVerilog_2012] ...
Loading (112) /home/alexandru.madalin.vasilescu/.vscode/extensions/amiq.dvt-26.1.19-linux-x64/dvt_home/common/predefined_projects/libs/uvm-1.1b/src/reg/uvm_reg_predictor.svh ...
Done /home/alexandru.madalin.vasilescu/.vscode/extensions/amiq.dvt-26.1.19-linux-x64/dvt_home/common/predefined_projects/libs/uvm-1.1b/src/reg/uvm_reg_predictor.svh [7 ms, 256 lines, SystemVerilog_2012] ...
Loading (113) /home/alexandru.madalin.vasilescu/.vscode/extensions/amiq.dvt-26.1.19-linux-x64/dvt_home/common/predefined_projects/libs/uvm-1.1b/src/reg/uvm_reg_sequence.svh ...
Done /home/alexandru.madalin.vasilescu/.vscode/extensions/amiq.dvt-26.1.19-linux-x64/dvt_home/common/predefined_projects/libs/uvm-1.1b/src/reg/uvm_reg_sequence.svh [15 ms, 547 lines, SystemVerilog_2012] ...
Loading (114) /home/alexandru.madalin.vasilescu/.vscode/extensions/amiq.dvt-26.1.19-linux-x64/dvt_home/common/predefined_projects/libs/uvm-1.1b/src/reg/uvm_reg_cbs.svh ...
Done /home/alexandru.madalin.vasilescu/.vscode/extensions/amiq.dvt-26.1.19-linux-x64/dvt_home/common/predefined_projects/libs/uvm-1.1b/src/reg/uvm_reg_cbs.svh [16 ms, 530 lines, SystemVerilog_2012] ...
Loading (115) /home/alexandru.madalin.vasilescu/.vscode/extensions/amiq.dvt-26.1.19-linux-x64/dvt_home/common/predefined_projects/libs/uvm-1.1b/src/reg/uvm_reg_backdoor.svh ...
Done /home/alexandru.madalin.vasilescu/.vscode/extensions/amiq.dvt-26.1.19-linux-x64/dvt_home/common/predefined_projects/libs/uvm-1.1b/src/reg/uvm_reg_backdoor.svh [12 ms, 357 lines, SystemVerilog_2012] ...
Loading (116) /home/alexandru.madalin.vasilescu/.vscode/extensions/amiq.dvt-26.1.19-linux-x64/dvt_home/common/predefined_projects/libs/uvm-1.1b/src/reg/uvm_reg_field.svh ...
Done /home/alexandru.madalin.vasilescu/.vscode/extensions/amiq.dvt-26.1.19-linux-x64/dvt_home/common/predefined_projects/libs/uvm-1.1b/src/reg/uvm_reg_field.svh [69 ms, 1997 lines, SystemVerilog_2012] ...
Loading (117) /home/alexandru.madalin.vasilescu/.vscode/extensions/amiq.dvt-26.1.19-linux-x64/dvt_home/common/predefined_projects/libs/uvm-1.1b/src/reg/uvm_vreg_field.svh ...
Done /home/alexandru.madalin.vasilescu/.vscode/extensions/amiq.dvt-26.1.19-linux-x64/dvt_home/common/predefined_projects/libs/uvm-1.1b/src/reg/uvm_vreg_field.svh [32 ms, 1005 lines, SystemVerilog_2012] ...
Loading (118) /home/alexandru.madalin.vasilescu/.vscode/extensions/amiq.dvt-26.1.19-linux-x64/dvt_home/common/predefined_projects/libs/uvm-1.1b/src/reg/uvm_reg.svh ...
Done /home/alexandru.madalin.vasilescu/.vscode/extensions/amiq.dvt-26.1.19-linux-x64/dvt_home/common/predefined_projects/libs/uvm-1.1b/src/reg/uvm_reg.svh [96 ms, 3097 lines, SystemVerilog_2012] ...
Loading (119) /home/alexandru.madalin.vasilescu/.vscode/extensions/amiq.dvt-26.1.19-linux-x64/dvt_home/common/predefined_projects/libs/uvm-1.1b/src/reg/uvm_reg_indirect.svh ...
Done /home/alexandru.madalin.vasilescu/.vscode/extensions/amiq.dvt-26.1.19-linux-x64/dvt_home/common/predefined_projects/libs/uvm-1.1b/src/reg/uvm_reg_indirect.svh [16 ms, 330 lines, SystemVerilog_2012] ...
Loading (120) /home/alexandru.madalin.vasilescu/.vscode/extensions/amiq.dvt-26.1.19-linux-x64/dvt_home/common/predefined_projects/libs/uvm-1.1b/src/reg/uvm_reg_fifo.svh ...
Done /home/alexandru.madalin.vasilescu/.vscode/extensions/amiq.dvt-26.1.19-linux-x64/dvt_home/common/predefined_projects/libs/uvm-1.1b/src/reg/uvm_reg_fifo.svh [7 ms, 311 lines, SystemVerilog_2012] ...
Loading (121) /home/alexandru.madalin.vasilescu/.vscode/extensions/amiq.dvt-26.1.19-linux-x64/dvt_home/common/predefined_projects/libs/uvm-1.1b/src/reg/uvm_reg_file.svh ...
Done /home/alexandru.madalin.vasilescu/.vscode/extensions/amiq.dvt-26.1.19-linux-x64/dvt_home/common/predefined_projects/libs/uvm-1.1b/src/reg/uvm_reg_file.svh [12 ms, 499 lines, SystemVerilog_2012] ...
Loading (122) /home/alexandru.madalin.vasilescu/.vscode/extensions/amiq.dvt-26.1.19-linux-x64/dvt_home/common/predefined_projects/libs/uvm-1.1b/src/reg/uvm_mem_mam.svh ...
Done /home/alexandru.madalin.vasilescu/.vscode/extensions/amiq.dvt-26.1.19-linux-x64/dvt_home/common/predefined_projects/libs/uvm-1.1b/src/reg/uvm_mem_mam.svh [24 ms, 1018 lines, SystemVerilog_2012] ...
Loading (123) /home/alexandru.madalin.vasilescu/.vscode/extensions/amiq.dvt-26.1.19-linux-x64/dvt_home/common/predefined_projects/libs/uvm-1.1b/src/reg/uvm_vreg.svh ...
Done /home/alexandru.madalin.vasilescu/.vscode/extensions/amiq.dvt-26.1.19-linux-x64/dvt_home/common/predefined_projects/libs/uvm-1.1b/src/reg/uvm_vreg.svh [42 ms, 1550 lines, SystemVerilog_2012] ...
Loading (124) /home/alexandru.madalin.vasilescu/.vscode/extensions/amiq.dvt-26.1.19-linux-x64/dvt_home/common/predefined_projects/libs/uvm-1.1b/src/reg/uvm_mem.svh ...
Done /home/alexandru.madalin.vasilescu/.vscode/extensions/amiq.dvt-26.1.19-linux-x64/dvt_home/common/predefined_projects/libs/uvm-1.1b/src/reg/uvm_mem.svh [52 ms, 2409 lines, SystemVerilog_2012] ...
Loading (125) /home/alexandru.madalin.vasilescu/.vscode/extensions/amiq.dvt-26.1.19-linux-x64/dvt_home/common/predefined_projects/libs/uvm-1.1b/src/reg/uvm_reg_map.svh ...
Done /home/alexandru.madalin.vasilescu/.vscode/extensions/amiq.dvt-26.1.19-linux-x64/dvt_home/common/predefined_projects/libs/uvm-1.1b/src/reg/uvm_reg_map.svh [33 ms, 2163 lines, SystemVerilog_2012] ...
Loading (126) /home/alexandru.madalin.vasilescu/.vscode/extensions/amiq.dvt-26.1.19-linux-x64/dvt_home/common/predefined_projects/libs/uvm-1.1b/src/reg/uvm_reg_block.svh ...
Done /home/alexandru.madalin.vasilescu/.vscode/extensions/amiq.dvt-26.1.19-linux-x64/dvt_home/common/predefined_projects/libs/uvm-1.1b/src/reg/uvm_reg_block.svh [23 ms, 2272 lines, SystemVerilog_2012] ...
Loading (127) /home/alexandru.madalin.vasilescu/.vscode/extensions/amiq.dvt-26.1.19-linux-x64/dvt_home/common/predefined_projects/libs/uvm-1.1b/src/reg/sequences/uvm_reg_hw_reset_seq.svh ...
Done /home/alexandru.madalin.vasilescu/.vscode/extensions/amiq.dvt-26.1.19-linux-x64/dvt_home/common/predefined_projects/libs/uvm-1.1b/src/reg/sequences/uvm_reg_hw_reset_seq.svh [3 ms, 146 lines, SystemVerilog_2012] ...
Loading (128) /home/alexandru.madalin.vasilescu/.vscode/extensions/amiq.dvt-26.1.19-linux-x64/dvt_home/common/predefined_projects/libs/uvm-1.1b/src/reg/sequences/uvm_reg_bit_bash_seq.svh ...
Done /home/alexandru.madalin.vasilescu/.vscode/extensions/amiq.dvt-26.1.19-linux-x64/dvt_home/common/predefined_projects/libs/uvm-1.1b/src/reg/sequences/uvm_reg_bit_bash_seq.svh [5 ms, 301 lines, SystemVerilog_2012] ...
Loading (129) /home/alexandru.madalin.vasilescu/.vscode/extensions/amiq.dvt-26.1.19-linux-x64/dvt_home/common/predefined_projects/libs/uvm-1.1b/src/reg/sequences/uvm_mem_walk_seq.svh ...
Done /home/alexandru.madalin.vasilescu/.vscode/extensions/amiq.dvt-26.1.19-linux-x64/dvt_home/common/predefined_projects/libs/uvm-1.1b/src/reg/sequences/uvm_mem_walk_seq.svh [5 ms, 300 lines, SystemVerilog_2012] ...
Loading (130) /home/alexandru.madalin.vasilescu/.vscode/extensions/amiq.dvt-26.1.19-linux-x64/dvt_home/common/predefined_projects/libs/uvm-1.1b/src/reg/sequences/uvm_mem_access_seq.svh ...
Done /home/alexandru.madalin.vasilescu/.vscode/extensions/amiq.dvt-26.1.19-linux-x64/dvt_home/common/predefined_projects/libs/uvm-1.1b/src/reg/sequences/uvm_mem_access_seq.svh [6 ms, 308 lines, SystemVerilog_2012] ...
Loading (131) /home/alexandru.madalin.vasilescu/.vscode/extensions/amiq.dvt-26.1.19-linux-x64/dvt_home/common/predefined_projects/libs/uvm-1.1b/src/reg/sequences/uvm_reg_access_seq.svh ...
Done /home/alexandru.madalin.vasilescu/.vscode/extensions/amiq.dvt-26.1.19-linux-x64/dvt_home/common/predefined_projects/libs/uvm-1.1b/src/reg/sequences/uvm_reg_access_seq.svh [8 ms, 361 lines, SystemVerilog_2012] ...
Loading (132) /home/alexandru.madalin.vasilescu/.vscode/extensions/amiq.dvt-26.1.19-linux-x64/dvt_home/common/predefined_projects/libs/uvm-1.1b/src/reg/sequences/uvm_reg_mem_shared_access_seq.svh ...
Done /home/alexandru.madalin.vasilescu/.vscode/extensions/amiq.dvt-26.1.19-linux-x64/dvt_home/common/predefined_projects/libs/uvm-1.1b/src/reg/sequences/uvm_reg_mem_shared_access_seq.svh [17 ms, 486 lines, SystemVerilog_2012] ...
Loading (133) /home/alexandru.madalin.vasilescu/.vscode/extensions/amiq.dvt-26.1.19-linux-x64/dvt_home/common/predefined_projects/libs/uvm-1.1b/src/reg/sequences/uvm_reg_mem_built_in_seq.svh ...
Done /home/alexandru.madalin.vasilescu/.vscode/extensions/amiq.dvt-26.1.19-linux-x64/dvt_home/common/predefined_projects/libs/uvm-1.1b/src/reg/sequences/uvm_reg_mem_built_in_seq.svh [5 ms, 139 lines, SystemVerilog_2012] ...
Loading (134) /home/alexandru.madalin.vasilescu/.vscode/extensions/amiq.dvt-26.1.19-linux-x64/dvt_home/common/predefined_projects/libs/uvm-1.1b/src/reg/sequences/uvm_reg_mem_hdl_paths_seq.svh ...
Done /home/alexandru.madalin.vasilescu/.vscode/extensions/amiq.dvt-26.1.19-linux-x64/dvt_home/common/predefined_projects/libs/uvm-1.1b/src/reg/sequences/uvm_reg_mem_hdl_paths_seq.svh [17 ms, 175 lines, SystemVerilog_2012] ...
Done /home/alexandru.madalin.vasilescu/.vscode/extensions/amiq.dvt-26.1.19-linux-x64/dvt_home/common/predefined_projects/libs/uvm-1.1b/src/reg/uvm_reg_model.svh [11 ms, 445 lines, SystemVerilog_2012] ...
Done /home/alexandru.madalin.vasilescu/.vscode/extensions/amiq.dvt-26.1.19-linux-x64/dvt_home/common/predefined_projects/libs/uvm-1.1b/src/uvm_pkg.sv [4 ms, 41 lines, SystemVerilog_2012] ...
Loading (135) /home/alexandru.madalin.vasilescu/dvt_predefined_projects_target/uvm_ref_flow_1.1/designs/socv/rtl/rtl_lpw/opencores/uart16550/rtl/uart_defines.v ...
Done /home/alexandru.madalin.vasilescu/dvt_predefined_projects_target/uvm_ref_flow_1.1/designs/socv/rtl/rtl_lpw/opencores/uart16550/rtl/uart_defines.v [0 ms, 248 lines, Verilog_2001] ...
Loading (136) /home/alexandru.madalin.vasilescu/dvt_predefined_projects_target/uvm_ref_flow_1.1/designs/socv/rtl/rtl_lpw/opencores/spi/rtl/spi_defines.v ...
Done /home/alexandru.madalin.vasilescu/dvt_predefined_projects_target/uvm_ref_flow_1.1/designs/socv/rtl/rtl_lpw/opencores/spi/rtl/spi_defines.v [0 ms, 160 lines, Verilog_2001] ...
Loading (137) /home/alexandru.madalin.vasilescu/dvt_predefined_projects_target/uvm_ref_flow_1.1/soc_verification_lib/sv_cb_ex_lib/apb_subsystem/sv/gpio_defines.svh ...
Done /home/alexandru.madalin.vasilescu/dvt_predefined_projects_target/uvm_ref_flow_1.1/soc_verification_lib/sv_cb_ex_lib/apb_subsystem/sv/gpio_defines.svh [0 ms, 45 lines, SystemVerilog_2012] ...
Loading (138) /home/alexandru.madalin.vasilescu/dvt_predefined_projects_target/uvm_ref_flow_1.1/soc_verification_lib/sv_cb_ex_lib/apb_subsystem/sv/spi_defines.svh ...
Done /home/alexandru.madalin.vasilescu/dvt_predefined_projects_target/uvm_ref_flow_1.1/soc_verification_lib/sv_cb_ex_lib/apb_subsystem/sv/spi_defines.svh [0 ms, 43 lines, SystemVerilog_2012] ...
Loading (139) /home/alexandru.madalin.vasilescu/dvt_predefined_projects_target/uvm_ref_flow_1.1/soc_verification_lib/sv_cb_ex_lib/uart_ctrl/sv/uart_ctrl_defines.svh ...
Done /home/alexandru.madalin.vasilescu/dvt_predefined_projects_target/uvm_ref_flow_1.1/soc_verification_lib/sv_cb_ex_lib/uart_ctrl/sv/uart_ctrl_defines.svh [0 ms, 47 lines, SystemVerilog_2012] ...
Loading (140) /home/alexandru.madalin.vasilescu/dvt_predefined_projects_target/uvm_ref_flow_1.1/soc_verification_lib/sv_cb_ex_lib/apb_subsystem/sv/apb_subsystem_defines.svh ...
Done /home/alexandru.madalin.vasilescu/dvt_predefined_projects_target/uvm_ref_flow_1.1/soc_verification_lib/sv_cb_ex_lib/apb_subsystem/sv/apb_subsystem_defines.svh [0 ms, 41 lines, SystemVerilog_2012] ...
Loading (141) /home/alexandru.madalin.vasilescu/dvt_predefined_projects_target/uvm_ref_flow_1.1/soc_verification_lib/sv_cb_ex_lib/interface_uvc_lib/ahb/sv/ahb_pkg.sv ...
Optimizing (142) /home/alexandru.madalin.vasilescu/.vscode/extensions/amiq.dvt-26.1.19-linux-x64/dvt_home/common/predefined_projects/libs/uvm-1.1b/src/uvm_macros.svh ...
Loading (143) /home/alexandru.madalin.vasilescu/dvt_predefined_projects_target/uvm_ref_flow_1.1/soc_verification_lib/sv_cb_ex_lib/interface_uvc_lib/ahb/sv/ahb_defines.sv ...
Done /home/alexandru.madalin.vasilescu/dvt_predefined_projects_target/uvm_ref_flow_1.1/soc_verification_lib/sv_cb_ex_lib/interface_uvc_lib/ahb/sv/ahb_defines.sv [0 ms, 12 lines, SystemVerilog_2012] ...
Loading (144) /home/alexandru.madalin.vasilescu/dvt_predefined_projects_target/uvm_ref_flow_1.1/soc_verification_lib/sv_cb_ex_lib/interface_uvc_lib/ahb/sv/ahb_transfer.sv ...
Done /home/alexandru.madalin.vasilescu/dvt_predefined_projects_target/uvm_ref_flow_1.1/soc_verification_lib/sv_cb_ex_lib/interface_uvc_lib/ahb/sv/ahb_transfer.sv [11 ms, 118 lines, SystemVerilog_2012] ...
Loading (145) /home/alexandru.madalin.vasilescu/dvt_predefined_projects_target/uvm_ref_flow_1.1/soc_verification_lib/sv_cb_ex_lib/interface_uvc_lib/ahb/sv/ahb_master_monitor.sv ...
Done /home/alexandru.madalin.vasilescu/dvt_predefined_projects_target/uvm_ref_flow_1.1/soc_verification_lib/sv_cb_ex_lib/interface_uvc_lib/ahb/sv/ahb_master_monitor.sv [12 ms, 179 lines, SystemVerilog_2012] ...
Loading (146) /home/alexandru.madalin.vasilescu/dvt_predefined_projects_target/uvm_ref_flow_1.1/soc_verification_lib/sv_cb_ex_lib/interface_uvc_lib/ahb/sv/ahb_master_sequencer.sv ...
Done /home/alexandru.madalin.vasilescu/dvt_predefined_projects_target/uvm_ref_flow_1.1/soc_verification_lib/sv_cb_ex_lib/interface_uvc_lib/ahb/sv/ahb_master_sequencer.sv [1 ms, 59 lines, SystemVerilog_2012] ...
Loading (147) /home/alexandru.madalin.vasilescu/dvt_predefined_projects_target/uvm_ref_flow_1.1/soc_verification_lib/sv_cb_ex_lib/interface_uvc_lib/ahb/sv/ahb_master_driver.sv ...
Done /home/alexandru.madalin.vasilescu/dvt_predefined_projects_target/uvm_ref_flow_1.1/soc_verification_lib/sv_cb_ex_lib/interface_uvc_lib/ahb/sv/ahb_master_driver.sv [3 ms, 140 lines, SystemVerilog_2012] ...
Loading (148) /home/alexandru.madalin.vasilescu/dvt_predefined_projects_target/uvm_ref_flow_1.1/soc_verification_lib/sv_cb_ex_lib/interface_uvc_lib/ahb/sv/ahb_master_agent.sv ...
Done /home/alexandru.madalin.vasilescu/dvt_predefined_projects_target/uvm_ref_flow_1.1/soc_verification_lib/sv_cb_ex_lib/interface_uvc_lib/ahb/sv/ahb_master_agent.sv [3 ms, 90 lines, SystemVerilog_2012] ...
Loading (149) /home/alexandru.madalin.vasilescu/dvt_predefined_projects_target/uvm_ref_flow_1.1/soc_verification_lib/sv_cb_ex_lib/interface_uvc_lib/ahb/sv/ahb_slave_monitor.sv ...
Done /home/alexandru.madalin.vasilescu/dvt_predefined_projects_target/uvm_ref_flow_1.1/soc_verification_lib/sv_cb_ex_lib/interface_uvc_lib/ahb/sv/ahb_slave_monitor.sv [5 ms, 167 lines, SystemVerilog_2012] ...
Loading (150) /home/alexandru.madalin.vasilescu/dvt_predefined_projects_target/uvm_ref_flow_1.1/soc_verification_lib/sv_cb_ex_lib/interface_uvc_lib/ahb/sv/ahb_slave_sequencer.sv ...
Done /home/alexandru.madalin.vasilescu/dvt_predefined_projects_target/uvm_ref_flow_1.1/soc_verification_lib/sv_cb_ex_lib/interface_uvc_lib/ahb/sv/ahb_slave_sequencer.sv [0 ms, 56 lines, SystemVerilog_2012] ...
Loading (151) /home/alexandru.madalin.vasilescu/dvt_predefined_projects_target/uvm_ref_flow_1.1/soc_verification_lib/sv_cb_ex_lib/interface_uvc_lib/ahb/sv/ahb_slave_driver.sv ...
Done /home/alexandru.madalin.vasilescu/dvt_predefined_projects_target/uvm_ref_flow_1.1/soc_verification_lib/sv_cb_ex_lib/interface_uvc_lib/ahb/sv/ahb_slave_driver.sv [3 ms, 132 lines, SystemVerilog_2012] ...
Loading (152) /home/alexandru.madalin.vasilescu/dvt_predefined_projects_target/uvm_ref_flow_1.1/soc_verification_lib/sv_cb_ex_lib/interface_uvc_lib/ahb/sv/ahb_slave_agent.sv ...
Done /home/alexandru.madalin.vasilescu/dvt_predefined_projects_target/uvm_ref_flow_1.1/soc_verification_lib/sv_cb_ex_lib/interface_uvc_lib/ahb/sv/ahb_slave_agent.sv [3 ms, 90 lines, SystemVerilog_2012] ...
Loading (153) /home/alexandru.madalin.vasilescu/dvt_predefined_projects_target/uvm_ref_flow_1.1/soc_verification_lib/sv_cb_ex_lib/interface_uvc_lib/ahb/sv/ahb_env.sv ...
Done /home/alexandru.madalin.vasilescu/dvt_predefined_projects_target/uvm_ref_flow_1.1/soc_verification_lib/sv_cb_ex_lib/interface_uvc_lib/ahb/sv/ahb_env.sv [5 ms, 104 lines, SystemVerilog_2012] ...
Loading (154) /home/alexandru.madalin.vasilescu/dvt_predefined_projects_target/uvm_ref_flow_1.1/soc_verification_lib/sv_cb_ex_lib/interface_uvc_lib/ahb/sv/reg_to_ahb_adapter.sv ...
Done /home/alexandru.madalin.vasilescu/dvt_predefined_projects_target/uvm_ref_flow_1.1/soc_verification_lib/sv_cb_ex_lib/interface_uvc_lib/ahb/sv/reg_to_ahb_adapter.sv [2 ms, 60 lines, SystemVerilog_2012] ...
Done /home/alexandru.madalin.vasilescu/dvt_predefined_projects_target/uvm_ref_flow_1.1/soc_verification_lib/sv_cb_ex_lib/interface_uvc_lib/ahb/sv/ahb_pkg.sv [3 ms, 58 lines, SystemVerilog_2012] ...
Loading (155) /home/alexandru.madalin.vasilescu/dvt_predefined_projects_target/uvm_ref_flow_1.1/soc_verification_lib/sv_cb_ex_lib/interface_uvc_lib/apb/sv/apb_pkg.sv ...
Optimizing (156) /home/alexandru.madalin.vasilescu/.vscode/extensions/amiq.dvt-26.1.19-linux-x64/dvt_home/common/predefined_projects/libs/uvm-1.1b/src/uvm_macros.svh ...
Loading (157) /home/alexandru.madalin.vasilescu/dvt_predefined_projects_target/uvm_ref_flow_1.1/soc_verification_lib/sv_cb_ex_lib/interface_uvc_lib/apb/sv/apb_config.sv ...
Done /home/alexandru.madalin.vasilescu/dvt_predefined_projects_target/uvm_ref_flow_1.1/soc_verification_lib/sv_cb_ex_lib/interface_uvc_lib/apb/sv/apb_config.sv [24 ms, 161 lines, SystemVerilog_2012] ...
Loading (158) /home/alexandru.madalin.vasilescu/dvt_predefined_projects_target/uvm_ref_flow_1.1/soc_verification_lib/sv_cb_ex_lib/interface_uvc_lib/apb/sv/apb_types.sv ...
Done /home/alexandru.madalin.vasilescu/dvt_predefined_projects_target/uvm_ref_flow_1.1/soc_verification_lib/sv_cb_ex_lib/interface_uvc_lib/apb/sv/apb_types.sv [0 ms, 32 lines, SystemVerilog_2012] ...
Loading (159) /home/alexandru.madalin.vasilescu/dvt_predefined_projects_target/uvm_ref_flow_1.1/soc_verification_lib/sv_cb_ex_lib/interface_uvc_lib/apb/sv/apb_transfer.sv ...
Done /home/alexandru.madalin.vasilescu/dvt_predefined_projects_target/uvm_ref_flow_1.1/soc_verification_lib/sv_cb_ex_lib/interface_uvc_lib/apb/sv/apb_transfer.sv [7 ms, 59 lines, SystemVerilog_2012] ...
Loading (160) /home/alexandru.madalin.vasilescu/dvt_predefined_projects_target/uvm_ref_flow_1.1/soc_verification_lib/sv_cb_ex_lib/interface_uvc_lib/apb/sv/apb_monitor.sv ...
Done /home/alexandru.madalin.vasilescu/dvt_predefined_projects_target/uvm_ref_flow_1.1/soc_verification_lib/sv_cb_ex_lib/interface_uvc_lib/apb/sv/apb_monitor.sv [16 ms, 169 lines, SystemVerilog_2012] ...
Loading (161) /home/alexandru.madalin.vasilescu/dvt_predefined_projects_target/uvm_ref_flow_1.1/soc_verification_lib/sv_cb_ex_lib/interface_uvc_lib/apb/sv/apb_collector.sv ...
Done /home/alexandru.madalin.vasilescu/dvt_predefined_projects_target/uvm_ref_flow_1.1/soc_verification_lib/sv_cb_ex_lib/interface_uvc_lib/apb/sv/apb_collector.sv [26 ms, 158 lines, SystemVerilog_2012] ...
Loading (162) /home/alexandru.madalin.vasilescu/dvt_predefined_projects_target/uvm_ref_flow_1.1/soc_verification_lib/sv_cb_ex_lib/interface_uvc_lib/apb/sv/apb_master_driver.sv ...
Done /home/alexandru.madalin.vasilescu/dvt_predefined_projects_target/uvm_ref_flow_1.1/soc_verification_lib/sv_cb_ex_lib/interface_uvc_lib/apb/sv/apb_master_driver.sv [14 ms, 165 lines, SystemVerilog_2012] ...
Loading (163) /home/alexandru.madalin.vasilescu/dvt_predefined_projects_target/uvm_ref_flow_1.1/soc_verification_lib/sv_cb_ex_lib/interface_uvc_lib/apb/sv/apb_master_sequencer.sv ...
Done /home/alexandru.madalin.vasilescu/dvt_predefined_projects_target/uvm_ref_flow_1.1/soc_verification_lib/sv_cb_ex_lib/interface_uvc_lib/apb/sv/apb_master_sequencer.sv [8 ms, 58 lines, SystemVerilog_2012] ...
Loading (164) /home/alexandru.madalin.vasilescu/dvt_predefined_projects_target/uvm_ref_flow_1.1/soc_verification_lib/sv_cb_ex_lib/interface_uvc_lib/apb/sv/apb_master_agent.sv ...
Done /home/alexandru.madalin.vasilescu/dvt_predefined_projects_target/uvm_ref_flow_1.1/soc_verification_lib/sv_cb_ex_lib/interface_uvc_lib/apb/sv/apb_master_agent.sv [21 ms, 99 lines, SystemVerilog_2012] ...
Loading (165) /home/alexandru.madalin.vasilescu/dvt_predefined_projects_target/uvm_ref_flow_1.1/soc_verification_lib/sv_cb_ex_lib/interface_uvc_lib/apb/sv/apb_slave_driver.sv ...
Done /home/alexandru.madalin.vasilescu/dvt_predefined_projects_target/uvm_ref_flow_1.1/soc_verification_lib/sv_cb_ex_lib/interface_uvc_lib/apb/sv/apb_slave_driver.sv [5 ms, 104 lines, SystemVerilog_2012] ...
Loading (166) /home/alexandru.madalin.vasilescu/dvt_predefined_projects_target/uvm_ref_flow_1.1/soc_verification_lib/sv_cb_ex_lib/interface_uvc_lib/apb/sv/apb_slave_sequencer.sv ...
Done /home/alexandru.madalin.vasilescu/dvt_predefined_projects_target/uvm_ref_flow_1.1/soc_verification_lib/sv_cb_ex_lib/interface_uvc_lib/apb/sv/apb_slave_sequencer.sv [8 ms, 58 lines, SystemVerilog_2012] ...
Loading (167) /home/alexandru.madalin.vasilescu/dvt_predefined_projects_target/uvm_ref_flow_1.1/soc_verification_lib/sv_cb_ex_lib/interface_uvc_lib/apb/sv/apb_slave_agent.sv ...
Done /home/alexandru.madalin.vasilescu/dvt_predefined_projects_target/uvm_ref_flow_1.1/soc_verification_lib/sv_cb_ex_lib/interface_uvc_lib/apb/sv/apb_slave_agent.sv [22 ms, 108 lines, SystemVerilog_2012] ...
Loading (168) /home/alexandru.madalin.vasilescu/dvt_predefined_projects_target/uvm_ref_flow_1.1/soc_verification_lib/sv_cb_ex_lib/interface_uvc_lib/apb/sv/apb_master_seq_lib.sv ...
Done /home/alexandru.madalin.vasilescu/dvt_predefined_projects_target/uvm_ref_flow_1.1/soc_verification_lib/sv_cb_ex_lib/interface_uvc_lib/apb/sv/apb_master_seq_lib.sv [52 ms, 227 lines, SystemVerilog_2012] ...
Loading (169) /home/alexandru.madalin.vasilescu/dvt_predefined_projects_target/uvm_ref_flow_1.1/soc_verification_lib/sv_cb_ex_lib/interface_uvc_lib/apb/sv/apb_slave_seq_lib.sv ...
Done /home/alexandru.madalin.vasilescu/dvt_predefined_projects_target/uvm_ref_flow_1.1/soc_verification_lib/sv_cb_ex_lib/interface_uvc_lib/apb/sv/apb_slave_seq_lib.sv [11 ms, 110 lines, SystemVerilog_2012] ...
Loading (170) /home/alexandru.madalin.vasilescu/dvt_predefined_projects_target/uvm_ref_flow_1.1/soc_verification_lib/sv_cb_ex_lib/interface_uvc_lib/apb/sv/apb_env.sv ...
Done /home/alexandru.madalin.vasilescu/dvt_predefined_projects_target/uvm_ref_flow_1.1/soc_verification_lib/sv_cb_ex_lib/interface_uvc_lib/apb/sv/apb_env.sv [9 ms, 154 lines, SystemVerilog_2012] ...
Loading (171) /home/alexandru.madalin.vasilescu/dvt_predefined_projects_target/uvm_ref_flow_1.1/soc_verification_lib/sv_cb_ex_lib/interface_uvc_lib/apb/sv/reg_to_apb_adapter.sv ...
Done /home/alexandru.madalin.vasilescu/dvt_predefined_projects_target/uvm_ref_flow_1.1/soc_verification_lib/sv_cb_ex_lib/interface_uvc_lib/apb/sv/reg_to_apb_adapter.sv [2 ms, 61 lines, SystemVerilog_2012] ...
Done /home/alexandru.madalin.vasilescu/dvt_predefined_projects_target/uvm_ref_flow_1.1/soc_verification_lib/sv_cb_ex_lib/interface_uvc_lib/apb/sv/apb_pkg.sv [55 ms, 61 lines, SystemVerilog_2012] ...
Loading (172) /home/alexandru.madalin.vasilescu/dvt_predefined_projects_target/uvm_ref_flow_1.1/soc_verification_lib/sv_cb_ex_lib/interface_uvc_lib/uart/sv/uart_pkg.sv ...
Optimizing (173) /home/alexandru.madalin.vasilescu/.vscode/extensions/amiq.dvt-26.1.19-linux-x64/dvt_home/common/predefined_projects/libs/uvm-1.1b/src/uvm_macros.svh ...
Loading (174) /home/alexandru.madalin.vasilescu/dvt_predefined_projects_target/uvm_ref_flow_1.1/soc_verification_lib/sv_cb_ex_lib/interface_uvc_lib/uart/sv/uart_config.sv ...
Done /home/alexandru.madalin.vasilescu/dvt_predefined_projects_target/uvm_ref_flow_1.1/soc_verification_lib/sv_cb_ex_lib/interface_uvc_lib/uart/sv/uart_config.sv [14 ms, 112 lines, SystemVerilog_2012] ...
Loading (175) /home/alexandru.madalin.vasilescu/dvt_predefined_projects_target/uvm_ref_flow_1.1/soc_verification_lib/sv_cb_ex_lib/interface_uvc_lib/uart/sv/uart_frame.sv ...
Done /home/alexandru.madalin.vasilescu/dvt_predefined_projects_target/uvm_ref_flow_1.1/soc_verification_lib/sv_cb_ex_lib/interface_uvc_lib/uart/sv/uart_frame.sv [16 ms, 104 lines, SystemVerilog_2012] ...
Loading (176) /home/alexandru.madalin.vasilescu/dvt_predefined_projects_target/uvm_ref_flow_1.1/soc_verification_lib/sv_cb_ex_lib/interface_uvc_lib/uart/sv/uart_monitor.sv ...
Done /home/alexandru.madalin.vasilescu/dvt_predefined_projects_target/uvm_ref_flow_1.1/soc_verification_lib/sv_cb_ex_lib/interface_uvc_lib/uart/sv/uart_monitor.sv [13 ms, 248 lines, SystemVerilog_2012] ...
Loading (177) /home/alexandru.madalin.vasilescu/dvt_predefined_projects_target/uvm_ref_flow_1.1/soc_verification_lib/sv_cb_ex_lib/interface_uvc_lib/uart/sv/uart_rx_monitor.sv ...
Done /home/alexandru.madalin.vasilescu/dvt_predefined_projects_target/uvm_ref_flow_1.1/soc_verification_lib/sv_cb_ex_lib/interface_uvc_lib/uart/sv/uart_rx_monitor.sv [5 ms, 105 lines, SystemVerilog_2012] ...
Loading (178) /home/alexandru.madalin.vasilescu/dvt_predefined_projects_target/uvm_ref_flow_1.1/soc_verification_lib/sv_cb_ex_lib/interface_uvc_lib/uart/sv/uart_tx_monitor.sv ...
Done /home/alexandru.madalin.vasilescu/dvt_predefined_projects_target/uvm_ref_flow_1.1/soc_verification_lib/sv_cb_ex_lib/interface_uvc_lib/uart/sv/uart_tx_monitor.sv [6 ms, 104 lines, SystemVerilog_2012] ...
Loading (179) /home/alexandru.madalin.vasilescu/dvt_predefined_projects_target/uvm_ref_flow_1.1/soc_verification_lib/sv_cb_ex_lib/interface_uvc_lib/uart/sv/uart_sequencer.sv ...
Done /home/alexandru.madalin.vasilescu/dvt_predefined_projects_target/uvm_ref_flow_1.1/soc_verification_lib/sv_cb_ex_lib/interface_uvc_lib/uart/sv/uart_sequencer.sv [4 ms, 56 lines, SystemVerilog_2012] ...
Loading (180) /home/alexandru.madalin.vasilescu/dvt_predefined_projects_target/uvm_ref_flow_1.1/soc_verification_lib/sv_cb_ex_lib/interface_uvc_lib/uart/sv/uart_tx_driver.sv ...
Done /home/alexandru.madalin.vasilescu/dvt_predefined_projects_target/uvm_ref_flow_1.1/soc_verification_lib/sv_cb_ex_lib/interface_uvc_lib/uart/sv/uart_tx_driver.sv [16 ms, 234 lines, SystemVerilog_2012] ...
Loading (181) /home/alexandru.madalin.vasilescu/dvt_predefined_projects_target/uvm_ref_flow_1.1/soc_verification_lib/sv_cb_ex_lib/interface_uvc_lib/uart/sv/uart_rx_driver.sv ...
Done /home/alexandru.madalin.vasilescu/dvt_predefined_projects_target/uvm_ref_flow_1.1/soc_verification_lib/sv_cb_ex_lib/interface_uvc_lib/uart/sv/uart_rx_driver.sv [12 ms, 231 lines, SystemVerilog_2012] ...
Loading (182) /home/alexandru.madalin.vasilescu/dvt_predefined_projects_target/uvm_ref_flow_1.1/soc_verification_lib/sv_cb_ex_lib/interface_uvc_lib/uart/sv/uart_tx_agent.sv ...
Done /home/alexandru.madalin.vasilescu/dvt_predefined_projects_target/uvm_ref_flow_1.1/soc_verification_lib/sv_cb_ex_lib/interface_uvc_lib/uart/sv/uart_tx_agent.sv [5 ms, 97 lines, SystemVerilog_2012] ...
Loading (183) /home/alexandru.madalin.vasilescu/dvt_predefined_projects_target/uvm_ref_flow_1.1/soc_verification_lib/sv_cb_ex_lib/interface_uvc_lib/uart/sv/uart_rx_agent.sv ...
Done /home/alexandru.madalin.vasilescu/dvt_predefined_projects_target/uvm_ref_flow_1.1/soc_verification_lib/sv_cb_ex_lib/interface_uvc_lib/uart/sv/uart_rx_agent.sv [6 ms, 98 lines, SystemVerilog_2012] ...
Loading (184) /home/alexandru.madalin.vasilescu/dvt_predefined_projects_target/uvm_ref_flow_1.1/soc_verification_lib/sv_cb_ex_lib/interface_uvc_lib/uart/sv/uart_env.sv ...
Done /home/alexandru.madalin.vasilescu/dvt_predefined_projects_target/uvm_ref_flow_1.1/soc_verification_lib/sv_cb_ex_lib/interface_uvc_lib/uart/sv/uart_env.sv [8 ms, 132 lines, SystemVerilog_2012] ...
Loading (185) /home/alexandru.madalin.vasilescu/dvt_predefined_projects_target/uvm_ref_flow_1.1/soc_verification_lib/sv_cb_ex_lib/interface_uvc_lib/uart/sv/uart_seq_lib.sv ...
Done /home/alexandru.madalin.vasilescu/dvt_predefined_projects_target/uvm_ref_flow_1.1/soc_verification_lib/sv_cb_ex_lib/interface_uvc_lib/uart/sv/uart_seq_lib.sv [13 ms, 172 lines, SystemVerilog_2012] ...
Done /home/alexandru.madalin.vasilescu/dvt_predefined_projects_target/uvm_ref_flow_1.1/soc_verification_lib/sv_cb_ex_lib/interface_uvc_lib/uart/sv/uart_pkg.sv [3 ms, 53 lines, SystemVerilog_2012] ...
Loading (186) /home/alexandru.madalin.vasilescu/dvt_predefined_projects_target/uvm_ref_flow_1.1/soc_verification_lib/sv_cb_ex_lib/interface_uvc_lib/gpio/sv/gpio_pkg.sv ...
Optimizing (187) /home/alexandru.madalin.vasilescu/.vscode/extensions/amiq.dvt-26.1.19-linux-x64/dvt_home/common/predefined_projects/libs/uvm-1.1b/src/uvm_macros.svh ...
Loading (188) /home/alexandru.madalin.vasilescu/dvt_predefined_projects_target/uvm_ref_flow_1.1/soc_verification_lib/sv_cb_ex_lib/interface_uvc_lib/gpio/sv/gpio_csr.sv ...
Done /home/alexandru.madalin.vasilescu/dvt_predefined_projects_target/uvm_ref_flow_1.1/soc_verification_lib/sv_cb_ex_lib/interface_uvc_lib/gpio/sv/gpio_csr.sv [22 ms, 114 lines, SystemVerilog_2012] ...
Loading (189) /home/alexandru.madalin.vasilescu/dvt_predefined_projects_target/uvm_ref_flow_1.1/soc_verification_lib/sv_cb_ex_lib/interface_uvc_lib/gpio/sv/gpio_transfer.sv ...
Done /home/alexandru.madalin.vasilescu/dvt_predefined_projects_target/uvm_ref_flow_1.1/soc_verification_lib/sv_cb_ex_lib/interface_uvc_lib/gpio/sv/gpio_transfer.sv [10 ms, 63 lines, SystemVerilog_2012] ...
Loading (190) /home/alexandru.madalin.vasilescu/dvt_predefined_projects_target/uvm_ref_flow_1.1/soc_verification_lib/sv_cb_ex_lib/interface_uvc_lib/gpio/sv/gpio_config.sv ...
Done /home/alexandru.madalin.vasilescu/dvt_predefined_projects_target/uvm_ref_flow_1.1/soc_verification_lib/sv_cb_ex_lib/interface_uvc_lib/gpio/sv/gpio_config.sv [3 ms, 47 lines, SystemVerilog_2012] ...
Loading (191) /home/alexandru.madalin.vasilescu/dvt_predefined_projects_target/uvm_ref_flow_1.1/soc_verification_lib/sv_cb_ex_lib/interface_uvc_lib/gpio/sv/gpio_monitor.sv ...
Done /home/alexandru.madalin.vasilescu/dvt_predefined_projects_target/uvm_ref_flow_1.1/soc_verification_lib/sv_cb_ex_lib/interface_uvc_lib/gpio/sv/gpio_monitor.sv [9 ms, 130 lines, SystemVerilog_2012] ...
Loading (192) /home/alexandru.madalin.vasilescu/dvt_predefined_projects_target/uvm_ref_flow_1.1/soc_verification_lib/sv_cb_ex_lib/interface_uvc_lib/gpio/sv/gpio_sequencer.sv ...
Done /home/alexandru.madalin.vasilescu/dvt_predefined_projects_target/uvm_ref_flow_1.1/soc_verification_lib/sv_cb_ex_lib/interface_uvc_lib/gpio/sv/gpio_sequencer.sv [1 ms, 44 lines, SystemVerilog_2012] ...
Loading (193) /home/alexandru.madalin.vasilescu/dvt_predefined_projects_target/uvm_ref_flow_1.1/soc_verification_lib/sv_cb_ex_lib/interface_uvc_lib/gpio/sv/gpio_driver.sv ...
Done /home/alexandru.madalin.vasilescu/dvt_predefined_projects_target/uvm_ref_flow_1.1/soc_verification_lib/sv_cb_ex_lib/interface_uvc_lib/gpio/sv/gpio_driver.sv [2 ms, 104 lines, SystemVerilog_2012] ...
Loading (194) /home/alexandru.madalin.vasilescu/dvt_predefined_projects_target/uvm_ref_flow_1.1/soc_verification_lib/sv_cb_ex_lib/interface_uvc_lib/gpio/sv/gpio_agent.sv ...
Done /home/alexandru.madalin.vasilescu/dvt_predefined_projects_target/uvm_ref_flow_1.1/soc_verification_lib/sv_cb_ex_lib/interface_uvc_lib/gpio/sv/gpio_agent.sv [5 ms, 77 lines, SystemVerilog_2012] ...
Loading (195) /home/alexandru.madalin.vasilescu/dvt_predefined_projects_target/uvm_ref_flow_1.1/soc_verification_lib/sv_cb_ex_lib/interface_uvc_lib/gpio/sv/gpio_env.sv ...
Done /home/alexandru.madalin.vasilescu/dvt_predefined_projects_target/uvm_ref_flow_1.1/soc_verification_lib/sv_cb_ex_lib/interface_uvc_lib/gpio/sv/gpio_env.sv [9 ms, 118 lines, SystemVerilog_2012] ...
Loading (196) /home/alexandru.madalin.vasilescu/dvt_predefined_projects_target/uvm_ref_flow_1.1/soc_verification_lib/sv_cb_ex_lib/interface_uvc_lib/gpio/sv/gpio_seq_lib.sv ...
Done /home/alexandru.madalin.vasilescu/dvt_predefined_projects_target/uvm_ref_flow_1.1/soc_verification_lib/sv_cb_ex_lib/interface_uvc_lib/gpio/sv/gpio_seq_lib.sv [6 ms, 76 lines, SystemVerilog_2012] ...
Done /home/alexandru.madalin.vasilescu/dvt_predefined_projects_target/uvm_ref_flow_1.1/soc_verification_lib/sv_cb_ex_lib/interface_uvc_lib/gpio/sv/gpio_pkg.sv [5 ms, 69 lines, SystemVerilog_2012] ...
Loading (197) /home/alexandru.madalin.vasilescu/dvt_predefined_projects_target/uvm_ref_flow_1.1/soc_verification_lib/sv_cb_ex_lib/interface_uvc_lib/spi/sv/spi_pkg.sv ...
Optimizing (198) /home/alexandru.madalin.vasilescu/.vscode/extensions/amiq.dvt-26.1.19-linux-x64/dvt_home/common/predefined_projects/libs/uvm-1.1b/src/uvm_macros.svh ...
Loading (199) /home/alexandru.madalin.vasilescu/dvt_predefined_projects_target/uvm_ref_flow_1.1/soc_verification_lib/sv_cb_ex_lib/interface_uvc_lib/spi/sv/spi_csr.sv ...
Done /home/alexandru.madalin.vasilescu/dvt_predefined_projects_target/uvm_ref_flow_1.1/soc_verification_lib/sv_cb_ex_lib/interface_uvc_lib/spi/sv/spi_csr.sv [23 ms, 162 lines, SystemVerilog_2012] ...
Loading (200) /home/alexandru.madalin.vasilescu/dvt_predefined_projects_target/uvm_ref_flow_1.1/soc_verification_lib/sv_cb_ex_lib/interface_uvc_lib/spi/sv/spi_transfer.sv ...
Done /home/alexandru.madalin.vasilescu/dvt_predefined_projects_target/uvm_ref_flow_1.1/soc_verification_lib/sv_cb_ex_lib/interface_uvc_lib/spi/sv/spi_transfer.sv [9 ms, 61 lines, SystemVerilog_2012] ...
Loading (201) /home/alexandru.madalin.vasilescu/dvt_predefined_projects_target/uvm_ref_flow_1.1/soc_verification_lib/sv_cb_ex_lib/interface_uvc_lib/spi/sv/spi_config.sv ...
Done /home/alexandru.madalin.vasilescu/dvt_predefined_projects_target/uvm_ref_flow_1.1/soc_verification_lib/sv_cb_ex_lib/interface_uvc_lib/spi/sv/spi_config.sv [55 ms, 47 lines, SystemVerilog_2012] ...
Loading (202) /home/alexandru.madalin.vasilescu/dvt_predefined_projects_target/uvm_ref_flow_1.1/soc_verification_lib/sv_cb_ex_lib/interface_uvc_lib/spi/sv/spi_monitor.sv ...
Done /home/alexandru.madalin.vasilescu/dvt_predefined_projects_target/uvm_ref_flow_1.1/soc_verification_lib/sv_cb_ex_lib/interface_uvc_lib/spi/sv/spi_monitor.sv [9 ms, 154 lines, SystemVerilog_2012] ...
Loading (203) /home/alexandru.madalin.vasilescu/dvt_predefined_projects_target/uvm_ref_flow_1.1/soc_verification_lib/sv_cb_ex_lib/interface_uvc_lib/spi/sv/spi_sequencer.sv ...
Done /home/alexandru.madalin.vasilescu/dvt_predefined_projects_target/uvm_ref_flow_1.1/soc_verification_lib/sv_cb_ex_lib/interface_uvc_lib/spi/sv/spi_sequencer.sv [1 ms, 44 lines, SystemVerilog_2012] ...
Loading (204) /home/alexandru.madalin.vasilescu/dvt_predefined_projects_target/uvm_ref_flow_1.1/soc_verification_lib/sv_cb_ex_lib/interface_uvc_lib/spi/sv/spi_driver.sv ...
Done /home/alexandru.madalin.vasilescu/dvt_predefined_projects_target/uvm_ref_flow_1.1/soc_verification_lib/sv_cb_ex_lib/interface_uvc_lib/spi/sv/spi_driver.sv [5 ms, 114 lines, SystemVerilog_2012] ...
Loading (205) /home/alexandru.madalin.vasilescu/dvt_predefined_projects_target/uvm_ref_flow_1.1/soc_verification_lib/sv_cb_ex_lib/interface_uvc_lib/spi/sv/spi_agent.sv ...
Done /home/alexandru.madalin.vasilescu/dvt_predefined_projects_target/uvm_ref_flow_1.1/soc_verification_lib/sv_cb_ex_lib/interface_uvc_lib/spi/sv/spi_agent.sv [6 ms, 81 lines, SystemVerilog_2012] ...
Loading (206) /home/alexandru.madalin.vasilescu/dvt_predefined_projects_target/uvm_ref_flow_1.1/soc_verification_lib/sv_cb_ex_lib/interface_uvc_lib/spi/sv/spi_env.sv ...
Done /home/alexandru.madalin.vasilescu/dvt_predefined_projects_target/uvm_ref_flow_1.1/soc_verification_lib/sv_cb_ex_lib/interface_uvc_lib/spi/sv/spi_env.sv [8 ms, 118 lines, SystemVerilog_2012] ...
Loading (207) /home/alexandru.madalin.vasilescu/dvt_predefined_projects_target/uvm_ref_flow_1.1/soc_verification_lib/sv_cb_ex_lib/interface_uvc_lib/spi/sv/spi_seq_lib.sv ...
Done /home/alexandru.madalin.vasilescu/dvt_predefined_projects_target/uvm_ref_flow_1.1/soc_verification_lib/sv_cb_ex_lib/interface_uvc_lib/spi/sv/spi_seq_lib.sv [5 ms, 74 lines, SystemVerilog_2012] ...
Done /home/alexandru.madalin.vasilescu/dvt_predefined_projects_target/uvm_ref_flow_1.1/soc_verification_lib/sv_cb_ex_lib/interface_uvc_lib/spi/sv/spi_pkg.sv [2 ms, 68 lines, SystemVerilog_2012] ...
Loading (208) /home/alexandru.madalin.vasilescu/dvt_predefined_projects_target/uvm_ref_flow_1.1/soc_verification_lib/sv_cb_ex_lib/uart_ctrl/sv/uart_ctrl_pkg.sv ...
Optimizing (209) /home/alexandru.madalin.vasilescu/.vscode/extensions/amiq.dvt-26.1.19-linux-x64/dvt_home/common/predefined_projects/libs/uvm-1.1b/src/uvm_macros.svh ...
Loading (210) /home/alexandru.madalin.vasilescu/dvt_predefined_projects_target/uvm_ref_flow_1.1/soc_verification_lib/sv_cb_ex_lib/uart_ctrl/sv/uart_ctrl_config.sv ...
Done /home/alexandru.madalin.vasilescu/dvt_predefined_projects_target/uvm_ref_flow_1.1/soc_verification_lib/sv_cb_ex_lib/uart_ctrl/sv/uart_ctrl_config.sv [57 ms, 71 lines, SystemVerilog_2012] ...
Loading (211) /home/alexandru.madalin.vasilescu/dvt_predefined_projects_target/uvm_ref_flow_1.1/soc_verification_lib/sv_cb_ex_lib/uart_ctrl/sv/uart_ctrl_reg_model.sv ...
Done /home/alexandru.madalin.vasilescu/dvt_predefined_projects_target/uvm_ref_flow_1.1/soc_verification_lib/sv_cb_ex_lib/uart_ctrl/sv/uart_ctrl_reg_model.sv [21 ms, 398 lines, SystemVerilog_2012] ...
Loading (212) /home/alexandru.madalin.vasilescu/dvt_predefined_projects_target/uvm_ref_flow_1.1/soc_verification_lib/sv_cb_ex_lib/uart_ctrl/sv/uart_ctrl_scoreboard.sv ...
Done /home/alexandru.madalin.vasilescu/dvt_predefined_projects_target/uvm_ref_flow_1.1/soc_verification_lib/sv_cb_ex_lib/uart_ctrl/sv/uart_ctrl_scoreboard.sv [11 ms, 247 lines, SystemVerilog_2012] ...
Loading (213) /home/alexandru.madalin.vasilescu/dvt_predefined_projects_target/uvm_ref_flow_1.1/soc_verification_lib/sv_cb_ex_lib/uart_ctrl/sv/coverage/uart_ctrl_cover.sv ...
Done /home/alexandru.madalin.vasilescu/dvt_predefined_projects_target/uvm_ref_flow_1.1/soc_verification_lib/sv_cb_ex_lib/uart_ctrl/sv/coverage/uart_ctrl_cover.sv [2 ms, 96 lines, SystemVerilog_2012] ...
Loading (214) /home/alexandru.madalin.vasilescu/dvt_predefined_projects_target/uvm_ref_flow_1.1/soc_verification_lib/sv_cb_ex_lib/uart_ctrl/sv/uart_ctrl_monitor.sv ...
Done /home/alexandru.madalin.vasilescu/dvt_predefined_projects_target/uvm_ref_flow_1.1/soc_verification_lib/sv_cb_ex_lib/uart_ctrl/sv/uart_ctrl_monitor.sv [7 ms, 182 lines, SystemVerilog_2012] ...
Loading (215) /home/alexandru.madalin.vasilescu/dvt_predefined_projects_target/uvm_ref_flow_1.1/soc_verification_lib/sv_cb_ex_lib/uart_ctrl/sv/uart_ctrl_reg_sequencer.sv ...
Done /home/alexandru.madalin.vasilescu/dvt_predefined_projects_target/uvm_ref_flow_1.1/soc_verification_lib/sv_cb_ex_lib/uart_ctrl/sv/uart_ctrl_reg_sequencer.sv [3 ms, 27 lines, SystemVerilog_2012] ...
Loading (216) /home/alexandru.madalin.vasilescu/dvt_predefined_projects_target/uvm_ref_flow_1.1/soc_verification_lib/sv_cb_ex_lib/uart_ctrl/sv/uart_ctrl_virtual_sequencer.sv ...
Done /home/alexandru.madalin.vasilescu/dvt_predefined_projects_target/uvm_ref_flow_1.1/soc_verification_lib/sv_cb_ex_lib/uart_ctrl/sv/uart_ctrl_virtual_sequencer.sv [5 ms, 50 lines, SystemVerilog_2012] ...
Loading (217) /home/alexandru.madalin.vasilescu/dvt_predefined_projects_target/uvm_ref_flow_1.1/soc_verification_lib/sv_cb_ex_lib/uart_ctrl/sv/uart_ctrl_env.sv ...
Loading (218) /home/alexandru.madalin.vasilescu/dvt_predefined_projects_target/uvm_ref_flow_1.1/soc_verification_lib/sv_cb_ex_lib/uart_ctrl/sv/uart_ctrl_defines.svh ...
Done /home/alexandru.madalin.vasilescu/dvt_predefined_projects_target/uvm_ref_flow_1.1/soc_verification_lib/sv_cb_ex_lib/uart_ctrl/sv/uart_ctrl_defines.svh [1 ms, 47 lines, SystemVerilog_2012] ...
Done /home/alexandru.madalin.vasilescu/dvt_predefined_projects_target/uvm_ref_flow_1.1/soc_verification_lib/sv_cb_ex_lib/uart_ctrl/sv/uart_ctrl_env.sv [73 ms, 189 lines, SystemVerilog_2012] ...
Done /home/alexandru.madalin.vasilescu/dvt_predefined_projects_target/uvm_ref_flow_1.1/soc_verification_lib/sv_cb_ex_lib/uart_ctrl/sv/uart_ctrl_pkg.sv [3 ms, 53 lines, SystemVerilog_2012] ...
Loading (219) /home/alexandru.madalin.vasilescu/dvt_predefined_projects_target/uvm_ref_flow_1.1/soc_verification_lib/sv_cb_ex_lib/apb_subsystem/sv/apb_subsystem_pkg.sv ...
Optimizing (220) /home/alexandru.madalin.vasilescu/.vscode/extensions/amiq.dvt-26.1.19-linux-x64/dvt_home/common/predefined_projects/libs/uvm-1.1b/src/uvm_macros.svh ...
Loading (221) /home/alexandru.madalin.vasilescu/dvt_predefined_projects_target/uvm_ref_flow_1.1/soc_verification_lib/sv_cb_ex_lib/apb_subsystem/sv/apb_subsystem_config.sv ...
Done /home/alexandru.madalin.vasilescu/dvt_predefined_projects_target/uvm_ref_flow_1.1/soc_verification_lib/sv_cb_ex_lib/apb_subsystem/sv/apb_subsystem_config.sv [21 ms, 87 lines, SystemVerilog_2012] ...
Loading (222) /home/alexandru.madalin.vasilescu/dvt_predefined_projects_target/uvm_ref_flow_1.1/soc_verification_lib/sv_cb_ex_lib/apb_subsystem/sv/apb_subsystem_scoreboard.sv ...
Done /home/alexandru.madalin.vasilescu/dvt_predefined_projects_target/uvm_ref_flow_1.1/soc_verification_lib/sv_cb_ex_lib/apb_subsystem/sv/apb_subsystem_scoreboard.sv [11 ms, 128 lines, SystemVerilog_2012] ...
Loading (223) /home/alexandru.madalin.vasilescu/dvt_predefined_projects_target/uvm_ref_flow_1.1/soc_verification_lib/sv_cb_ex_lib/apb_subsystem/sv/apb_subsystem_monitor.sv ...
Done /home/alexandru.madalin.vasilescu/dvt_predefined_projects_target/uvm_ref_flow_1.1/soc_verification_lib/sv_cb_ex_lib/apb_subsystem/sv/apb_subsystem_monitor.sv [2 ms, 64 lines, SystemVerilog_2012] ...
Loading (224) /home/alexandru.madalin.vasilescu/dvt_predefined_projects_target/uvm_ref_flow_1.1/soc_verification_lib/sv_cb_ex_lib/apb_subsystem/sv/apb_subsystem_env.sv ...
Done /home/alexandru.madalin.vasilescu/dvt_predefined_projects_target/uvm_ref_flow_1.1/soc_verification_lib/sv_cb_ex_lib/apb_subsystem/sv/apb_subsystem_env.sv [45 ms, 158 lines, SystemVerilog_2012] ...
Done /home/alexandru.madalin.vasilescu/dvt_predefined_projects_target/uvm_ref_flow_1.1/soc_verification_lib/sv_cb_ex_lib/apb_subsystem/sv/apb_subsystem_pkg.sv [53 ms, 53 lines, SystemVerilog_2012] ...
Loading (225) /home/alexandru.madalin.vasilescu/dvt_predefined_projects_target/uvm_ref_flow_1.1/soc_verification_lib/sv_cb_ex_lib/apb_subsystem/tb/sv/apb_subsystem_top.sv ...
Loading (226) /home/alexandru.madalin.vasilescu/dvt_predefined_projects_target/uvm_ref_flow_1.1/soc_verification_lib/sv_cb_ex_lib/interface_uvc_lib/ahb/sv/ahb_if.sv ...
Done /home/alexandru.madalin.vasilescu/dvt_predefined_projects_target/uvm_ref_flow_1.1/soc_verification_lib/sv_cb_ex_lib/interface_uvc_lib/ahb/sv/ahb_if.sv [19 ms, 95 lines, SystemVerilog_2012] ...
Loading (227) /home/alexandru.madalin.vasilescu/dvt_predefined_projects_target/uvm_ref_flow_1.1/soc_verification_lib/sv_cb_ex_lib/interface_uvc_lib/apb/sv/apb_if.sv ...
Done /home/alexandru.madalin.vasilescu/dvt_predefined_projects_target/uvm_ref_flow_1.1/soc_verification_lib/sv_cb_ex_lib/interface_uvc_lib/apb/sv/apb_if.sv [3 ms, 111 lines, SystemVerilog_2012] ...
Loading (228) /home/alexandru.madalin.vasilescu/dvt_predefined_projects_target/uvm_ref_flow_1.1/soc_verification_lib/sv_cb_ex_lib/interface_uvc_lib/apb/sv/apb_master_if.sv ...
Done /home/alexandru.madalin.vasilescu/dvt_predefined_projects_target/uvm_ref_flow_1.1/soc_verification_lib/sv_cb_ex_lib/interface_uvc_lib/apb/sv/apb_master_if.sv [5 ms, 96 lines, SystemVerilog_2012] ...
Loading (229) /home/alexandru.madalin.vasilescu/dvt_predefined_projects_target/uvm_ref_flow_1.1/soc_verification_lib/sv_cb_ex_lib/interface_uvc_lib/apb/sv/apb_slave_if.sv ...
Done /home/alexandru.madalin.vasilescu/dvt_predefined_projects_target/uvm_ref_flow_1.1/soc_verification_lib/sv_cb_ex_lib/interface_uvc_lib/apb/sv/apb_slave_if.sv [2 ms, 87 lines, SystemVerilog_2012] ...
Loading (230) /home/alexandru.madalin.vasilescu/dvt_predefined_projects_target/uvm_ref_flow_1.1/soc_verification_lib/sv_cb_ex_lib/interface_uvc_lib/uart/sv/uart_if.sv ...
Done /home/alexandru.madalin.vasilescu/dvt_predefined_projects_target/uvm_ref_flow_1.1/soc_verification_lib/sv_cb_ex_lib/interface_uvc_lib/uart/sv/uart_if.sv [2 ms, 60 lines, SystemVerilog_2012] ...
Loading (231) /home/alexandru.madalin.vasilescu/dvt_predefined_projects_target/uvm_ref_flow_1.1/soc_verification_lib/sv_cb_ex_lib/interface_uvc_lib/spi/sv/spi_if.sv ...
Done /home/alexandru.madalin.vasilescu/dvt_predefined_projects_target/uvm_ref_flow_1.1/soc_verification_lib/sv_cb_ex_lib/interface_uvc_lib/spi/sv/spi_if.sv [3 ms, 80 lines, SystemVerilog_2012] ...
Loading (232) /home/alexandru.madalin.vasilescu/dvt_predefined_projects_target/uvm_ref_flow_1.1/soc_verification_lib/sv_cb_ex_lib/interface_uvc_lib/gpio/sv/gpio_if.sv ...
Done /home/alexandru.madalin.vasilescu/dvt_predefined_projects_target/uvm_ref_flow_1.1/soc_verification_lib/sv_cb_ex_lib/interface_uvc_lib/gpio/sv/gpio_if.sv [3 ms, 63 lines, SystemVerilog_2012] ...
Loading (233) /home/alexandru.madalin.vasilescu/dvt_predefined_projects_target/uvm_ref_flow_1.1/soc_verification_lib/sv_cb_ex_lib/uart_ctrl/sv/coverage/uart_ctrl_internal_if.sv ...
Done /home/alexandru.madalin.vasilescu/dvt_predefined_projects_target/uvm_ref_flow_1.1/soc_verification_lib/sv_cb_ex_lib/uart_ctrl/sv/coverage/uart_ctrl_internal_if.sv [0 ms, 18 lines, SystemVerilog_2012] ...
Loading (234) /home/alexandru.madalin.vasilescu/dvt_predefined_projects_target/uvm_ref_flow_1.1/soc_verification_lib/sv_cb_ex_lib/apb_subsystem/sv/spi_reg_model.sv ...
Done /home/alexandru.madalin.vasilescu/dvt_predefined_projects_target/uvm_ref_flow_1.1/soc_verification_lib/sv_cb_ex_lib/apb_subsystem/sv/spi_reg_model.sv [74 ms, 207 lines, SystemVerilog_2012] ...
Loading (235) /home/alexandru.madalin.vasilescu/dvt_predefined_projects_target/uvm_ref_flow_1.1/soc_verification_lib/sv_cb_ex_lib/apb_subsystem/sv/gpio_reg_model.sv ...
Done /home/alexandru.madalin.vasilescu/dvt_predefined_projects_target/uvm_ref_flow_1.1/soc_verification_lib/sv_cb_ex_lib/apb_subsystem/sv/gpio_reg_model.sv [49 ms, 253 lines, SystemVerilog_2012] ...
Loading (236) /home/alexandru.madalin.vasilescu/dvt_predefined_projects_target/uvm_ref_flow_1.1/soc_verification_lib/sv_cb_ex_lib/apb_subsystem/sv/apb_subsystem_reg_rdb.sv ...
Done /home/alexandru.madalin.vasilescu/dvt_predefined_projects_target/uvm_ref_flow_1.1/soc_verification_lib/sv_cb_ex_lib/apb_subsystem/sv/apb_subsystem_reg_rdb.sv [8 ms, 92 lines, SystemVerilog_2012] ...
Loading (237) /home/alexandru.madalin.vasilescu/dvt_predefined_projects_target/uvm_ref_flow_1.1/soc_verification_lib/sv_cb_ex_lib/uart_ctrl/sv/sequence_lib/uart_ctrl_reg_seq_lib.sv ...
Done /home/alexandru.madalin.vasilescu/dvt_predefined_projects_target/uvm_ref_flow_1.1/soc_verification_lib/sv_cb_ex_lib/uart_ctrl/sv/sequence_lib/uart_ctrl_reg_seq_lib.sv [36 ms, 166 lines, SystemVerilog_2012] ...
Loading (238) /home/alexandru.madalin.vasilescu/dvt_predefined_projects_target/uvm_ref_flow_1.1/soc_verification_lib/sv_cb_ex_lib/apb_subsystem/sv/sequence_lib/spi_reg_seq_lib.sv ...
Done /home/alexandru.madalin.vasilescu/dvt_predefined_projects_target/uvm_ref_flow_1.1/soc_verification_lib/sv_cb_ex_lib/apb_subsystem/sv/sequence_lib/spi_reg_seq_lib.sv [11 ms, 79 lines, SystemVerilog_2012] ...
Loading (239) /home/alexandru.madalin.vasilescu/dvt_predefined_projects_target/uvm_ref_flow_1.1/soc_verification_lib/sv_cb_ex_lib/apb_subsystem/sv/sequence_lib/gpio_reg_seq_lib.sv ...
Done /home/alexandru.madalin.vasilescu/dvt_predefined_projects_target/uvm_ref_flow_1.1/soc_verification_lib/sv_cb_ex_lib/apb_subsystem/sv/sequence_lib/gpio_reg_seq_lib.sv [8 ms, 65 lines, SystemVerilog_2012] ...
Loading (240) /home/alexandru.madalin.vasilescu/dvt_predefined_projects_target/uvm_ref_flow_1.1/soc_verification_lib/sv_cb_ex_lib/apb_subsystem/sv/ahb_user_monitor.sv ...
Done /home/alexandru.madalin.vasilescu/dvt_predefined_projects_target/uvm_ref_flow_1.1/soc_verification_lib/sv_cb_ex_lib/apb_subsystem/sv/ahb_user_monitor.sv [6 ms, 64 lines, SystemVerilog_2012] ...
Loading (241) /home/alexandru.madalin.vasilescu/dvt_predefined_projects_target/uvm_ref_flow_1.1/soc_verification_lib/sv_cb_ex_lib/apb_subsystem/sv/sequence_lib/apb_subsystem_seq_lib.sv ...
Done /home/alexandru.madalin.vasilescu/dvt_predefined_projects_target/uvm_ref_flow_1.1/soc_verification_lib/sv_cb_ex_lib/apb_subsystem/sv/sequence_lib/apb_subsystem_seq_lib.sv [72 ms, 257 lines, SystemVerilog_2012] ...
Loading (242) /home/alexandru.madalin.vasilescu/dvt_predefined_projects_target/uvm_ref_flow_1.1/soc_verification_lib/sv_cb_ex_lib/apb_subsystem/sv/apb_subsystem_vir_sequencer.sv ...
Done /home/alexandru.madalin.vasilescu/dvt_predefined_projects_target/uvm_ref_flow_1.1/soc_verification_lib/sv_cb_ex_lib/apb_subsystem/sv/apb_subsystem_vir_sequencer.sv [11 ms, 46 lines, SystemVerilog_2012] ...
Loading (243) /home/alexandru.madalin.vasilescu/dvt_predefined_projects_target/uvm_ref_flow_1.1/soc_verification_lib/sv_cb_ex_lib/apb_subsystem/sv/sequence_lib/apb_subsystem_vir_seq_lib.sv ...
Done /home/alexandru.madalin.vasilescu/dvt_predefined_projects_target/uvm_ref_flow_1.1/soc_verification_lib/sv_cb_ex_lib/apb_subsystem/sv/sequence_lib/apb_subsystem_vir_seq_lib.sv [152 ms, 489 lines, SystemVerilog_2012] ...
Loading (244) /home/alexandru.madalin.vasilescu/dvt_predefined_projects_target/uvm_ref_flow_1.1/soc_verification_lib/sv_cb_ex_lib/apb_subsystem/tb/sv/apb_subsystem_tb.sv ...
Done /home/alexandru.madalin.vasilescu/dvt_predefined_projects_target/uvm_ref_flow_1.1/soc_verification_lib/sv_cb_ex_lib/apb_subsystem/tb/sv/apb_subsystem_tb.sv [49 ms, 223 lines, SystemVerilog_2012] ...
Loading (245) /home/alexandru.madalin.vasilescu/dvt_predefined_projects_target/uvm_ref_flow_1.1/soc_verification_lib/sv_cb_ex_lib/apb_subsystem/tb/tests/test_lib.sv ...
Loading (246) /home/alexandru.madalin.vasilescu/dvt_predefined_projects_target/uvm_ref_flow_1.1/soc_verification_lib/sv_cb_ex_lib/apb_subsystem/tb/tests/apb_uart_simple_test.sv ...
Done /home/alexandru.madalin.vasilescu/dvt_predefined_projects_target/uvm_ref_flow_1.1/soc_verification_lib/sv_cb_ex_lib/apb_subsystem/tb/tests/apb_uart_simple_test.sv [3 ms, 49 lines, SystemVerilog_2012] ...
Loading (247) /home/alexandru.madalin.vasilescu/dvt_predefined_projects_target/uvm_ref_flow_1.1/soc_verification_lib/sv_cb_ex_lib/apb_subsystem/tb/tests/apb_spi_simple_test.sv ...
Done /home/alexandru.madalin.vasilescu/dvt_predefined_projects_target/uvm_ref_flow_1.1/soc_verification_lib/sv_cb_ex_lib/apb_subsystem/tb/tests/apb_spi_simple_test.sv [4 ms, 48 lines, SystemVerilog_2012] ...
Loading (248) /home/alexandru.madalin.vasilescu/dvt_predefined_projects_target/uvm_ref_flow_1.1/soc_verification_lib/sv_cb_ex_lib/apb_subsystem/tb/tests/apb_gpio_simple_test.sv ...
Done /home/alexandru.madalin.vasilescu/dvt_predefined_projects_target/uvm_ref_flow_1.1/soc_verification_lib/sv_cb_ex_lib/apb_subsystem/tb/tests/apb_gpio_simple_test.sv [4 ms, 49 lines, SystemVerilog_2012] ...
Loading (249) /home/alexandru.madalin.vasilescu/dvt_predefined_projects_target/uvm_ref_flow_1.1/soc_verification_lib/sv_cb_ex_lib/apb_subsystem/tb/tests/apb_subsystem_test.sv ...
Done /home/alexandru.madalin.vasilescu/dvt_predefined_projects_target/uvm_ref_flow_1.1/soc_verification_lib/sv_cb_ex_lib/apb_subsystem/tb/tests/apb_subsystem_test.sv [4 ms, 49 lines, SystemVerilog_2012] ...
Loading (250) /home/alexandru.madalin.vasilescu/dvt_predefined_projects_target/uvm_ref_flow_1.1/soc_verification_lib/sv_cb_ex_lib/apb_subsystem/tb/tests/apb_subsystem_lp_test.sv ...
Done /home/alexandru.madalin.vasilescu/dvt_predefined_projects_target/uvm_ref_flow_1.1/soc_verification_lib/sv_cb_ex_lib/apb_subsystem/tb/tests/apb_subsystem_lp_test.sv [5 ms, 48 lines, SystemVerilog_2012] ...
Loading (251) /home/alexandru.madalin.vasilescu/dvt_predefined_projects_target/uvm_ref_flow_1.1/soc_verification_lib/sv_cb_ex_lib/apb_subsystem/tb/tests/lp_shutdown_urt1.sv ...
Done /home/alexandru.madalin.vasilescu/dvt_predefined_projects_target/uvm_ref_flow_1.1/soc_verification_lib/sv_cb_ex_lib/apb_subsystem/tb/tests/lp_shutdown_urt1.sv [4 ms, 48 lines, SystemVerilog_2012] ...
Done /home/alexandru.madalin.vasilescu/dvt_predefined_projects_target/uvm_ref_flow_1.1/soc_verification_lib/sv_cb_ex_lib/apb_subsystem/tb/tests/test_lib.sv [4 ms, 34 lines, SystemVerilog_2012] ...
Done /home/alexandru.madalin.vasilescu/dvt_predefined_projects_target/uvm_ref_flow_1.1/soc_verification_lib/sv_cb_ex_lib/apb_subsystem/tb/sv/apb_subsystem_top.sv [109 ms, 429 lines, SystemVerilog_2012] ...
Loading (252) /home/alexandru.madalin.vasilescu/dvt_predefined_projects_target/uvm_ref_flow_1.1/designs/socv/rtl/rtl_lpw/misc/rtl/generic_sram_bit.v ...
Done /home/alexandru.madalin.vasilescu/dvt_predefined_projects_target/uvm_ref_flow_1.1/designs/socv/rtl/rtl_lpw/misc/rtl/generic_sram_bit.v [11 ms, 116 lines, Verilog_2001] ...
Loading (253) /home/alexandru.madalin.vasilescu/dvt_predefined_projects_target/uvm_ref_flow_1.1/designs/socv/rtl/rtl_lpw/wb_to_ahb/rtl/wb2ahb.v ...
Done /home/alexandru.madalin.vasilescu/dvt_predefined_projects_target/uvm_ref_flow_1.1/designs/socv/rtl/rtl_lpw/wb_to_ahb/rtl/wb2ahb.v [15 ms, 242 lines, Verilog_2001] ...
Loading (254) /home/alexandru.madalin.vasilescu/dvt_predefined_projects_target/uvm_ref_flow_1.1/designs/socv/rtl/rtl_lpw/socv/rtl/socv.v ...
Done /home/alexandru.madalin.vasilescu/dvt_predefined_projects_target/uvm_ref_flow_1.1/designs/socv/rtl/rtl_lpw/socv/rtl/socv.v [75 ms, 2089 lines, Verilog_2001] ...
Loading (255) /home/alexandru.madalin.vasilescu/dvt_predefined_projects_target/uvm_ref_flow_1.1/designs/socv/rtl/rtl_lpw/padframe/rtl/pad_models.v ...
Done /home/alexandru.madalin.vasilescu/dvt_predefined_projects_target/uvm_ref_flow_1.1/designs/socv/rtl/rtl_lpw/padframe/rtl/pad_models.v [6 ms, 80 lines, Verilog_2001] ...
Loading (256) /home/alexandru.madalin.vasilescu/dvt_predefined_projects_target/uvm_ref_flow_1.1/designs/socv/rtl/rtl_lpw/padframe/rtl/dummy_analog_pad.v ...
Done /home/alexandru.madalin.vasilescu/dvt_predefined_projects_target/uvm_ref_flow_1.1/designs/socv/rtl/rtl_lpw/padframe/rtl/dummy_analog_pad.v [1 ms, 31 lines, Verilog_2001] ...
Loading (257) /home/alexandru.madalin.vasilescu/dvt_predefined_projects_target/uvm_ref_flow_1.1/designs/socv/rtl/rtl_lpw/padframe/rtl/padframe.v ...
Optimizing (258) /home/alexandru.madalin.vasilescu/dvt_predefined_projects_target/uvm_ref_flow_1.1/designs/socv/rtl/rtl_lpw/opencores/spi/rtl/spi_defines.v ...
Done /home/alexandru.madalin.vasilescu/dvt_predefined_projects_target/uvm_ref_flow_1.1/designs/socv/rtl/rtl_lpw/padframe/rtl/padframe.v [25 ms, 797 lines, Verilog_2001] ...
Loading (259) /home/alexandru.madalin.vasilescu/dvt_predefined_projects_target/uvm_ref_flow_1.1/designs/socv/rtl/rtl_lpw/padframe/rtl/lvds_beh.v ...
Done /home/alexandru.madalin.vasilescu/dvt_predefined_projects_target/uvm_ref_flow_1.1/designs/socv/rtl/rtl_lpw/padframe/rtl/lvds_beh.v [5 ms, 128 lines, Verilog_2001] ...
Loading (260) /home/alexandru.madalin.vasilescu/dvt_predefined_projects_target/uvm_ref_flow_1.1/designs/socv/rtl/rtl_lpw/cdn_busmatrix/arbiter.v ...
Loading (261) /home/alexandru.madalin.vasilescu/dvt_predefined_projects_target/uvm_ref_flow_1.1/designs/socv/rtl/rtl_lpw/socv/rtl/bm_defs.v ...
Done /home/alexandru.madalin.vasilescu/dvt_predefined_projects_target/uvm_ref_flow_1.1/designs/socv/rtl/rtl_lpw/socv/rtl/bm_defs.v [0 ms, 94 lines, Verilog_2001] ...
Done /home/alexandru.madalin.vasilescu/dvt_predefined_projects_target/uvm_ref_flow_1.1/designs/socv/rtl/rtl_lpw/cdn_busmatrix/arbiter.v [4 ms, 103 lines, Verilog_2001] ...
Loading (262) /home/alexandru.madalin.vasilescu/dvt_predefined_projects_target/uvm_ref_flow_1.1/designs/socv/rtl/rtl_lpw/cdn_busmatrix/busmatrix.v ...
Optimizing (263) /home/alexandru.madalin.vasilescu/dvt_predefined_projects_target/uvm_ref_flow_1.1/designs/socv/rtl/rtl_lpw/socv/rtl/bm_defs.v ...
Loading (264) /home/alexandru.madalin.vasilescu/dvt_predefined_projects_target/uvm_ref_flow_1.1/designs/socv/rtl/rtl_lpw/socv/rtl/bm_params.v ...
Done /home/alexandru.madalin.vasilescu/dvt_predefined_projects_target/uvm_ref_flow_1.1/designs/socv/rtl/rtl_lpw/socv/rtl/bm_params.v [2 ms, 68 lines, Verilog_2001] ...
Done /home/alexandru.madalin.vasilescu/dvt_predefined_projects_target/uvm_ref_flow_1.1/designs/socv/rtl/rtl_lpw/cdn_busmatrix/busmatrix.v [68 ms, 3458 lines, Verilog_2001] ...
Loading (265) /home/alexandru.madalin.vasilescu/dvt_predefined_projects_target/uvm_ref_flow_1.1/designs/socv/rtl/rtl_lpw/cdn_busmatrix/master_if.v ...
Optimizing (266) /home/alexandru.madalin.vasilescu/dvt_predefined_projects_target/uvm_ref_flow_1.1/designs/socv/rtl/rtl_lpw/socv/rtl/bm_defs.v ...
Done /home/alexandru.madalin.vasilescu/dvt_predefined_projects_target/uvm_ref_flow_1.1/designs/socv/rtl/rtl_lpw/cdn_busmatrix/master_if.v [41 ms, 515 lines, Verilog_2001] ...
Loading (267) /home/alexandru.madalin.vasilescu/dvt_predefined_projects_target/uvm_ref_flow_1.1/designs/socv/rtl/rtl_lpw/cdn_busmatrix/multiplexer.v ...
Done /home/alexandru.madalin.vasilescu/dvt_predefined_projects_target/uvm_ref_flow_1.1/designs/socv/rtl/rtl_lpw/cdn_busmatrix/multiplexer.v [25 ms, 169 lines, Verilog_2001] ...
Loading (268) /home/alexandru.madalin.vasilescu/dvt_predefined_projects_target/uvm_ref_flow_1.1/designs/socv/rtl/rtl_lpw/cdn_busmatrix/req_register.v ...
Optimizing (269) /home/alexandru.madalin.vasilescu/dvt_predefined_projects_target/uvm_ref_flow_1.1/designs/socv/rtl/rtl_lpw/socv/rtl/bm_defs.v ...
Loading (270) /home/alexandru.madalin.vasilescu/dvt_predefined_projects_target/uvm_ref_flow_1.1/designs/socv/rtl/rtl_lpw/socv/rtl/bm_params.v ...
Done /home/alexandru.madalin.vasilescu/dvt_predefined_projects_target/uvm_ref_flow_1.1/designs/socv/rtl/rtl_lpw/socv/rtl/bm_params.v [9 ms, 68 lines, Verilog_2001] ...
Done /home/alexandru.madalin.vasilescu/dvt_predefined_projects_target/uvm_ref_flow_1.1/designs/socv/rtl/rtl_lpw/cdn_busmatrix/req_register.v [21 ms, 350 lines, Verilog_2001] ...
Loading (271) /home/alexandru.madalin.vasilescu/dvt_predefined_projects_target/uvm_ref_flow_1.1/designs/socv/rtl/rtl_lpw/cdn_busmatrix/slave_if.v ...
Optimizing (272) /home/alexandru.madalin.vasilescu/dvt_predefined_projects_target/uvm_ref_flow_1.1/designs/socv/rtl/rtl_lpw/socv/rtl/bm_defs.v ...
Done /home/alexandru.madalin.vasilescu/dvt_predefined_projects_target/uvm_ref_flow_1.1/designs/socv/rtl/rtl_lpw/cdn_busmatrix/slave_if.v [19 ms, 407 lines, Verilog_2001] ...
Loading (273) /home/alexandru.madalin.vasilescu/dvt_predefined_projects_target/uvm_ref_flow_1.1/designs/socv/rtl/rtl_lpw/rom_subsystem/rtl/rom_response_gen.v ...
Done /home/alexandru.madalin.vasilescu/dvt_predefined_projects_target/uvm_ref_flow_1.1/designs/socv/rtl/rtl_lpw/rom_subsystem/rtl/rom_response_gen.v [4 ms, 117 lines, Verilog_2001] ...
Loading (274) /home/alexandru.madalin.vasilescu/dvt_predefined_projects_target/uvm_ref_flow_1.1/designs/socv/rtl/rtl_lpw/rom_subsystem/rtl/rom_subsystem.v ...
Done /home/alexandru.madalin.vasilescu/dvt_predefined_projects_target/uvm_ref_flow_1.1/designs/socv/rtl/rtl_lpw/rom_subsystem/rtl/rom_subsystem.v [4 ms, 154 lines, Verilog_2001] ...
Loading (275) /home/alexandru.madalin.vasilescu/dvt_predefined_projects_target/uvm_ref_flow_1.1/designs/socv/rtl/rtl_lpw/mem_wrap/rtl/ROM_SP_512x32_wrap.v ...
Done /home/alexandru.madalin.vasilescu/dvt_predefined_projects_target/uvm_ref_flow_1.1/designs/socv/rtl/rtl_lpw/mem_wrap/rtl/ROM_SP_512x32_wrap.v [2 ms, 58 lines, Verilog_2001] ...
Loading (276) /home/alexandru.madalin.vasilescu/dvt_predefined_projects_target/uvm_ref_flow_1.1/designs/socv/rtl/rtl_lpw/misc/rtl/generic_sram.v ...
Done /home/alexandru.madalin.vasilescu/dvt_predefined_projects_target/uvm_ref_flow_1.1/designs/socv/rtl/rtl_lpw/misc/rtl/generic_sram.v [4 ms, 113 lines, Verilog_2001] ...
Loading (277) /home/alexandru.madalin.vasilescu/dvt_predefined_projects_target/uvm_ref_flow_1.1/designs/socv/rtl/rtl_lpw/sram_subsystem/rtl/sram_subsystem.v ...
Done /home/alexandru.madalin.vasilescu/dvt_predefined_projects_target/uvm_ref_flow_1.1/designs/socv/rtl/rtl_lpw/sram_subsystem/rtl/sram_subsystem.v [14 ms, 387 lines, Verilog_2001] ...
Loading (278) /home/alexandru.madalin.vasilescu/dvt_predefined_projects_target/uvm_ref_flow_1.1/designs/socv/rtl/rtl_lpw/sram_subsystem/rtl/insn_sram_subsystem.v ...
Done /home/alexandru.madalin.vasilescu/dvt_predefined_projects_target/uvm_ref_flow_1.1/designs/socv/rtl/rtl_lpw/sram_subsystem/rtl/insn_sram_subsystem.v [10 ms, 272 lines, Verilog_2001] ...
Loading (279) /home/alexandru.madalin.vasilescu/dvt_predefined_projects_target/uvm_ref_flow_1.1/designs/socv/rtl/rtl_lpw/sram_subsystem/rtl/en_gen.v ...
Done /home/alexandru.madalin.vasilescu/dvt_predefined_projects_target/uvm_ref_flow_1.1/designs/socv/rtl/rtl_lpw/sram_subsystem/rtl/en_gen.v [6 ms, 103 lines, Verilog_2001] ...
Loading (280) /home/alexandru.madalin.vasilescu/dvt_predefined_projects_target/uvm_ref_flow_1.1/designs/socv/rtl/rtl_lpw/sram_subsystem/rtl/sram_response_gen.v ...
Done /home/alexandru.madalin.vasilescu/dvt_predefined_projects_target/uvm_ref_flow_1.1/designs/socv/rtl/rtl_lpw/sram_subsystem/rtl/sram_response_gen.v [5 ms, 141 lines, Verilog_2001] ...
Loading (281) /home/alexandru.madalin.vasilescu/dvt_predefined_projects_target/uvm_ref_flow_1.1/designs/socv/rtl/rtl_lpw/sram_subsystem/rtl/generic_sram_128k_wrapper.v ...
Done /home/alexandru.madalin.vasilescu/dvt_predefined_projects_target/uvm_ref_flow_1.1/designs/socv/rtl/rtl_lpw/sram_subsystem/rtl/generic_sram_128k_wrapper.v [3 ms, 62 lines, Verilog_2001] ...
Loading (282) /home/alexandru.madalin.vasilescu/dvt_predefined_projects_target/uvm_ref_flow_1.1/designs/socv/rtl/rtl_lpw/sram_subsystem/rtl/generic_sram_32k_wrapper.v ...
Done /home/alexandru.madalin.vasilescu/dvt_predefined_projects_target/uvm_ref_flow_1.1/designs/socv/rtl/rtl_lpw/sram_subsystem/rtl/generic_sram_32k_wrapper.v [3 ms, 79 lines, Verilog_2001] ...
Loading (283) /home/alexandru.madalin.vasilescu/dvt_predefined_projects_target/uvm_ref_flow_1.1/designs/socv/rtl/rtl_lpw/apb_subsystem/rtl/apb_subsystem_0.v ...
Done /home/alexandru.madalin.vasilescu/dvt_predefined_projects_target/uvm_ref_flow_1.1/designs/socv/rtl/rtl_lpw/apb_subsystem/rtl/apb_subsystem_0.v [29 ms, 1228 lines, Verilog_2001] ...
Loading (284) /home/alexandru.madalin.vasilescu/dvt_predefined_projects_target/uvm_ref_flow_1.1/designs/socv/rtl/rtl_lpw/apb_subsystem/rtl/apb_subsystem_1.v ...
Done /home/alexandru.madalin.vasilescu/dvt_predefined_projects_target/uvm_ref_flow_1.1/designs/socv/rtl/rtl_lpw/apb_subsystem/rtl/apb_subsystem_1.v [7 ms, 307 lines, Verilog_2001] ...
Loading (285) /home/alexandru.madalin.vasilescu/dvt_predefined_projects_target/uvm_ref_flow_1.1/designs/socv/rtl/rtl_lpw/apb_subsystem/rtl/alut_veneer.v ...
Done /home/alexandru.madalin.vasilescu/dvt_predefined_projects_target/uvm_ref_flow_1.1/designs/socv/rtl/rtl_lpw/apb_subsystem/rtl/alut_veneer.v [3 ms, 93 lines, Verilog_2001] ...
Loading (286) /home/alexandru.madalin.vasilescu/dvt_predefined_projects_target/uvm_ref_flow_1.1/designs/socv/rtl/rtl_lpw/apb_subsystem/rtl/gpio_veneer.v ...
Done /home/alexandru.madalin.vasilescu/dvt_predefined_projects_target/uvm_ref_flow_1.1/designs/socv/rtl/rtl_lpw/apb_subsystem/rtl/gpio_veneer.v [3 ms, 179 lines, Verilog_2001] ...
Loading (287) /home/alexandru.madalin.vasilescu/dvt_predefined_projects_target/uvm_ref_flow_1.1/designs/socv/rtl/rtl_lpw/apb_subsystem/rtl/ttc_veneer.v ...
Done /home/alexandru.madalin.vasilescu/dvt_predefined_projects_target/uvm_ref_flow_1.1/designs/socv/rtl/rtl_lpw/apb_subsystem/rtl/ttc_veneer.v [2 ms, 112 lines, Verilog_2001] ...
Loading (288) /home/alexandru.madalin.vasilescu/dvt_predefined_projects_target/uvm_ref_flow_1.1/designs/socv/rtl/rtl_lpw/apb_subsystem/rtl/smc_veneer.v ...
Loading (289) /home/alexandru.madalin.vasilescu/dvt_predefined_projects_target/uvm_ref_flow_1.1/designs/socv/rtl/rtl_lpw/smc/rtl/smc_defs_lite.v ...
Done /home/alexandru.madalin.vasilescu/dvt_predefined_projects_target/uvm_ref_flow_1.1/designs/socv/rtl/rtl_lpw/smc/rtl/smc_defs_lite.v [0 ms, 67 lines, Verilog_2001] ...
Done /home/alexandru.madalin.vasilescu/dvt_predefined_projects_target/uvm_ref_flow_1.1/designs/socv/rtl/rtl_lpw/apb_subsystem/rtl/smc_veneer.v [5 ms, 252 lines, Verilog_2001] ...
Loading (290) /home/alexandru.madalin.vasilescu/dvt_predefined_projects_target/uvm_ref_flow_1.1/designs/socv/rtl/rtl_lpw/apb_subsystem/rtl/power_ctrl_veneer.v ...
Done /home/alexandru.madalin.vasilescu/dvt_predefined_projects_target/uvm_ref_flow_1.1/designs/socv/rtl/rtl_lpw/apb_subsystem/rtl/power_ctrl_veneer.v [9 ms, 460 lines, Verilog_2001] ...
Loading (291) /home/alexandru.madalin.vasilescu/dvt_predefined_projects_target/uvm_ref_flow_1.1/designs/socv/rtl/rtl_lpw/ahb2apb/rtl/ahb2apb.v ...
Loading (292) /home/alexandru.madalin.vasilescu/dvt_predefined_projects_target/uvm_ref_flow_1.1/designs/socv/rtl/rtl_lpw/ahb2apb/rtl/ahb2apb_defines.v ...
Done /home/alexandru.madalin.vasilescu/dvt_predefined_projects_target/uvm_ref_flow_1.1/designs/socv/rtl/rtl_lpw/ahb2apb/rtl/ahb2apb_defines.v [0 ms, 35 lines, Verilog_2001] ...
Done /home/alexandru.madalin.vasilescu/dvt_predefined_projects_target/uvm_ref_flow_1.1/designs/socv/rtl/rtl_lpw/ahb2apb/rtl/ahb2apb.v [16 ms, 709 lines, Verilog_2001] ...
Loading (293) /home/alexandru.madalin.vasilescu/dvt_predefined_projects_target/uvm_ref_flow_1.1/designs/socv/rtl/rtl_lpw/alut/rtl/alut_reg_bank.v ...
Loading (294) /home/alexandru.madalin.vasilescu/dvt_predefined_projects_target/uvm_ref_flow_1.1/designs/socv/rtl/rtl_lpw/alut/rtl/alut_defines.v ...
Done /home/alexandru.madalin.vasilescu/dvt_predefined_projects_target/uvm_ref_flow_1.1/designs/socv/rtl/rtl_lpw/alut/rtl/alut_defines.v [0 ms, 42 lines, Verilog_2001] ...
Done /home/alexandru.madalin.vasilescu/dvt_predefined_projects_target/uvm_ref_flow_1.1/designs/socv/rtl/rtl_lpw/alut/rtl/alut_reg_bank.v [14 ms, 386 lines, Verilog_2001] ...
Loading (295) /home/alexandru.madalin.vasilescu/dvt_predefined_projects_target/uvm_ref_flow_1.1/designs/socv/rtl/rtl_lpw/alut/rtl/alut_addr_checker.v ...
Optimizing (296) /home/alexandru.madalin.vasilescu/dvt_predefined_projects_target/uvm_ref_flow_1.1/designs/socv/rtl/rtl_lpw/alut/rtl/alut_defines.v ...
Done /home/alexandru.madalin.vasilescu/dvt_predefined_projects_target/uvm_ref_flow_1.1/designs/socv/rtl/rtl_lpw/alut/rtl/alut_addr_checker.v [11 ms, 369 lines, Verilog_2001] ...
Loading (297) /home/alexandru.madalin.vasilescu/dvt_predefined_projects_target/uvm_ref_flow_1.1/designs/socv/rtl/rtl_lpw/alut/rtl/alut_mem.v ...
Done /home/alexandru.madalin.vasilescu/dvt_predefined_projects_target/uvm_ref_flow_1.1/designs/socv/rtl/rtl_lpw/alut/rtl/alut_mem.v [5 ms, 84 lines, Verilog_2001] ...
Loading (298) /home/alexandru.madalin.vasilescu/dvt_predefined_projects_target/uvm_ref_flow_1.1/designs/socv/rtl/rtl_lpw/alut/rtl/alut_age_checker.v ...
Done /home/alexandru.madalin.vasilescu/dvt_predefined_projects_target/uvm_ref_flow_1.1/designs/socv/rtl/rtl_lpw/alut/rtl/alut_age_checker.v [10 ms, 331 lines, Verilog_2001] ...
Loading (299) /home/alexandru.madalin.vasilescu/dvt_predefined_projects_target/uvm_ref_flow_1.1/designs/socv/rtl/rtl_lpw/alut/rtl/alut.v ...
Done /home/alexandru.madalin.vasilescu/dvt_predefined_projects_target/uvm_ref_flow_1.1/designs/socv/rtl/rtl_lpw/alut/rtl/alut.v [7 ms, 224 lines, Verilog_2001] ...
Loading (300) /home/alexandru.madalin.vasilescu/dvt_predefined_projects_target/uvm_ref_flow_1.1/designs/socv/rtl/rtl_lpw/opencores/spi/rtl/spi_clgen.v ...
Optimizing (301) /home/alexandru.madalin.vasilescu/dvt_predefined_projects_target/uvm_ref_flow_1.1/designs/socv/rtl/rtl_lpw/opencores/spi/rtl/spi_defines.v ...
Loading (302) /home/alexandru.madalin.vasilescu/dvt_predefined_projects_target/uvm_ref_flow_1.1/designs/socv/rtl/rtl_lpw/opencores/spi/rtl/timescale.v ...
Done /home/alexandru.madalin.vasilescu/dvt_predefined_projects_target/uvm_ref_flow_1.1/designs/socv/rtl/rtl_lpw/opencores/spi/rtl/timescale.v [0 ms, 3 lines, Verilog_2001] ...
Done /home/alexandru.madalin.vasilescu/dvt_predefined_projects_target/uvm_ref_flow_1.1/designs/socv/rtl/rtl_lpw/opencores/spi/rtl/spi_clgen.v [6 ms, 109 lines, Verilog_2001] ...
Loading (303) /home/alexandru.madalin.vasilescu/dvt_predefined_projects_target/uvm_ref_flow_1.1/designs/socv/rtl/rtl_lpw/opencores/spi/rtl/spi_shift.v ...
Optimizing (304) /home/alexandru.madalin.vasilescu/dvt_predefined_projects_target/uvm_ref_flow_1.1/designs/socv/rtl/rtl_lpw/opencores/spi/rtl/spi_defines.v ...
Loading (305) /home/alexandru.madalin.vasilescu/dvt_predefined_projects_target/uvm_ref_flow_1.1/designs/socv/rtl/rtl_lpw/opencores/spi/rtl/timescale.v ...
Done /home/alexandru.madalin.vasilescu/dvt_predefined_projects_target/uvm_ref_flow_1.1/designs/socv/rtl/rtl_lpw/opencores/spi/rtl/timescale.v [1 ms, 3 lines, Verilog_2001] ...
Done /home/alexandru.madalin.vasilescu/dvt_predefined_projects_target/uvm_ref_flow_1.1/designs/socv/rtl/rtl_lpw/opencores/spi/rtl/spi_shift.v [10 ms, 239 lines, Verilog_2001] ...
Loading (306) /home/alexandru.madalin.vasilescu/dvt_predefined_projects_target/uvm_ref_flow_1.1/designs/socv/rtl/rtl_lpw/opencores/spi/rtl/spi_top.v ...
Optimizing (307) /home/alexandru.madalin.vasilescu/dvt_predefined_projects_target/uvm_ref_flow_1.1/designs/socv/rtl/rtl_lpw/opencores/spi/rtl/spi_defines.v ...
Loading (308) /home/alexandru.madalin.vasilescu/dvt_predefined_projects_target/uvm_ref_flow_1.1/designs/socv/rtl/rtl_lpw/opencores/spi/rtl/timescale.v ...
Done /home/alexandru.madalin.vasilescu/dvt_predefined_projects_target/uvm_ref_flow_1.1/designs/socv/rtl/rtl_lpw/opencores/spi/rtl/timescale.v [0 ms, 3 lines, Verilog_2001] ...
Done /home/alexandru.madalin.vasilescu/dvt_predefined_projects_target/uvm_ref_flow_1.1/designs/socv/rtl/rtl_lpw/opencores/spi/rtl/spi_top.v [13 ms, 315 lines, Verilog_2001] ...
Loading (309) /home/alexandru.madalin.vasilescu/dvt_predefined_projects_target/uvm_ref_flow_1.1/designs/socv/rtl/rtl_lpw/opencores/uart16550/rtl/uart_top.v ...
Loading (310) /home/alexandru.madalin.vasilescu/dvt_predefined_projects_target/uvm_ref_flow_1.1/designs/socv/rtl/rtl_lpw/opencores/spi/rtl/timescale.v ...
Done /home/alexandru.madalin.vasilescu/dvt_predefined_projects_target/uvm_ref_flow_1.1/designs/socv/rtl/rtl_lpw/opencores/spi/rtl/timescale.v [1 ms, 3 lines, Verilog_2001] ...
Optimizing (311) /home/alexandru.madalin.vasilescu/dvt_predefined_projects_target/uvm_ref_flow_1.1/designs/socv/rtl/rtl_lpw/opencores/uart16550/rtl/uart_defines.v ...
Done /home/alexandru.madalin.vasilescu/dvt_predefined_projects_target/uvm_ref_flow_1.1/designs/socv/rtl/rtl_lpw/opencores/uart16550/rtl/uart_top.v [7 ms, 341 lines, Verilog_2001] ...
Loading (312) /home/alexandru.madalin.vasilescu/dvt_predefined_projects_target/uvm_ref_flow_1.1/designs/socv/rtl/rtl_lpw/opencores/uart16550/rtl/uart_wb.v ...
Loading (313) /home/alexandru.madalin.vasilescu/dvt_predefined_projects_target/uvm_ref_flow_1.1/designs/socv/rtl/rtl_lpw/opencores/spi/rtl/timescale.v ...
Done /home/alexandru.madalin.vasilescu/dvt_predefined_projects_target/uvm_ref_flow_1.1/designs/socv/rtl/rtl_lpw/opencores/spi/rtl/timescale.v [1 ms, 3 lines, Verilog_2001] ...
Optimizing (314) /home/alexandru.madalin.vasilescu/dvt_predefined_projects_target/uvm_ref_flow_1.1/designs/socv/rtl/rtl_lpw/opencores/uart16550/rtl/uart_defines.v ...
Done /home/alexandru.madalin.vasilescu/dvt_predefined_projects_target/uvm_ref_flow_1.1/designs/socv/rtl/rtl_lpw/opencores/uart16550/rtl/uart_wb.v [12 ms, 318 lines, Verilog_2001] ...
Loading (315) /home/alexandru.madalin.vasilescu/dvt_predefined_projects_target/uvm_ref_flow_1.1/designs/socv/rtl/rtl_lpw/opencores/uart16550/rtl/uart_transmitter.v ...
Loading (316) /home/alexandru.madalin.vasilescu/dvt_predefined_projects_target/uvm_ref_flow_1.1/designs/socv/rtl/rtl_lpw/opencores/spi/rtl/timescale.v ...
Done /home/alexandru.madalin.vasilescu/dvt_predefined_projects_target/uvm_ref_flow_1.1/designs/socv/rtl/rtl_lpw/opencores/spi/rtl/timescale.v [0 ms, 3 lines, Verilog_2001] ...
Optimizing (317) /home/alexandru.madalin.vasilescu/dvt_predefined_projects_target/uvm_ref_flow_1.1/designs/socv/rtl/rtl_lpw/opencores/uart16550/rtl/uart_defines.v ...
Done /home/alexandru.madalin.vasilescu/dvt_predefined_projects_target/uvm_ref_flow_1.1/designs/socv/rtl/rtl_lpw/opencores/uart16550/rtl/uart_transmitter.v [10 ms, 352 lines, Verilog_2001] ...
Loading (318) /home/alexandru.madalin.vasilescu/dvt_predefined_projects_target/uvm_ref_flow_1.1/designs/socv/rtl/rtl_lpw/opencores/uart16550/rtl/uart_receiver.v ...
Loading (319) /home/alexandru.madalin.vasilescu/dvt_predefined_projects_target/uvm_ref_flow_1.1/designs/socv/rtl/rtl_lpw/opencores/spi/rtl/timescale.v ...
Done /home/alexandru.madalin.vasilescu/dvt_predefined_projects_target/uvm_ref_flow_1.1/designs/socv/rtl/rtl_lpw/opencores/spi/rtl/timescale.v [0 ms, 3 lines, Verilog_2001] ...
Optimizing (320) /home/alexandru.madalin.vasilescu/dvt_predefined_projects_target/uvm_ref_flow_1.1/designs/socv/rtl/rtl_lpw/opencores/uart16550/rtl/uart_defines.v ...
Done /home/alexandru.madalin.vasilescu/dvt_predefined_projects_target/uvm_ref_flow_1.1/designs/socv/rtl/rtl_lpw/opencores/uart16550/rtl/uart_receiver.v [15 ms, 483 lines, Verilog_2001] ...
Loading (321) /home/alexandru.madalin.vasilescu/dvt_predefined_projects_target/uvm_ref_flow_1.1/designs/socv/rtl/rtl_lpw/opencores/uart16550/rtl/uart_tfifo.v ...
Loading (322) /home/alexandru.madalin.vasilescu/dvt_predefined_projects_target/uvm_ref_flow_1.1/designs/socv/rtl/rtl_lpw/opencores/spi/rtl/timescale.v ...
Done /home/alexandru.madalin.vasilescu/dvt_predefined_projects_target/uvm_ref_flow_1.1/designs/socv/rtl/rtl_lpw/opencores/spi/rtl/timescale.v [1 ms, 3 lines, Verilog_2001] ...
Optimizing (323) /home/alexandru.madalin.vasilescu/dvt_predefined_projects_target/uvm_ref_flow_1.1/designs/socv/rtl/rtl_lpw/opencores/uart16550/rtl/uart_defines.v ...
Done /home/alexandru.madalin.vasilescu/dvt_predefined_projects_target/uvm_ref_flow_1.1/designs/socv/rtl/rtl_lpw/opencores/uart16550/rtl/uart_tfifo.v [6 ms, 244 lines, Verilog_2001] ...
Loading (324) /home/alexandru.madalin.vasilescu/dvt_predefined_projects_target/uvm_ref_flow_1.1/designs/socv/rtl/rtl_lpw/opencores/uart16550/rtl/uart_rfifo.v ...
Loading (325) /home/alexandru.madalin.vasilescu/dvt_predefined_projects_target/uvm_ref_flow_1.1/designs/socv/rtl/rtl_lpw/opencores/spi/rtl/timescale.v ...
Done /home/alexandru.madalin.vasilescu/dvt_predefined_projects_target/uvm_ref_flow_1.1/designs/socv/rtl/rtl_lpw/opencores/spi/rtl/timescale.v [1 ms, 3 lines, Verilog_2001] ...
Optimizing (326) /home/alexandru.madalin.vasilescu/dvt_predefined_projects_target/uvm_ref_flow_1.1/designs/socv/rtl/rtl_lpw/opencores/uart16550/rtl/uart_defines.v ...
Done /home/alexandru.madalin.vasilescu/dvt_predefined_projects_target/uvm_ref_flow_1.1/designs/socv/rtl/rtl_lpw/opencores/uart16550/rtl/uart_rfifo.v [8 ms, 321 lines, Verilog_2001] ...
Loading (327) /home/alexandru.madalin.vasilescu/dvt_predefined_projects_target/uvm_ref_flow_1.1/designs/socv/rtl/rtl_lpw/opencores/uart16550/rtl/uart_regs.v ...
Loading (328) /home/alexandru.madalin.vasilescu/dvt_predefined_projects_target/uvm_ref_flow_1.1/designs/socv/rtl/rtl_lpw/opencores/spi/rtl/timescale.v ...
Done /home/alexandru.madalin.vasilescu/dvt_predefined_projects_target/uvm_ref_flow_1.1/designs/socv/rtl/rtl_lpw/opencores/spi/rtl/timescale.v [0 ms, 3 lines, Verilog_2001] ...
Optimizing (329) /home/alexandru.madalin.vasilescu/dvt_predefined_projects_target/uvm_ref_flow_1.1/designs/socv/rtl/rtl_lpw/opencores/uart16550/rtl/uart_defines.v ...
Done /home/alexandru.madalin.vasilescu/dvt_predefined_projects_target/uvm_ref_flow_1.1/designs/socv/rtl/rtl_lpw/opencores/uart16550/rtl/uart_regs.v [14 ms, 894 lines, Verilog_2001] ...
Loading (330) /home/alexandru.madalin.vasilescu/dvt_predefined_projects_target/uvm_ref_flow_1.1/designs/socv/rtl/rtl_lpw/opencores/uart16550/rtl/uart_debug_if.v ...
Loading (331) /home/alexandru.madalin.vasilescu/dvt_predefined_projects_target/uvm_ref_flow_1.1/designs/socv/rtl/rtl_lpw/opencores/spi/rtl/timescale.v ...
Done /home/alexandru.madalin.vasilescu/dvt_predefined_projects_target/uvm_ref_flow_1.1/designs/socv/rtl/rtl_lpw/opencores/spi/rtl/timescale.v [0 ms, 3 lines, Verilog_2001] ...
Optimizing (332) /home/alexandru.madalin.vasilescu/dvt_predefined_projects_target/uvm_ref_flow_1.1/designs/socv/rtl/rtl_lpw/opencores/uart16550/rtl/uart_defines.v ...
Done /home/alexandru.madalin.vasilescu/dvt_predefined_projects_target/uvm_ref_flow_1.1/designs/socv/rtl/rtl_lpw/opencores/uart16550/rtl/uart_debug_if.v [5 ms, 127 lines, Verilog_2001] ...
Loading (333) /home/alexandru.madalin.vasilescu/dvt_predefined_projects_target/uvm_ref_flow_1.1/designs/socv/rtl/rtl_lpw/opencores/uart16550/rtl/raminfr.v ...
Done /home/alexandru.madalin.vasilescu/dvt_predefined_projects_target/uvm_ref_flow_1.1/designs/socv/rtl/rtl_lpw/opencores/uart16550/rtl/raminfr.v [2 ms, 112 lines, Verilog_2001] ...
Loading (334) /home/alexandru.madalin.vasilescu/dvt_predefined_projects_target/uvm_ref_flow_1.1/designs/socv/rtl/rtl_lpw/opencores/uart16550/rtl/uart_sync_flops.v ...
Loading (335) /home/alexandru.madalin.vasilescu/dvt_predefined_projects_target/uvm_ref_flow_1.1/designs/socv/rtl/rtl_lpw/opencores/spi/rtl/timescale.v ...
Done /home/alexandru.madalin.vasilescu/dvt_predefined_projects_target/uvm_ref_flow_1.1/designs/socv/rtl/rtl_lpw/opencores/spi/rtl/timescale.v [0 ms, 3 lines, Verilog_2001] ...
Done /home/alexandru.madalin.vasilescu/dvt_predefined_projects_target/uvm_ref_flow_1.1/designs/socv/rtl/rtl_lpw/opencores/uart16550/rtl/uart_sync_flops.v [1 ms, 123 lines, Verilog_2001] ...
Loading (336) /home/alexandru.madalin.vasilescu/dvt_predefined_projects_target/uvm_ref_flow_1.1/designs/socv/rtl/rtl_lpw/gpio/rtl/gpio_lite_subunit.v ...
Done /home/alexandru.madalin.vasilescu/dvt_predefined_projects_target/uvm_ref_flow_1.1/designs/socv/rtl/rtl_lpw/gpio/rtl/gpio_lite_subunit.v [5 ms, 360 lines, Verilog_2001] ...
Loading (337) /home/alexandru.madalin.vasilescu/dvt_predefined_projects_target/uvm_ref_flow_1.1/designs/socv/rtl/rtl_lpw/gpio/rtl/gpio_lite.v ...
Done /home/alexandru.madalin.vasilescu/dvt_predefined_projects_target/uvm_ref_flow_1.1/designs/socv/rtl/rtl_lpw/gpio/rtl/gpio_lite.v [2 ms, 193 lines, Verilog_2001] ...
Loading (338) /home/alexandru.madalin.vasilescu/dvt_predefined_projects_target/uvm_ref_flow_1.1/designs/socv/rtl/rtl_lpw/ttc/rtl/ttc_counter_lite.v ...
Done /home/alexandru.madalin.vasilescu/dvt_predefined_projects_target/uvm_ref_flow_1.1/designs/socv/rtl/rtl_lpw/ttc/rtl/ttc_counter_lite.v [3 ms, 262 lines, Verilog_2001] ...
Loading (339) /home/alexandru.madalin.vasilescu/dvt_predefined_projects_target/uvm_ref_flow_1.1/designs/socv/rtl/rtl_lpw/ttc/rtl/ttc_interface_lite.v ...
Done /home/alexandru.madalin.vasilescu/dvt_predefined_projects_target/uvm_ref_flow_1.1/designs/socv/rtl/rtl_lpw/ttc/rtl/ttc_interface_lite.v [12 ms, 319 lines, Verilog_2001] ...
Loading (340) /home/alexandru.madalin.vasilescu/dvt_predefined_projects_target/uvm_ref_flow_1.1/designs/socv/rtl/rtl_lpw/ttc/rtl/ttc_interrupt_lite.v ...
Done /home/alexandru.madalin.vasilescu/dvt_predefined_projects_target/uvm_ref_flow_1.1/designs/socv/rtl/rtl_lpw/ttc/rtl/ttc_interrupt_lite.v [5 ms, 162 lines, Verilog_2001] ...
Loading (341) /home/alexandru.madalin.vasilescu/dvt_predefined_projects_target/uvm_ref_flow_1.1/designs/socv/rtl/rtl_lpw/ttc/rtl/ttc_count_rst_lite.v ...
Done /home/alexandru.madalin.vasilescu/dvt_predefined_projects_target/uvm_ref_flow_1.1/designs/socv/rtl/rtl_lpw/ttc/rtl/ttc_count_rst_lite.v [3 ms, 145 lines, Verilog_2001] ...
Loading (342) /home/alexandru.madalin.vasilescu/dvt_predefined_projects_target/uvm_ref_flow_1.1/designs/socv/rtl/rtl_lpw/ttc/rtl/ttc_timer_counter_lite.v ...
Done /home/alexandru.madalin.vasilescu/dvt_predefined_projects_target/uvm_ref_flow_1.1/designs/socv/rtl/rtl_lpw/ttc/rtl/ttc_timer_counter_lite.v [3 ms, 170 lines, Verilog_2001] ...
Loading (343) /home/alexandru.madalin.vasilescu/dvt_predefined_projects_target/uvm_ref_flow_1.1/designs/socv/rtl/rtl_lpw/ttc/rtl/ttc_lite.v ...
Done /home/alexandru.madalin.vasilescu/dvt_predefined_projects_target/uvm_ref_flow_1.1/designs/socv/rtl/rtl_lpw/ttc/rtl/ttc_lite.v [8 ms, 287 lines, Verilog_2001] ...
Loading (344) /home/alexandru.madalin.vasilescu/dvt_predefined_projects_target/uvm_ref_flow_1.1/designs/socv/rtl/rtl_lpw/smc/rtl/smc_addr_lite.v ...
Optimizing (345) /home/alexandru.madalin.vasilescu/dvt_predefined_projects_target/uvm_ref_flow_1.1/designs/socv/rtl/rtl_lpw/smc/rtl/smc_defs_lite.v ...
Done /home/alexandru.madalin.vasilescu/dvt_predefined_projects_target/uvm_ref_flow_1.1/designs/socv/rtl/rtl_lpw/smc/rtl/smc_addr_lite.v [14 ms, 410 lines, Verilog_2001] ...
Loading (346) /home/alexandru.madalin.vasilescu/dvt_predefined_projects_target/uvm_ref_flow_1.1/designs/socv/rtl/rtl_lpw/smc/rtl/smc_cfreg_lite.v ...
Done /home/alexandru.madalin.vasilescu/dvt_predefined_projects_target/uvm_ref_flow_1.1/designs/socv/rtl/rtl_lpw/smc/rtl/smc_cfreg_lite.v [2 ms, 54 lines, Verilog_2001] ...
Loading (347) /home/alexandru.madalin.vasilescu/dvt_predefined_projects_target/uvm_ref_flow_1.1/designs/socv/rtl/rtl_lpw/smc/rtl/smc_apb_lite_if.v ...
Optimizing (348) /home/alexandru.madalin.vasilescu/dvt_predefined_projects_target/uvm_ref_flow_1.1/designs/socv/rtl/rtl_lpw/smc/rtl/smc_defs_lite.v ...
Done /home/alexandru.madalin.vasilescu/dvt_predefined_projects_target/uvm_ref_flow_1.1/designs/socv/rtl/rtl_lpw/smc/rtl/smc_apb_lite_if.v [4 ms, 114 lines, Verilog_2001] ...
Loading (349) /home/alexandru.madalin.vasilescu/dvt_predefined_projects_target/uvm_ref_flow_1.1/designs/socv/rtl/rtl_lpw/smc/rtl/smc_ahb_lite_if.v ...
Optimizing (350) /home/alexandru.madalin.vasilescu/dvt_predefined_projects_target/uvm_ref_flow_1.1/designs/socv/rtl/rtl_lpw/smc/rtl/smc_defs_lite.v ...
Done /home/alexandru.madalin.vasilescu/dvt_predefined_projects_target/uvm_ref_flow_1.1/designs/socv/rtl/rtl_lpw/smc/rtl/smc_ahb_lite_if.v [7 ms, 380 lines, Verilog_2001] ...
Loading (351) /home/alexandru.madalin.vasilescu/dvt_predefined_projects_target/uvm_ref_flow_1.1/designs/socv/rtl/rtl_lpw/smc/rtl/smc_counter_lite.v ...
Done /home/alexandru.madalin.vasilescu/dvt_predefined_projects_target/uvm_ref_flow_1.1/designs/socv/rtl/rtl_lpw/smc/rtl/smc_counter_lite.v [6 ms, 468 lines, Verilog_2001] ...
Loading (352) /home/alexandru.madalin.vasilescu/dvt_predefined_projects_target/uvm_ref_flow_1.1/designs/socv/rtl/rtl_lpw/smc/rtl/smc_mac_lite.v ...
Optimizing (353) /home/alexandru.madalin.vasilescu/dvt_predefined_projects_target/uvm_ref_flow_1.1/designs/socv/rtl/rtl_lpw/smc/rtl/smc_defs_lite.v ...
Done /home/alexandru.madalin.vasilescu/dvt_predefined_projects_target/uvm_ref_flow_1.1/designs/socv/rtl/rtl_lpw/smc/rtl/smc_mac_lite.v [15 ms, 614 lines, Verilog_2001] ...
Loading (354) /home/alexandru.madalin.vasilescu/dvt_predefined_projects_target/uvm_ref_flow_1.1/designs/socv/rtl/rtl_lpw/smc/rtl/smc_state_lite.v ...
Optimizing (355) /home/alexandru.madalin.vasilescu/dvt_predefined_projects_target/uvm_ref_flow_1.1/designs/socv/rtl/rtl_lpw/smc/rtl/smc_defs_lite.v ...
Done /home/alexandru.madalin.vasilescu/dvt_predefined_projects_target/uvm_ref_flow_1.1/designs/socv/rtl/rtl_lpw/smc/rtl/smc_state_lite.v [7 ms, 507 lines, Verilog_2001] ...
Loading (356) /home/alexandru.madalin.vasilescu/dvt_predefined_projects_target/uvm_ref_flow_1.1/designs/socv/rtl/rtl_lpw/smc/rtl/smc_strobe_lite.v ...
Optimizing (357) /home/alexandru.madalin.vasilescu/dvt_predefined_projects_target/uvm_ref_flow_1.1/designs/socv/rtl/rtl_lpw/smc/rtl/smc_defs_lite.v ...
Done /home/alexandru.madalin.vasilescu/dvt_predefined_projects_target/uvm_ref_flow_1.1/designs/socv/rtl/rtl_lpw/smc/rtl/smc_strobe_lite.v [10 ms, 714 lines, Verilog_2001] ...
Loading (358) /home/alexandru.madalin.vasilescu/dvt_predefined_projects_target/uvm_ref_flow_1.1/designs/socv/rtl/rtl_lpw/smc/rtl/smc_wr_enable_lite.v ...
Done /home/alexandru.madalin.vasilescu/dvt_predefined_projects_target/uvm_ref_flow_1.1/designs/socv/rtl/rtl_lpw/smc/rtl/smc_wr_enable_lite.v [2 ms, 95 lines, Verilog_2001] ...
Loading (359) /home/alexandru.madalin.vasilescu/dvt_predefined_projects_target/uvm_ref_flow_1.1/designs/socv/rtl/rtl_lpw/smc/rtl/smc_lite.v ...
Optimizing (360) /home/alexandru.madalin.vasilescu/dvt_predefined_projects_target/uvm_ref_flow_1.1/designs/socv/rtl/rtl_lpw/smc/rtl/smc_defs_lite.v ...
Done /home/alexandru.madalin.vasilescu/dvt_predefined_projects_target/uvm_ref_flow_1.1/designs/socv/rtl/rtl_lpw/smc/rtl/smc_lite.v [8 ms, 467 lines, Verilog_2001] ...
Loading (361) /home/alexandru.madalin.vasilescu/dvt_predefined_projects_target/uvm_ref_flow_1.1/designs/socv/rtl/rtl_lpw/power_ctrl/rtl/power_ctrl_sm.v ...
Done /home/alexandru.madalin.vasilescu/dvt_predefined_projects_target/uvm_ref_flow_1.1/designs/socv/rtl/rtl_lpw/power_ctrl/rtl/power_ctrl_sm.v [6 ms, 333 lines, Verilog_2001] ...
Loading (362) /home/alexandru.madalin.vasilescu/dvt_predefined_projects_target/uvm_ref_flow_1.1/designs/socv/rtl/rtl_lpw/power_ctrl/rtl/power_ctrl.v ...
Done /home/alexandru.madalin.vasilescu/dvt_predefined_projects_target/uvm_ref_flow_1.1/designs/socv/rtl/rtl_lpw/power_ctrl/rtl/power_ctrl.v [32 ms, 1558 lines, Verilog_2001] ...
Loading (363) /home/alexandru.madalin.vasilescu/dvt_predefined_projects_target/uvm_ref_flow_1.1/designs/socv/rtl/rtl_lpw/dma/rtl/dma.v ...
Loading (364) /home/alexandru.madalin.vasilescu/dvt_predefined_projects_target/uvm_ref_flow_1.1/designs/socv/rtl/rtl_lpw/dma/rtl/dma_defs.v ...
Done /home/alexandru.madalin.vasilescu/dvt_predefined_projects_target/uvm_ref_flow_1.1/designs/socv/rtl/rtl_lpw/dma/rtl/dma_defs.v [0 ms, 175 lines, Verilog_2001] ...
Done /home/alexandru.madalin.vasilescu/dvt_predefined_projects_target/uvm_ref_flow_1.1/designs/socv/rtl/rtl_lpw/dma/rtl/dma.v [15 ms, 1117 lines, Verilog_2001] ...
Loading (365) /home/alexandru.madalin.vasilescu/dvt_predefined_projects_target/uvm_ref_flow_1.1/designs/socv/rtl/rtl_lpw/dma/rtl/dma_ahb_config.v ...
Optimizing (366) /home/alexandru.madalin.vasilescu/dvt_predefined_projects_target/uvm_ref_flow_1.1/designs/socv/rtl/rtl_lpw/dma/rtl/dma_defs.v ...
Done /home/alexandru.madalin.vasilescu/dvt_predefined_projects_target/uvm_ref_flow_1.1/designs/socv/rtl/rtl_lpw/dma/rtl/dma_ahb_config.v [17 ms, 873 lines, Verilog_2001] ...
Loading (367) /home/alexandru.madalin.vasilescu/dvt_predefined_projects_target/uvm_ref_flow_1.1/designs/socv/rtl/rtl_lpw/dma/rtl/dma_int_control.v ...
Optimizing (368) /home/alexandru.madalin.vasilescu/dvt_predefined_projects_target/uvm_ref_flow_1.1/designs/socv/rtl/rtl_lpw/dma/rtl/dma_defs.v ...
Done /home/alexandru.madalin.vasilescu/dvt_predefined_projects_target/uvm_ref_flow_1.1/designs/socv/rtl/rtl_lpw/dma/rtl/dma_int_control.v [5 ms, 384 lines, Verilog_2001] ...
Loading (369) /home/alexandru.madalin.vasilescu/dvt_predefined_projects_target/uvm_ref_flow_1.1/designs/socv/rtl/rtl_lpw/dma/rtl/dma_ahb_master.v ...
Optimizing (370) /home/alexandru.madalin.vasilescu/dvt_predefined_projects_target/uvm_ref_flow_1.1/designs/socv/rtl/rtl_lpw/dma/rtl/dma_defs.v ...
Done /home/alexandru.madalin.vasilescu/dvt_predefined_projects_target/uvm_ref_flow_1.1/designs/socv/rtl/rtl_lpw/dma/rtl/dma_ahb_master.v [3 ms, 166 lines, Verilog_2001] ...
Loading (371) /home/alexandru.madalin.vasilescu/dvt_predefined_projects_target/uvm_ref_flow_1.1/designs/socv/rtl/rtl_lpw/dma/rtl/dma_ahb_mux.v ...
Optimizing (372) /home/alexandru.madalin.vasilescu/dvt_predefined_projects_target/uvm_ref_flow_1.1/designs/socv/rtl/rtl_lpw/dma/rtl/dma_defs.v ...
Done /home/alexandru.madalin.vasilescu/dvt_predefined_projects_target/uvm_ref_flow_1.1/designs/socv/rtl/rtl_lpw/dma/rtl/dma_ahb_mux.v [6 ms, 430 lines, Verilog_2001] ...
Loading (373) /home/alexandru.madalin.vasilescu/dvt_predefined_projects_target/uvm_ref_flow_1.1/designs/socv/rtl/rtl_lpw/dma/rtl/dma_apb_mux.v ...
Optimizing (374) /home/alexandru.madalin.vasilescu/dvt_predefined_projects_target/uvm_ref_flow_1.1/designs/socv/rtl/rtl_lpw/dma/rtl/dma_defs.v ...
Done /home/alexandru.madalin.vasilescu/dvt_predefined_projects_target/uvm_ref_flow_1.1/designs/socv/rtl/rtl_lpw/dma/rtl/dma_apb_mux.v [5 ms, 389 lines, Verilog_2001] ...
Loading (375) /home/alexandru.madalin.vasilescu/dvt_predefined_projects_target/uvm_ref_flow_1.1/designs/socv/rtl/rtl_lpw/dma/rtl/dma_arbiter.v ...
Optimizing (376) /home/alexandru.madalin.vasilescu/dvt_predefined_projects_target/uvm_ref_flow_1.1/designs/socv/rtl/rtl_lpw/dma/rtl/dma_defs.v ...
Done /home/alexandru.madalin.vasilescu/dvt_predefined_projects_target/uvm_ref_flow_1.1/designs/socv/rtl/rtl_lpw/dma/rtl/dma_arbiter.v [7 ms, 662 lines, Verilog_2001] ...
Loading (377) /home/alexandru.madalin.vasilescu/dvt_predefined_projects_target/uvm_ref_flow_1.1/designs/socv/rtl/rtl_lpw/dma/rtl/dma_channel.v ...
Optimizing (378) /home/alexandru.madalin.vasilescu/dvt_predefined_projects_target/uvm_ref_flow_1.1/designs/socv/rtl/rtl_lpw/dma/rtl/dma_defs.v ...
Done /home/alexandru.madalin.vasilescu/dvt_predefined_projects_target/uvm_ref_flow_1.1/designs/socv/rtl/rtl_lpw/dma/rtl/dma_channel.v [35 ms, 1507 lines, Verilog_2001] ...
Loading (379) /home/alexandru.madalin.vasilescu/dvt_predefined_projects_target/uvm_ref_flow_1.1/designs/socv/rtl/rtl_lpw/dma/rtl/dma_flow_mux.v ...
Optimizing (380) /home/alexandru.madalin.vasilescu/dvt_predefined_projects_target/uvm_ref_flow_1.1/designs/socv/rtl/rtl_lpw/dma/rtl/dma_defs.v ...
Done /home/alexandru.madalin.vasilescu/dvt_predefined_projects_target/uvm_ref_flow_1.1/designs/socv/rtl/rtl_lpw/dma/rtl/dma_flow_mux.v [11 ms, 467 lines, Verilog_2001] ...
Loading (381) /home/alexandru.madalin.vasilescu/dvt_predefined_projects_target/uvm_ref_flow_1.1/designs/socv/rtl/rtl_lpw/dma/rtl/dma_rx_sm.v ...
Optimizing (382) /home/alexandru.madalin.vasilescu/dvt_predefined_projects_target/uvm_ref_flow_1.1/designs/socv/rtl/rtl_lpw/dma/rtl/dma_defs.v ...
Done /home/alexandru.madalin.vasilescu/dvt_predefined_projects_target/uvm_ref_flow_1.1/designs/socv/rtl/rtl_lpw/dma/rtl/dma_rx_sm.v [6 ms, 302 lines, Verilog_2001] ...
Loading (383) /home/alexandru.madalin.vasilescu/dvt_predefined_projects_target/uvm_ref_flow_1.1/designs/socv/rtl/rtl_lpw/dma/rtl/dma_tx_sm.v ...
Optimizing (384) /home/alexandru.madalin.vasilescu/dvt_predefined_projects_target/uvm_ref_flow_1.1/designs/socv/rtl/rtl_lpw/dma/rtl/dma_defs.v ...
Done /home/alexandru.madalin.vasilescu/dvt_predefined_projects_target/uvm_ref_flow_1.1/designs/socv/rtl/rtl_lpw/dma/rtl/dma_tx_sm.v [5 ms, 290 lines, Verilog_2001] ...
Loading (385) /home/alexandru.madalin.vasilescu/dvt_predefined_projects_target/uvm_ref_flow_1.1/designs/socv/rtl/rtl_lpw/opencores/mac_veneer.v ...
Done /home/alexandru.madalin.vasilescu/dvt_predefined_projects_target/uvm_ref_flow_1.1/designs/socv/rtl/rtl_lpw/opencores/mac_veneer.v [9 ms, 332 lines, Verilog_2001] ...
Loading (386) /home/alexandru.madalin.vasilescu/dvt_predefined_projects_target/uvm_ref_flow_1.1/designs/socv/rtl/rtl_lpw/opencores/mac_pcm.v ...
Done /home/alexandru.madalin.vasilescu/dvt_predefined_projects_target/uvm_ref_flow_1.1/designs/socv/rtl/rtl_lpw/opencores/mac_pcm.v [4 ms, 127 lines, Verilog_2001] ...
Loading (387) /home/alexandru.madalin.vasilescu/dvt_predefined_projects_target/uvm_ref_flow_1.1/designs/socv/rtl/rtl_lpw/opencores/ethmac/rtl/eth_crc.v ...
Loading (388) /home/alexandru.madalin.vasilescu/dvt_predefined_projects_target/uvm_ref_flow_1.1/designs/socv/rtl/rtl_lpw/opencores/spi/rtl/timescale.v ...
Done /home/alexandru.madalin.vasilescu/dvt_predefined_projects_target/uvm_ref_flow_1.1/designs/socv/rtl/rtl_lpw/opencores/spi/rtl/timescale.v [0 ms, 3 lines, Verilog_2001] ...
Done /home/alexandru.madalin.vasilescu/dvt_predefined_projects_target/uvm_ref_flow_1.1/designs/socv/rtl/rtl_lpw/opencores/ethmac/rtl/eth_crc.v [5 ms, 146 lines, Verilog_2001] ...
Loading (389) /home/alexandru.madalin.vasilescu/dvt_predefined_projects_target/uvm_ref_flow_1.1/designs/socv/rtl/rtl_lpw/opencores/ethmac/rtl/eth_maccontrol.v ...
Loading (390) /home/alexandru.madalin.vasilescu/dvt_predefined_projects_target/uvm_ref_flow_1.1/designs/socv/rtl/rtl_lpw/opencores/spi/rtl/timescale.v ...
Done /home/alexandru.madalin.vasilescu/dvt_predefined_projects_target/uvm_ref_flow_1.1/designs/socv/rtl/rtl_lpw/opencores/spi/rtl/timescale.v [0 ms, 3 lines, Verilog_2001] ...
Done /home/alexandru.madalin.vasilescu/dvt_predefined_projects_target/uvm_ref_flow_1.1/designs/socv/rtl/rtl_lpw/opencores/ethmac/rtl/eth_maccontrol.v [7 ms, 272 lines, Verilog_2001] ...
Loading (391) /home/alexandru.madalin.vasilescu/dvt_predefined_projects_target/uvm_ref_flow_1.1/designs/socv/rtl/rtl_lpw/opencores/ethmac/rtl/eth_macstatus.v ...
Loading (392) /home/alexandru.madalin.vasilescu/dvt_predefined_projects_target/uvm_ref_flow_1.1/designs/socv/rtl/rtl_lpw/opencores/spi/rtl/timescale.v ...
Done /home/alexandru.madalin.vasilescu/dvt_predefined_projects_target/uvm_ref_flow_1.1/designs/socv/rtl/rtl_lpw/opencores/spi/rtl/timescale.v [0 ms, 3 lines, Verilog_2001] ...
Done /home/alexandru.madalin.vasilescu/dvt_predefined_projects_target/uvm_ref_flow_1.1/designs/socv/rtl/rtl_lpw/opencores/ethmac/rtl/eth_macstatus.v [9 ms, 426 lines, Verilog_2001] ...
Loading (393) /home/alexandru.madalin.vasilescu/dvt_predefined_projects_target/uvm_ref_flow_1.1/designs/socv/rtl/rtl_lpw/opencores/ethmac/rtl/eth_miim.v ...
Loading (394) /home/alexandru.madalin.vasilescu/dvt_predefined_projects_target/uvm_ref_flow_1.1/designs/socv/rtl/rtl_lpw/opencores/spi/rtl/timescale.v ...
Done /home/alexandru.madalin.vasilescu/dvt_predefined_projects_target/uvm_ref_flow_1.1/designs/socv/rtl/rtl_lpw/opencores/spi/rtl/timescale.v [0 ms, 3 lines, Verilog_2001] ...
Done /home/alexandru.madalin.vasilescu/dvt_predefined_projects_target/uvm_ref_flow_1.1/designs/socv/rtl/rtl_lpw/opencores/ethmac/rtl/eth_miim.v [10 ms, 449 lines, Verilog_2001] ...
Loading (395) /home/alexandru.madalin.vasilescu/dvt_predefined_projects_target/uvm_ref_flow_1.1/designs/socv/rtl/rtl_lpw/opencores/ethmac/rtl/eth_outputcontrol.v ...
Loading (396) /home/alexandru.madalin.vasilescu/dvt_predefined_projects_target/uvm_ref_flow_1.1/designs/socv/rtl/rtl_lpw/opencores/spi/rtl/timescale.v ...
Done /home/alexandru.madalin.vasilescu/dvt_predefined_projects_target/uvm_ref_flow_1.1/designs/socv/rtl/rtl_lpw/opencores/spi/rtl/timescale.v [0 ms, 3 lines, Verilog_2001] ...
Done /home/alexandru.madalin.vasilescu/dvt_predefined_projects_target/uvm_ref_flow_1.1/designs/socv/rtl/rtl_lpw/opencores/ethmac/rtl/eth_outputcontrol.v [3 ms, 148 lines, Verilog_2001] ...
Loading (397) /home/alexandru.madalin.vasilescu/dvt_predefined_projects_target/uvm_ref_flow_1.1/designs/socv/rtl/rtl_lpw/opencores/ethmac/rtl/eth_random.v ...
Loading (398) /home/alexandru.madalin.vasilescu/dvt_predefined_projects_target/uvm_ref_flow_1.1/designs/socv/rtl/rtl_lpw/opencores/spi/rtl/timescale.v ...
Done /home/alexandru.madalin.vasilescu/dvt_predefined_projects_target/uvm_ref_flow_1.1/designs/socv/rtl/rtl_lpw/opencores/spi/rtl/timescale.v [0 ms, 3 lines, Verilog_2001] ...
Done /home/alexandru.madalin.vasilescu/dvt_predefined_projects_target/uvm_ref_flow_1.1/designs/socv/rtl/rtl_lpw/opencores/ethmac/rtl/eth_random.v [4 ms, 142 lines, Verilog_2001] ...
Loading (399) /home/alexandru.madalin.vasilescu/dvt_predefined_projects_target/uvm_ref_flow_1.1/designs/socv/rtl/rtl_lpw/opencores/ethmac/rtl/eth_receivecontrol.v ...
Loading (400) /home/alexandru.madalin.vasilescu/dvt_predefined_projects_target/uvm_ref_flow_1.1/designs/socv/rtl/rtl_lpw/opencores/spi/rtl/timescale.v ...
Done /home/alexandru.madalin.vasilescu/dvt_predefined_projects_target/uvm_ref_flow_1.1/designs/socv/rtl/rtl_lpw/opencores/spi/rtl/timescale.v [0 ms, 3 lines, Verilog_2001] ...
Done /home/alexandru.madalin.vasilescu/dvt_predefined_projects_target/uvm_ref_flow_1.1/designs/socv/rtl/rtl_lpw/opencores/ethmac/rtl/eth_receivecontrol.v [13 ms, 439 lines, Verilog_2001] ...
Loading (401) /home/alexandru.madalin.vasilescu/dvt_predefined_projects_target/uvm_ref_flow_1.1/designs/socv/rtl/rtl_lpw/opencores/ethmac/rtl/eth_register.v ...
Loading (402) /home/alexandru.madalin.vasilescu/dvt_predefined_projects_target/uvm_ref_flow_1.1/designs/socv/rtl/rtl_lpw/opencores/spi/rtl/timescale.v ...
Done /home/alexandru.madalin.vasilescu/dvt_predefined_projects_target/uvm_ref_flow_1.1/designs/socv/rtl/rtl_lpw/opencores/spi/rtl/timescale.v [0 ms, 3 lines, Verilog_2001] ...
Done /home/alexandru.madalin.vasilescu/dvt_predefined_projects_target/uvm_ref_flow_1.1/designs/socv/rtl/rtl_lpw/opencores/ethmac/rtl/eth_register.v [3 ms, 110 lines, Verilog_2001] ...
Loading (403) /home/alexandru.madalin.vasilescu/dvt_predefined_projects_target/uvm_ref_flow_1.1/designs/socv/rtl/rtl_lpw/opencores/ethmac/rtl/eth_registers.v ...
Loading (404) /home/alexandru.madalin.vasilescu/dvt_predefined_projects_target/uvm_ref_flow_1.1/designs/socv/rtl/rtl_lpw/opencores/ethmac/rtl/eth_defines.v ...
Done /home/alexandru.madalin.vasilescu/dvt_predefined_projects_target/uvm_ref_flow_1.1/designs/socv/rtl/rtl_lpw/opencores/ethmac/rtl/eth_defines.v [0 ms, 346 lines, Verilog_2001] ...
Loading (405) /home/alexandru.madalin.vasilescu/dvt_predefined_projects_target/uvm_ref_flow_1.1/designs/socv/rtl/rtl_lpw/opencores/spi/rtl/timescale.v ...
Done /home/alexandru.madalin.vasilescu/dvt_predefined_projects_target/uvm_ref_flow_1.1/designs/socv/rtl/rtl_lpw/opencores/spi/rtl/timescale.v [0 ms, 3 lines, Verilog_2001] ...
Done /home/alexandru.madalin.vasilescu/dvt_predefined_projects_target/uvm_ref_flow_1.1/designs/socv/rtl/rtl_lpw/opencores/ethmac/rtl/eth_registers.v [40 ms, 1182 lines, Verilog_2001] ...
Loading (406) /home/alexandru.madalin.vasilescu/dvt_predefined_projects_target/uvm_ref_flow_1.1/designs/socv/rtl/rtl_lpw/opencores/ethmac/rtl/eth_rxcounters.v ...
Loading (407) /home/alexandru.madalin.vasilescu/dvt_predefined_projects_target/uvm_ref_flow_1.1/designs/socv/rtl/rtl_lpw/opencores/spi/rtl/timescale.v ...
Done /home/alexandru.madalin.vasilescu/dvt_predefined_projects_target/uvm_ref_flow_1.1/designs/socv/rtl/rtl_lpw/opencores/spi/rtl/timescale.v [1 ms, 3 lines, Verilog_2001] ...
Done /home/alexandru.madalin.vasilescu/dvt_predefined_projects_target/uvm_ref_flow_1.1/designs/socv/rtl/rtl_lpw/opencores/ethmac/rtl/eth_rxcounters.v [7 ms, 219 lines, Verilog_2001] ...
Loading (408) /home/alexandru.madalin.vasilescu/dvt_predefined_projects_target/uvm_ref_flow_1.1/designs/socv/rtl/rtl_lpw/opencores/ethmac/rtl/eth_rxethmac.v ...
Loading (409) /home/alexandru.madalin.vasilescu/dvt_predefined_projects_target/uvm_ref_flow_1.1/designs/socv/rtl/rtl_lpw/opencores/spi/rtl/timescale.v ...
Done /home/alexandru.madalin.vasilescu/dvt_predefined_projects_target/uvm_ref_flow_1.1/designs/socv/rtl/rtl_lpw/opencores/spi/rtl/timescale.v [0 ms, 3 lines, Verilog_2001] ...
Done /home/alexandru.madalin.vasilescu/dvt_predefined_projects_target/uvm_ref_flow_1.1/designs/socv/rtl/rtl_lpw/opencores/ethmac/rtl/eth_rxethmac.v [4 ms, 378 lines, Verilog_2001] ...
Loading (410) /home/alexandru.madalin.vasilescu/dvt_predefined_projects_target/uvm_ref_flow_1.1/designs/socv/rtl/rtl_lpw/opencores/ethmac/rtl/eth_rxstatem.v ...
Loading (411) /home/alexandru.madalin.vasilescu/dvt_predefined_projects_target/uvm_ref_flow_1.1/designs/socv/rtl/rtl_lpw/opencores/spi/rtl/timescale.v ...
Done /home/alexandru.madalin.vasilescu/dvt_predefined_projects_target/uvm_ref_flow_1.1/designs/socv/rtl/rtl_lpw/opencores/spi/rtl/timescale.v [0 ms, 3 lines, Verilog_2001] ...
Done /home/alexandru.madalin.vasilescu/dvt_predefined_projects_target/uvm_ref_flow_1.1/designs/socv/rtl/rtl_lpw/opencores/ethmac/rtl/eth_rxstatem.v [2 ms, 197 lines, Verilog_2001] ...
Loading (412) /home/alexandru.madalin.vasilescu/dvt_predefined_projects_target/uvm_ref_flow_1.1/designs/socv/rtl/rtl_lpw/opencores/ethmac/rtl/eth_shiftreg.v ...
Loading (413) /home/alexandru.madalin.vasilescu/dvt_predefined_projects_target/uvm_ref_flow_1.1/designs/socv/rtl/rtl_lpw/opencores/spi/rtl/timescale.v ...
Done /home/alexandru.madalin.vasilescu/dvt_predefined_projects_target/uvm_ref_flow_1.1/designs/socv/rtl/rtl_lpw/opencores/spi/rtl/timescale.v [0 ms, 3 lines, Verilog_2001] ...
Done /home/alexandru.madalin.vasilescu/dvt_predefined_projects_target/uvm_ref_flow_1.1/designs/socv/rtl/rtl_lpw/opencores/ethmac/rtl/eth_shiftreg.v [5 ms, 152 lines, Verilog_2001] ...
Loading (414) /home/alexandru.madalin.vasilescu/dvt_predefined_projects_target/uvm_ref_flow_1.1/designs/socv/rtl/rtl_lpw/opencores/ethmac/rtl/eth_top.v ...
Optimizing (415) /home/alexandru.madalin.vasilescu/dvt_predefined_projects_target/uvm_ref_flow_1.1/designs/socv/rtl/rtl_lpw/opencores/ethmac/rtl/eth_defines.v ...
Loading (416) /home/alexandru.madalin.vasilescu/dvt_predefined_projects_target/uvm_ref_flow_1.1/designs/socv/rtl/rtl_lpw/opencores/spi/rtl/timescale.v ...
Done /home/alexandru.madalin.vasilescu/dvt_predefined_projects_target/uvm_ref_flow_1.1/designs/socv/rtl/rtl_lpw/opencores/spi/rtl/timescale.v [0 ms, 3 lines, Verilog_2001] ...
Done /home/alexandru.madalin.vasilescu/dvt_predefined_projects_target/uvm_ref_flow_1.1/designs/socv/rtl/rtl_lpw/opencores/ethmac/rtl/eth_top.v [19 ms, 969 lines, Verilog_2001] ...
Loading (417) /home/alexandru.madalin.vasilescu/dvt_predefined_projects_target/uvm_ref_flow_1.1/designs/socv/rtl/rtl_lpw/opencores/ethmac/rtl/eth_transmitcontrol.v ...
Loading (418) /home/alexandru.madalin.vasilescu/dvt_predefined_projects_target/uvm_ref_flow_1.1/designs/socv/rtl/rtl_lpw/opencores/spi/rtl/timescale.v ...
Done /home/alexandru.madalin.vasilescu/dvt_predefined_projects_target/uvm_ref_flow_1.1/designs/socv/rtl/rtl_lpw/opencores/spi/rtl/timescale.v [0 ms, 3 lines, Verilog_2001] ...
Done /home/alexandru.madalin.vasilescu/dvt_predefined_projects_target/uvm_ref_flow_1.1/designs/socv/rtl/rtl_lpw/opencores/ethmac/rtl/eth_transmitcontrol.v [10 ms, 327 lines, Verilog_2001] ...
Loading (419) /home/alexandru.madalin.vasilescu/dvt_predefined_projects_target/uvm_ref_flow_1.1/designs/socv/rtl/rtl_lpw/opencores/ethmac/rtl/eth_txcounters.v ...
Loading (420) /home/alexandru.madalin.vasilescu/dvt_predefined_projects_target/uvm_ref_flow_1.1/designs/socv/rtl/rtl_lpw/opencores/spi/rtl/timescale.v ...
Done /home/alexandru.madalin.vasilescu/dvt_predefined_projects_target/uvm_ref_flow_1.1/designs/socv/rtl/rtl_lpw/opencores/spi/rtl/timescale.v [1 ms, 3 lines, Verilog_2001] ...
Done /home/alexandru.madalin.vasilescu/dvt_predefined_projects_target/uvm_ref_flow_1.1/designs/socv/rtl/rtl_lpw/opencores/ethmac/rtl/eth_txcounters.v [5 ms, 222 lines, Verilog_2001] ...
Loading (421) /home/alexandru.madalin.vasilescu/dvt_predefined_projects_target/uvm_ref_flow_1.1/designs/socv/rtl/rtl_lpw/opencores/ethmac/rtl/eth_txethmac.v ...
Loading (422) /home/alexandru.madalin.vasilescu/dvt_predefined_projects_target/uvm_ref_flow_1.1/designs/socv/rtl/rtl_lpw/opencores/spi/rtl/timescale.v ...
Done /home/alexandru.madalin.vasilescu/dvt_predefined_projects_target/uvm_ref_flow_1.1/designs/socv/rtl/rtl_lpw/opencores/spi/rtl/timescale.v [0 ms, 3 lines, Verilog_2001] ...
Done /home/alexandru.madalin.vasilescu/dvt_predefined_projects_target/uvm_ref_flow_1.1/designs/socv/rtl/rtl_lpw/opencores/ethmac/rtl/eth_txethmac.v [14 ms, 493 lines, Verilog_2001] ...
Loading (423) /home/alexandru.madalin.vasilescu/dvt_predefined_projects_target/uvm_ref_flow_1.1/designs/socv/rtl/rtl_lpw/opencores/ethmac/rtl/eth_txstatem.v ...
Loading (424) /home/alexandru.madalin.vasilescu/dvt_predefined_projects_target/uvm_ref_flow_1.1/designs/socv/rtl/rtl_lpw/opencores/spi/rtl/timescale.v ...
Done /home/alexandru.madalin.vasilescu/dvt_predefined_projects_target/uvm_ref_flow_1.1/designs/socv/rtl/rtl_lpw/opencores/spi/rtl/timescale.v [0 ms, 3 lines, Verilog_2001] ...
Done /home/alexandru.madalin.vasilescu/dvt_predefined_projects_target/uvm_ref_flow_1.1/designs/socv/rtl/rtl_lpw/opencores/ethmac/rtl/eth_txstatem.v [8 ms, 285 lines, Verilog_2001] ...
Loading (425) /home/alexandru.madalin.vasilescu/dvt_predefined_projects_target/uvm_ref_flow_1.1/designs/socv/rtl/rtl_lpw/opencores/ethmac/rtl/eth_clockgen.v ...
Loading (426) /home/alexandru.madalin.vasilescu/dvt_predefined_projects_target/uvm_ref_flow_1.1/designs/socv/rtl/rtl_lpw/opencores/spi/rtl/timescale.v ...
Done /home/alexandru.madalin.vasilescu/dvt_predefined_projects_target/uvm_ref_flow_1.1/designs/socv/rtl/rtl_lpw/opencores/spi/rtl/timescale.v [0 ms, 3 lines, Verilog_2001] ...
Done /home/alexandru.madalin.vasilescu/dvt_predefined_projects_target/uvm_ref_flow_1.1/designs/socv/rtl/rtl_lpw/opencores/ethmac/rtl/eth_clockgen.v [4 ms, 132 lines, Verilog_2001] ...
Loading (427) /home/alexandru.madalin.vasilescu/dvt_predefined_projects_target/uvm_ref_flow_1.1/designs/socv/rtl/rtl_lpw/opencores/ethmac/rtl/eth_spram_256x32.v ...
Optimizing (428) /home/alexandru.madalin.vasilescu/dvt_predefined_projects_target/uvm_ref_flow_1.1/designs/socv/rtl/rtl_lpw/opencores/ethmac/rtl/eth_defines.v ...
Loading (429) /home/alexandru.madalin.vasilescu/dvt_predefined_projects_target/uvm_ref_flow_1.1/designs/socv/rtl/rtl_lpw/opencores/spi/rtl/timescale.v ...
Done /home/alexandru.madalin.vasilescu/dvt_predefined_projects_target/uvm_ref_flow_1.1/designs/socv/rtl/rtl_lpw/opencores/spi/rtl/timescale.v [0 ms, 3 lines, Verilog_2001] ...
Done /home/alexandru.madalin.vasilescu/dvt_predefined_projects_target/uvm_ref_flow_1.1/designs/socv/rtl/rtl_lpw/opencores/ethmac/rtl/eth_spram_256x32.v [5 ms, 310 lines, Verilog_2001] ...
Loading (430) /home/alexandru.madalin.vasilescu/dvt_predefined_projects_target/uvm_ref_flow_1.1/designs/socv/rtl/rtl_lpw/opencores/ethmac/rtl/eth_wishbone.v ...
Optimizing (431) /home/alexandru.madalin.vasilescu/dvt_predefined_projects_target/uvm_ref_flow_1.1/designs/socv/rtl/rtl_lpw/opencores/ethmac/rtl/eth_defines.v ...
Loading (432) /home/alexandru.madalin.vasilescu/dvt_predefined_projects_target/uvm_ref_flow_1.1/designs/socv/rtl/rtl_lpw/opencores/spi/rtl/timescale.v ...
Done /home/alexandru.madalin.vasilescu/dvt_predefined_projects_target/uvm_ref_flow_1.1/designs/socv/rtl/rtl_lpw/opencores/spi/rtl/timescale.v [0 ms, 3 lines, Verilog_2001] ...
Done /home/alexandru.madalin.vasilescu/dvt_predefined_projects_target/uvm_ref_flow_1.1/designs/socv/rtl/rtl_lpw/opencores/ethmac/rtl/eth_wishbone.v [33 ms, 2557 lines, Verilog_2001] ...
Loading (433) /home/alexandru.madalin.vasilescu/dvt_predefined_projects_target/uvm_ref_flow_1.1/designs/socv/rtl/rtl_lpw/opencores/ethmac/rtl/eth_fifo.v ...
Optimizing (434) /home/alexandru.madalin.vasilescu/dvt_predefined_projects_target/uvm_ref_flow_1.1/designs/socv/rtl/rtl_lpw/opencores/ethmac/rtl/eth_defines.v ...
Loading (435) /home/alexandru.madalin.vasilescu/dvt_predefined_projects_target/uvm_ref_flow_1.1/designs/socv/rtl/rtl_lpw/opencores/spi/rtl/timescale.v ...
Done /home/alexandru.madalin.vasilescu/dvt_predefined_projects_target/uvm_ref_flow_1.1/designs/socv/rtl/rtl_lpw/opencores/spi/rtl/timescale.v [0 ms, 3 lines, Verilog_2001] ...
Done /home/alexandru.madalin.vasilescu/dvt_predefined_projects_target/uvm_ref_flow_1.1/designs/socv/rtl/rtl_lpw/opencores/ethmac/rtl/eth_fifo.v [3 ms, 187 lines, Verilog_2001] ...
Loading (436) /home/alexandru.madalin.vasilescu/dvt_predefined_projects_target/uvm_ref_flow_1.1/designs/socv/rtl/rtl_lpw/opencores/ethmac/rtl/eth_rxaddrcheck.v ...
Loading (437) /home/alexandru.madalin.vasilescu/dvt_predefined_projects_target/uvm_ref_flow_1.1/designs/socv/rtl/rtl_lpw/opencores/spi/rtl/timescale.v ...
Done /home/alexandru.madalin.vasilescu/dvt_predefined_projects_target/uvm_ref_flow_1.1/designs/socv/rtl/rtl_lpw/opencores/spi/rtl/timescale.v [0 ms, 3 lines, Verilog_2001] ...
Done /home/alexandru.madalin.vasilescu/dvt_predefined_projects_target/uvm_ref_flow_1.1/designs/socv/rtl/rtl_lpw/opencores/ethmac/rtl/eth_rxaddrcheck.v [2 ms, 208 lines, Verilog_2001] ...
Loading (438) /home/alexandru.madalin.vasilescu/dvt_predefined_projects_target/uvm_ref_flow_1.1/designs/socv/rtl/rtl_lpw/cdn_chip/rtl/ahb2ocp.v ...
Loading (439) /home/alexandru.madalin.vasilescu/dvt_predefined_projects_target/uvm_ref_flow_1.1/designs/socv/rtl/rtl_lpw/cdn_chip/rtl/ahb2ocp_defs.v ...
Done /home/alexandru.madalin.vasilescu/dvt_predefined_projects_target/uvm_ref_flow_1.1/designs/socv/rtl/rtl_lpw/cdn_chip/rtl/ahb2ocp_defs.v [0 ms, 36 lines, Verilog_2001] ...
Done /home/alexandru.madalin.vasilescu/dvt_predefined_projects_target/uvm_ref_flow_1.1/designs/socv/rtl/rtl_lpw/cdn_chip/rtl/ahb2ocp.v [5 ms, 550 lines, Verilog_2001] ...
Loading (440) /home/alexandru.madalin.vasilescu/dvt_predefined_projects_target/uvm_ref_flow_1.1/designs/socv/rtl/rtl_lpw/cdn_chip/rtl/ahb2ocp_ram.v ...
Done /home/alexandru.madalin.vasilescu/dvt_predefined_projects_target/uvm_ref_flow_1.1/designs/socv/rtl/rtl_lpw/cdn_chip/rtl/ahb2ocp_ram.v [3 ms, 94 lines, Verilog_2001] ...
*** Done parsing invocation #2 [5040 ms] ***
*** Done parsing [LT 4396 ms, PT 5040 ms] ***
*** Total number of lines [125 354] ***
*** Warning: SYSTEM_VERILOG_2012: Expecting `endif label 'UVM_CMDLINE_PROCESSOR_SV' found 'UVM_CMDLINE_PROC_PKG_SV'
    at line 432 in /home/alexandru.madalin.vasilescu/.vscode/extensions/amiq.dvt-26.1.19-linux-x64/dvt_home/common/predefined_projects/libs/uvm-1.1b/src/base/uvm_cmdline_processor.svh:432 [compile index 1][invocation 1]
*** Warning: SYSTEM_VERILOG_2012: Expecting `endif label 'UART_CRTL_PKG_SV' found 'UART_CTRL_PKG_SV'
    at line 51 in /home/alexandru.madalin.vasilescu/dvt_predefined_projects_target/uvm_ref_flow_1.1/soc_verification_lib/sv_cb_ex_lib/uart_ctrl/sv/uart_ctrl_pkg.sv:51 [compile index 1][invocation 1]
*** Warning: SYSTEM_VERILOG_2012: Expecting `endif label 'APB_SUBSYSTEM_CTRL_CONFIG_SV' found 'UART_CTRL_CONFIG_SV'
    at line 85 in /home/alexandru.madalin.vasilescu/dvt_predefined_projects_target/uvm_ref_flow_1.1/soc_verification_lib/sv_cb_ex_lib/apb_subsystem/sv/apb_subsystem_config.sv:85 [compile index 1][invocation 1]
Performing post full build actions ...
Performing post full build step 1 (SRI) [5 ms] ...
Performing post full build step 2 (RI) [31 ms] ...
Performing post full build step 3 (RCP) [224 ms] ...
*** Files summary [440 total, 357 unique, 45 optimized] ***
*** Done SystemVerilog build [5s.409ms] ***

*** Start mixed mode extension build ***
Performing mixed post full build step (VLOG - RI) [16 ms] ...
*** Top designs: work.apb_subsystem_top
Performing mixed post full build step (MIXED - ELAB) [4234 ms] ...
Performing mixed post full build step (MIXED - UNEL) [55 ms] ...
*** Warning: OVERRIDE_VIRTUAL_METHOD: Qualifier 'protected' of method 'uvm_task_phase.execute' does not match qualifier 'public' of overridden 'uvm_phase.execute'
    at line 133 in /home/alexandru.madalin.vasilescu/.vscode/extensions/amiq.dvt-26.1.19-linux-x64/dvt_home/common/predefined_projects/libs/uvm-1.1b/src/base/uvm_task_phase.svh:133 [compile index 52]
*** Warning: OVERRIDE_VIRTUAL_METHOD: Qualifier 'protected' of method 'uvm_bottomup_phase.execute' does not match qualifier 'public' of overridden 'uvm_phase.execute'
    at line 101 in /home/alexandru.madalin.vasilescu/.vscode/extensions/amiq.dvt-26.1.19-linux-x64/dvt_home/common/predefined_projects/libs/uvm-1.1b/src/base/uvm_bottomup_phase.svh:101 [compile index 50]
*** Warning: OVERRIDE_VIRTUAL_METHOD: Qualifier 'protected' of method 'uvm_topdown_phase.execute' does not match qualifier 'public' of overridden 'uvm_phase.execute'
    at line 104 in /home/alexandru.madalin.vasilescu/.vscode/extensions/amiq.dvt-26.1.19-linux-x64/dvt_home/common/predefined_projects/libs/uvm-1.1b/src/base/uvm_topdown_phase.svh:104 [compile index 51]
*** Warning: WIDTH_MISMATCH_TRUNCATION: Assignment to 'lhs' of '64-bit' type from 'lhs' of '4096-bit' type
    at line 151 in /home/alexandru.madalin.vasilescu/.vscode/extensions/amiq.dvt-26.1.19-linux-x64/dvt_home/common/predefined_projects/libs/uvm-1.1b/src/base/uvm_comparer.svh:151 [compile index 35]
*** Warning: WIDTH_MISMATCH_TRUNCATION: Assignment to 'rhs' of '64-bit' type from 'rhs' of '4096-bit' type
    at line 151 in /home/alexandru.madalin.vasilescu/.vscode/extensions/amiq.dvt-26.1.19-linux-x64/dvt_home/common/predefined_projects/libs/uvm-1.1b/src/base/uvm_comparer.svh:151 [compile index 35]
*** Warning: WIDTH_MISMATCH_PADDING: Assignment to 'mask' of '64-bit' type from '- 1' of '32-bit' type
    at line 210 in /home/alexandru.madalin.vasilescu/.vscode/extensions/amiq.dvt-26.1.19-linux-x64/dvt_home/common/predefined_projects/libs/uvm-1.1b/src/base/uvm_comparer.svh:210 [compile index 35]
*** Warning: WIDTH_MISMATCH_PADDING: Assignment to 'is_non_null' of '8-bit' type from 'm_bits[count +: 4]' of '4-bit' type
    at line 671 in /home/alexandru.madalin.vasilescu/.vscode/extensions/amiq.dvt-26.1.19-linux-x64/dvt_home/common/predefined_projects/libs/uvm-1.1b/src/base/uvm_packer.svh:671 [compile index 36]
*** Warning: WIDTH_MISMATCH_PADDING: Assignment to 'unpack_field_int' of '64-bit' type from ''b0' of '32-bit' type
    at line 738 in /home/alexandru.madalin.vasilescu/.vscode/extensions/amiq.dvt-26.1.19-linux-x64/dvt_home/common/predefined_projects/libs/uvm-1.1b/src/base/uvm_packer.svh:738 [compile index 36]
*** Warning: WIDTH_MISMATCH_TRUNCATION: Assignment to 'value' of '1024-bit' type from 'value' of '4096-bit' type
    at line 138 in /home/alexandru.madalin.vasilescu/.vscode/extensions/amiq.dvt-26.1.19-linux-x64/dvt_home/common/predefined_projects/libs/uvm-1.1b/src/base/uvm_recorder.svh:138 [compile index 37]
*** Warning: WIDTH_MISMATCH_PADDING: Assignment to 'value' of '1024-bit' type from 'ival' of '64-bit' type
    at line 152 in /home/alexandru.madalin.vasilescu/.vscode/extensions/amiq.dvt-26.1.19-linux-x64/dvt_home/common/predefined_projects/libs/uvm-1.1b/src/base/uvm_recorder.svh:152 [compile index 37]
*** Warning: WIDTH_MISMATCH_PADDING: Assignment to 'value' of '1024-bit' type from 'v' of '32-bit' type
    at line 173 in /home/alexandru.madalin.vasilescu/.vscode/extensions/amiq.dvt-26.1.19-linux-x64/dvt_home/common/predefined_projects/libs/uvm-1.1b/src/base/uvm_recorder.svh:173 [compile index 37]
*** Warning: WIDTH_MISMATCH_TRUNCATION: Assignment to 'value' of '1024-bit' type from 'uvm_string_to_bits()' of '115200-bit' type
    at line 196 in /home/alexandru.madalin.vasilescu/.vscode/extensions/amiq.dvt-26.1.19-linux-x64/dvt_home/common/predefined_projects/libs/uvm-1.1b/src/base/uvm_recorder.svh:196 [compile index 37]
*** Warning: WIDTH_MISMATCH_PADDING: Assignment to 'value' of '1024-bit' type from 'value' of '64-bit' type
    at line 208 in /home/alexandru.madalin.vasilescu/.vscode/extensions/amiq.dvt-26.1.19-linux-x64/dvt_home/common/predefined_projects/libs/uvm-1.1b/src/base/uvm_recorder.svh:208 [compile index 37]
*** Warning: WIDTH_MISMATCH_TRUNCATION: Assignment to 'value' of '1024-bit' type from 'uvm_string_to_bits()' of '115200-bit' type
    at line 221 in /home/alexandru.madalin.vasilescu/.vscode/extensions/amiq.dvt-26.1.19-linux-x64/dvt_home/common/predefined_projects/libs/uvm-1.1b/src/base/uvm_recorder.svh:221 [compile index 37]
*** Warning: WIDTH_MISMATCH_ROUNDING: Assignment to 'error_time' of '64-bit' type from '$realtime' of 'real' type
    at line 2729 in /home/alexandru.madalin.vasilescu/.vscode/extensions/amiq.dvt-26.1.19-linux-x64/dvt_home/common/predefined_projects/libs/uvm-1.1b/src/base/uvm_component.svh:2729 [compile index 55]
*** Warning: WIDTH_MISMATCH_ROUNDING: Assignment to 'event_time' of '64-bit' type from '$realtime' of 'real' type
    at line 2765 in /home/alexandru.madalin.vasilescu/.vscode/extensions/amiq.dvt-26.1.19-linux-x64/dvt_home/common/predefined_projects/libs/uvm-1.1b/src/base/uvm_component.svh:2765 [compile index 55]
*** Warning: WIDTH_MISMATCH_PADDING: Assignment to 'verbosity' of '32-bit' type from 'UVM_INFO' of '2-bit' type
    at line 2962 in /home/alexandru.madalin.vasilescu/.vscode/extensions/amiq.dvt-26.1.19-linux-x64/dvt_home/common/predefined_projects/libs/uvm-1.1b/src/base/uvm_component.svh:2962 [compile index 55]
*** Warning: WIDTH_MISMATCH_PADDING: Assignment to 'verbosity' of '32-bit' type from 'UVM_INFO' of '2-bit' type
    at line 3075 in /home/alexandru.madalin.vasilescu/.vscode/extensions/amiq.dvt-26.1.19-linux-x64/dvt_home/common/predefined_projects/libs/uvm-1.1b/src/base/uvm_component.svh:3075 [compile index 55]
*** Warning: CASE_ITEM_SIGNING_MISMATCH: Comparison between case expression 'recording_detail' of unsigned type and item expression 'UVM_LOW' of signed type
    at line 3123 in /home/alexandru.madalin.vasilescu/.vscode/extensions/amiq.dvt-26.1.19-linux-x64/dvt_home/common/predefined_projects/libs/uvm-1.1b/src/base/uvm_component.svh:3123 [compile index 55]
*** Warning: CASE_ITEM_SIGNING_MISMATCH: Comparison between case expression 'recording_detail' of unsigned type and item expression 'UVM_MEDIUM' of signed type
    at line 3125 in /home/alexandru.madalin.vasilescu/.vscode/extensions/amiq.dvt-26.1.19-linux-x64/dvt_home/common/predefined_projects/libs/uvm-1.1b/src/base/uvm_component.svh:3125 [compile index 55]
*** Warning: CASE_ITEM_SIGNING_MISMATCH: Comparison between case expression 'recording_detail' of unsigned type and item expression 'UVM_HIGH' of signed type
    at line 3127 in /home/alexandru.madalin.vasilescu/.vscode/extensions/amiq.dvt-26.1.19-linux-x64/dvt_home/common/predefined_projects/libs/uvm-1.1b/src/base/uvm_component.svh:3127 [compile index 55]
*** Warning: CASE_ITEM_SIGNING_MISMATCH: Comparison between case expression 'recording_detail' of unsigned type and item expression 'UVM_FULL' of signed type
    at line 3129 in /home/alexandru.madalin.vasilescu/.vscode/extensions/amiq.dvt-26.1.19-linux-x64/dvt_home/common/predefined_projects/libs/uvm-1.1b/src/base/uvm_component.svh:3129 [compile index 55]
*** Warning: WIDTH_MISMATCH_TRUNCATION: Assignment to 'recording_detail' of '32-bit' type from 'value' of '4096-bit' type
    at line 3156 in /home/alexandru.madalin.vasilescu/.vscode/extensions/amiq.dvt-26.1.19-linux-x64/dvt_home/common/predefined_projects/libs/uvm-1.1b/src/base/uvm_component.svh:3156 [compile index 55]
*** Warning: WIDTH_MISMATCH_PADDING: Assignment to 'offset' of '64-bit' type from 'args[4].atoi()' of '32-bit' type
    at line 3209 in /home/alexandru.madalin.vasilescu/.vscode/extensions/amiq.dvt-26.1.19-linux-x64/dvt_home/common/predefined_projects/libs/uvm-1.1b/src/base/uvm_component.svh:3209 [compile index 55]
*** Warning: WIDTH_MISMATCH_PADDING: Assignment to 'timeout' of '64-bit' type from 'timeout_int' of '32-bit' type
    at line 608 in /home/alexandru.madalin.vasilescu/.vscode/extensions/amiq.dvt-26.1.19-linux-x64/dvt_home/common/predefined_projects/libs/uvm-1.1b/src/base/uvm_root.svh:608 [compile index 56]
*** Warning: WIDTH_MISMATCH_PADDING: Assignment to 'timeout' of '64-bit' type from 'timeout_int' of '32-bit' type
    at line 609 in /home/alexandru.madalin.vasilescu/.vscode/extensions/amiq.dvt-26.1.19-linux-x64/dvt_home/common/predefined_projects/libs/uvm-1.1b/src/base/uvm_root.svh:609 [compile index 56]
*** Warning: WIDTH_MISMATCH_PADDING: Assignment to 'timeout' of '64-bit' type from 'timeout_int' of '32-bit' type
    at line 610 in /home/alexandru.madalin.vasilescu/.vscode/extensions/amiq.dvt-26.1.19-linux-x64/dvt_home/common/predefined_projects/libs/uvm-1.1b/src/base/uvm_root.svh:610 [compile index 56]
*** Warning: WIDTH_MISMATCH_TRUNCATION: Assignment to 'replace' of '1-bit' type from 'replace' of '32-bit' type
    at line 680 in /home/alexandru.madalin.vasilescu/.vscode/extensions/amiq.dvt-26.1.19-linux-x64/dvt_home/common/predefined_projects/libs/uvm-1.1b/src/base/uvm_root.svh:680 [compile index 56]
*** Warning: WIDTH_MISMATCH_ROUNDING: Assignment to 'trigger_time' of '64-bit' type from '$realtime' of 'real' type
    at line 184 in /home/alexandru.madalin.vasilescu/.vscode/extensions/amiq.dvt-26.1.19-linux-x64/dvt_home/common/predefined_projects/libs/uvm-1.1b/src/base/uvm_event.svh:184 [compile index 39]
*** Warning: WIDTH_MISMATCH_ROUNDING: Assignment to 'read_time' of '64-bit' type from '$realtime' of 'real' type
    at line 514 in /home/alexandru.madalin.vasilescu/.vscode/extensions/amiq.dvt-26.1.19-linux-x64/dvt_home/common/predefined_projects/libs/uvm-1.1b/src/base/uvm_resource.svh:514 [compile index 29]
*** Warning: WIDTH_MISMATCH_ROUNDING: Assignment to 'write_time' of '64-bit' type from '$realtime' of 'real' type
    at line 540 in /home/alexandru.madalin.vasilescu/.vscode/extensions/amiq.dvt-26.1.19-linux-x64/dvt_home/common/predefined_projects/libs/uvm-1.1b/src/base/uvm_resource.svh:540 [compile index 29]
*** Warning: WIDTH_MISMATCH_ROUNDING: Assignment to 't' of '64-bit' type from '$realtime' of 'real' type
    at line 833 in /home/alexandru.madalin.vasilescu/.vscode/extensions/amiq.dvt-26.1.19-linux-x64/dvt_home/common/predefined_projects/libs/uvm-1.1b/src/base/uvm_resource.svh:833 [compile index 29]
*** Warning: WIDTH_MISMATCH_TRUNCATION: Returning '$cast()' of '32-bit' type for function of '1-bit' return type
    at line 204 in /home/alexandru.madalin.vasilescu/.vscode/extensions/amiq.dvt-26.1.19-linux-x64/dvt_home/common/predefined_projects/libs/uvm-1.1b/src/base/uvm_callback.svh:204 [compile index 41]
*** Warning: WIDTH_MISMATCH_TRUNCATION: Assignment to 'warned' of '1-bit' type from 'm_cb_find_name()' of '32-bit' type
    at line 253 in /home/alexandru.madalin.vasilescu/.vscode/extensions/amiq.dvt-26.1.19-linux-x64/dvt_home/common/predefined_projects/libs/uvm-1.1b/src/base/uvm_callback.svh:253 [compile index 41]
*** Warning: WIDTH_MISMATCH_TRUNCATION: Returning '$cast()' of '32-bit' type for function of '1-bit' return type
    at line 567 in /home/alexandru.madalin.vasilescu/.vscode/extensions/amiq.dvt-26.1.19-linux-x64/dvt_home/common/predefined_projects/libs/uvm-1.1b/src/base/uvm_callback.svh:567 [compile index 41]
*** Warning: WIDTH_MISMATCH_TRUNCATION: Assignment to 'report_ok' of '1-bit' type from 'uvm_report_catcher::process_al...' of '32-bit' type
    at line 286 in /home/alexandru.madalin.vasilescu/.vscode/extensions/amiq.dvt-26.1.19-linux-x64/dvt_home/common/predefined_projects/libs/uvm-1.1b/src/base/uvm_report_server.svh:286 [compile index 44]
*** Warning: CASE_ITEM_SIGNING_MISMATCH: Comparison between case expression '1' of signed type and item expression '((name == "") && (filename == ...' of unsigned type
    at line 383 in /home/alexandru.madalin.vasilescu/.vscode/extensions/amiq.dvt-26.1.19-linux-x64/dvt_home/common/predefined_projects/libs/uvm-1.1b/src/base/uvm_report_server.svh:383 [compile index 44]
*** Warning: CASE_ITEM_SIGNING_MISMATCH: Comparison between case expression '1' of signed type and item expression '((name != "") && (filename == ...' of unsigned type
    at line 385 in /home/alexandru.madalin.vasilescu/.vscode/extensions/amiq.dvt-26.1.19-linux-x64/dvt_home/common/predefined_projects/libs/uvm-1.1b/src/base/uvm_report_server.svh:385 [compile index 44]
*** Warning: CASE_ITEM_SIGNING_MISMATCH: Comparison between case expression '1' of signed type and item expression '((name == "") && (filename != ...' of unsigned type
    at line 387 in /home/alexandru.madalin.vasilescu/.vscode/extensions/amiq.dvt-26.1.19-linux-x64/dvt_home/common/predefined_projects/libs/uvm-1.1b/src/base/uvm_report_server.svh:387 [compile index 44]
*** Warning: CASE_ITEM_SIGNING_MISMATCH: Comparison between case expression '1' of signed type and item expression '((name != "") && (filename != ...' of unsigned type
    at line 392 in /home/alexandru.madalin.vasilescu/.vscode/extensions/amiq.dvt-26.1.19-linux-x64/dvt_home/common/predefined_projects/libs/uvm-1.1b/src/base/uvm_report_server.svh:392 [compile index 44]
*** Warning: WIDTH_MISMATCH_PADDING: Assignment to 'begin_time' of '64-bit' type from '- 1' of '32-bit' type
    at line 466 in /home/alexandru.madalin.vasilescu/.vscode/extensions/amiq.dvt-26.1.19-linux-x64/dvt_home/common/predefined_projects/libs/uvm-1.1b/src/base/uvm_transaction.svh:466 [compile index 47]
*** Warning: WIDTH_MISMATCH_PADDING: Assignment to 'end_time' of '64-bit' type from '- 1' of '32-bit' type
    at line 467 in /home/alexandru.madalin.vasilescu/.vscode/extensions/amiq.dvt-26.1.19-linux-x64/dvt_home/common/predefined_projects/libs/uvm-1.1b/src/base/uvm_transaction.svh:467 [compile index 47]
*** Warning: WIDTH_MISMATCH_PADDING: Assignment to 'accept_time' of '64-bit' type from '- 1' of '32-bit' type
    at line 468 in /home/alexandru.madalin.vasilescu/.vscode/extensions/amiq.dvt-26.1.19-linux-x64/dvt_home/common/predefined_projects/libs/uvm-1.1b/src/base/uvm_transaction.svh:468 [compile index 47]
*** Warning: WIDTH_MISMATCH_ROUNDING: Assignment to 'accept_time' of '64-bit' type from '$realtime' of 'real' type
    at line 693 in /home/alexandru.madalin.vasilescu/.vscode/extensions/amiq.dvt-26.1.19-linux-x64/dvt_home/common/predefined_projects/libs/uvm-1.1b/src/base/uvm_transaction.svh:693 [compile index 47]
*** Warning: WIDTH_MISMATCH_ROUNDING: Assignment to 'begin_time' of '64-bit' type from '$realtime' of 'real' type
    at line 727 in /home/alexandru.madalin.vasilescu/.vscode/extensions/amiq.dvt-26.1.19-linux-x64/dvt_home/common/predefined_projects/libs/uvm-1.1b/src/base/uvm_transaction.svh:727 [compile index 47]
*** Warning: WIDTH_MISMATCH_ROUNDING: Assignment to 'end_time' of '64-bit' type from '$realtime' of 'real' type
    at line 771 in /home/alexandru.madalin.vasilescu/.vscode/extensions/amiq.dvt-26.1.19-linux-x64/dvt_home/common/predefined_projects/libs/uvm-1.1b/src/base/uvm_transaction.svh:771 [compile index 47]
*** Warning: WIDTH_MISMATCH_ROUNDING: Assignment to 'last_trigger[source_obj]' of '64-bit' type from '$realtime' of 'real' type
    at line 312 in /home/alexandru.madalin.vasilescu/.vscode/extensions/amiq.dvt-26.1.19-linux-x64/dvt_home/common/predefined_projects/libs/uvm-1.1b/src/base/uvm_heartbeat.svh:312 [compile index 58]
*** Warning: WIDTH_MISMATCH_ROUNDING: Assignment to 'last_trigger' of '64-bit' type from '$realtime' of 'real' type
    at line 279 in /home/alexandru.madalin.vasilescu/.vscode/extensions/amiq.dvt-26.1.19-linux-x64/dvt_home/common/predefined_projects/libs/uvm-1.1b/src/base/uvm_heartbeat.svh:279 [compile index 58]
*** Warning: WIDTH_MISMATCH_TRUNCATION: Returning 'top.uvm_report_enabled()' of '32-bit' type for function of '1-bit' return type
    at line 119 in /home/alexandru.madalin.vasilescu/.vscode/extensions/amiq.dvt-26.1.19-linux-x64/dvt_home/common/predefined_projects/libs/uvm-1.1b/src/base/uvm_globals.svh:119 [compile index 59]
*** Warning: WIDTH_MISMATCH_TRUNCATION: Assignment to 'scope_separator' of '8-bit' type from 'UVM_DEC' of '32-bit' type
    at line 833 in /home/alexandru.madalin.vasilescu/.vscode/extensions/amiq.dvt-26.1.19-linux-x64/dvt_home/common/predefined_projects/libs/uvm-1.1b/src/seq/uvm_sequence_library.svh:833 [compile index 97]
*** Warning: WIDTH_MISMATCH_PADDING: Assignment to 'lhs' of '64-bit' type from 'l_count' of '32-bit' type
    at line 120 in /home/alexandru.madalin.vasilescu/.vscode/extensions/amiq.dvt-26.1.19-linux-x64/dvt_home/common/predefined_projects/libs/uvm-1.1b/src/seq/uvm_sequence_builtin.svh:120 [compile index 98]
*** Warning: WIDTH_MISMATCH_PADDING: Assignment to 'rhs' of '64-bit' type from 'l_count' of '32-bit' type
    at line 120 in /home/alexandru.madalin.vasilescu/.vscode/extensions/amiq.dvt-26.1.19-linux-x64/dvt_home/common/predefined_projects/libs/uvm-1.1b/src/seq/uvm_sequence_builtin.svh:120 [compile index 98]
*** Warning: WIDTH_MISMATCH_PADDING: Assignment to 'req_kind' of '32-bit' type from 'l_kind' of '10-bit' type
    at line 201 in /home/alexandru.madalin.vasilescu/.vscode/extensions/amiq.dvt-26.1.19-linux-x64/dvt_home/common/predefined_projects/libs/uvm-1.1b/src/seq/uvm_sequence_builtin.svh:201 [compile index 98]
*** Warning: WIDTH_MISMATCH_PADDING: Assignment to 'lhs' of '64-bit' type from 'l_count' of '32-bit' type
    at line 221 in /home/alexandru.madalin.vasilescu/.vscode/extensions/amiq.dvt-26.1.19-linux-x64/dvt_home/common/predefined_projects/libs/uvm-1.1b/src/seq/uvm_sequence_builtin.svh:221 [compile index 98]
*** Warning: WIDTH_MISMATCH_PADDING: Assignment to 'rhs' of '64-bit' type from 'l_count' of '32-bit' type
    at line 221 in /home/alexandru.madalin.vasilescu/.vscode/extensions/amiq.dvt-26.1.19-linux-x64/dvt_home/common/predefined_projects/libs/uvm-1.1b/src/seq/uvm_sequence_builtin.svh:221 [compile index 98]
*** Warning: WIDTH_MISMATCH_PADDING: Assignment to 'tmp__' of '64-bit' type from 'm_command' of '32-bit' type
    at line 515 in /home/alexandru.madalin.vasilescu/.vscode/extensions/amiq.dvt-26.1.19-linux-x64/dvt_home/common/predefined_projects/libs/uvm-1.1b/src/tlm2/uvm_tlm2_generic_payload.svh:515 [compile index 102]
*** Warning: WIDTH_MISMATCH_PADDING: Assignment to 'tmp__' of '64-bit' type from 'm_length' of '32-bit' type
    at line 516 in /home/alexandru.madalin.vasilescu/.vscode/extensions/amiq.dvt-26.1.19-linux-x64/dvt_home/common/predefined_projects/libs/uvm-1.1b/src/tlm2/uvm_tlm2_generic_payload.svh:516 [compile index 102]
*** Warning: WIDTH_MISMATCH_PADDING: Assignment to 'tmp__' of '64-bit' type from 'm_data[i]' of '8-bit' type
    at line 518 in /home/alexandru.madalin.vasilescu/.vscode/extensions/amiq.dvt-26.1.19-linux-x64/dvt_home/common/predefined_projects/libs/uvm-1.1b/src/tlm2/uvm_tlm2_generic_payload.svh:518 [compile index 102]
*** Warning: WIDTH_MISMATCH_PADDING: Assignment to 'tmp__' of '64-bit' type from 'm_response_status' of '32-bit' type
    at line 519 in /home/alexandru.madalin.vasilescu/.vscode/extensions/amiq.dvt-26.1.19-linux-x64/dvt_home/common/predefined_projects/libs/uvm-1.1b/src/tlm2/uvm_tlm2_generic_payload.svh:519 [compile index 102]
*** Warning: WIDTH_MISMATCH_PADDING: Assignment to 'tmp__' of '64-bit' type from 'm_byte_enable_length' of '32-bit' type
    at line 520 in /home/alexandru.madalin.vasilescu/.vscode/extensions/amiq.dvt-26.1.19-linux-x64/dvt_home/common/predefined_projects/libs/uvm-1.1b/src/tlm2/uvm_tlm2_generic_payload.svh:520 [compile index 102]
*** Warning: WIDTH_MISMATCH_PADDING: Assignment to 'tmp__' of '64-bit' type from 'm_byte_enable[i]' of '8-bit' type
    at line 522 in /home/alexandru.madalin.vasilescu/.vscode/extensions/amiq.dvt-26.1.19-linux-x64/dvt_home/common/predefined_projects/libs/uvm-1.1b/src/tlm2/uvm_tlm2_generic_payload.svh:522 [compile index 102]
*** Warning: WIDTH_MISMATCH_PADDING: Assignment to 'tmp__' of '64-bit' type from 'm_streaming_width' of '32-bit' type
    at line 523 in /home/alexandru.madalin.vasilescu/.vscode/extensions/amiq.dvt-26.1.19-linux-x64/dvt_home/common/predefined_projects/libs/uvm-1.1b/src/tlm2/uvm_tlm2_generic_payload.svh:523 [compile index 102]
*** Warning: WIDTH_MISMATCH_TRUNCATION: Assignment to 'm_address' of '64-bit' type from 'tmp__' of '4096-bit' type
    at line 536 in /home/alexandru.madalin.vasilescu/.vscode/extensions/amiq.dvt-26.1.19-linux-x64/dvt_home/common/predefined_projects/libs/uvm-1.1b/src/tlm2/uvm_tlm2_generic_payload.svh:536 [compile index 102]
*** Warning: WIDTH_MISMATCH_PADDING: Assignment to 'e__' of '64-bit' type from 'packer.m_bits[packer.count +: ...' of '32-bit' type
    at line 537 in /home/alexandru.madalin.vasilescu/.vscode/extensions/amiq.dvt-26.1.19-linux-x64/dvt_home/common/predefined_projects/libs/uvm-1.1b/src/tlm2/uvm_tlm2_generic_payload.svh:537 [compile index 102]
*** Warning: WIDTH_MISMATCH_TRUNCATION: Assignment to 'e__' of '64-bit' type from 'tmp__' of '4096-bit' type
    at line 537 in /home/alexandru.madalin.vasilescu/.vscode/extensions/amiq.dvt-26.1.19-linux-x64/dvt_home/common/predefined_projects/libs/uvm-1.1b/src/tlm2/uvm_tlm2_generic_payload.svh:537 [compile index 102]
*** Warning: WIDTH_MISMATCH_TRUNCATION: Assignment to 'm_length' of '32-bit' type from 'tmp__' of '4096-bit' type
    at line 538 in /home/alexandru.madalin.vasilescu/.vscode/extensions/amiq.dvt-26.1.19-linux-x64/dvt_home/common/predefined_projects/libs/uvm-1.1b/src/tlm2/uvm_tlm2_generic_payload.svh:538 [compile index 102]
*** Warning: WIDTH_MISMATCH_TRUNCATION: Assignment to 'm_data[i]' of '8-bit' type from 'tmp__' of '4096-bit' type
    at line 542 in /home/alexandru.madalin.vasilescu/.vscode/extensions/amiq.dvt-26.1.19-linux-x64/dvt_home/common/predefined_projects/libs/uvm-1.1b/src/tlm2/uvm_tlm2_generic_payload.svh:542 [compile index 102]
*** Warning: WIDTH_MISMATCH_PADDING: Assignment to 'e__' of '64-bit' type from 'packer.m_bits[packer.count +: ...' of '32-bit' type
    at line 543 in /home/alexandru.madalin.vasilescu/.vscode/extensions/amiq.dvt-26.1.19-linux-x64/dvt_home/common/predefined_projects/libs/uvm-1.1b/src/tlm2/uvm_tlm2_generic_payload.svh:543 [compile index 102]
*** Warning: WIDTH_MISMATCH_TRUNCATION: Assignment to 'e__' of '64-bit' type from 'tmp__' of '4096-bit' type
    at line 543 in /home/alexandru.madalin.vasilescu/.vscode/extensions/amiq.dvt-26.1.19-linux-x64/dvt_home/common/predefined_projects/libs/uvm-1.1b/src/tlm2/uvm_tlm2_generic_payload.svh:543 [compile index 102]
*** Warning: WIDTH_MISMATCH_TRUNCATION: Assignment to 'm_byte_enable_length' of '32-bit' type from 'tmp__' of '4096-bit' type
    at line 544 in /home/alexandru.madalin.vasilescu/.vscode/extensions/amiq.dvt-26.1.19-linux-x64/dvt_home/common/predefined_projects/libs/uvm-1.1b/src/tlm2/uvm_tlm2_generic_payload.svh:544 [compile index 102]
*** Warning: WIDTH_MISMATCH_TRUNCATION: Assignment to 'm_byte_enable[i]' of '8-bit' type from 'tmp__' of '4096-bit' type
    at line 548 in /home/alexandru.madalin.vasilescu/.vscode/extensions/amiq.dvt-26.1.19-linux-x64/dvt_home/common/predefined_projects/libs/uvm-1.1b/src/tlm2/uvm_tlm2_generic_payload.svh:548 [compile index 102]
*** Warning: WIDTH_MISMATCH_TRUNCATION: Assignment to 'm_streaming_width' of '32-bit' type from 'tmp__' of '4096-bit' type
    at line 549 in /home/alexandru.madalin.vasilescu/.vscode/extensions/amiq.dvt-26.1.19-linux-x64/dvt_home/common/predefined_projects/libs/uvm-1.1b/src/tlm2/uvm_tlm2_generic_payload.svh:549 [compile index 102]
*** Warning: WIDTH_MISMATCH_TRUNCATION: Assignment to 'be' of '4-bit' type from '- 1' of '32-bit' type
    at line 657 in /home/alexandru.madalin.vasilescu/.vscode/extensions/amiq.dvt-26.1.19-linux-x64/dvt_home/common/predefined_projects/libs/uvm-1.1b/src/reg/uvm_reg_field.svh:657 [compile index 116]
*** Warning: WIDTH_MISMATCH_TRUNCATION: Assignment to 'be' of '4-bit' type from '- 1' of '32-bit' type
    at line 684 in /home/alexandru.madalin.vasilescu/.vscode/extensions/amiq.dvt-26.1.19-linux-x64/dvt_home/common/predefined_projects/libs/uvm-1.1b/src/reg/uvm_reg_field.svh:684 [compile index 116]
*** Warning: WIDTH_MISMATCH_TRUNCATION: Assignment to 'be' of '4-bit' type from '- 1' of '32-bit' type
    at line 1082 in /home/alexandru.madalin.vasilescu/.vscode/extensions/amiq.dvt-26.1.19-linux-x64/dvt_home/common/predefined_projects/libs/uvm-1.1b/src/reg/uvm_reg_field.svh:1082 [compile index 116]
*** Warning: WIDTH_MISMATCH_TRUNCATION: Assignment to 'be' of '4-bit' type from '- 1' of '32-bit' type
    at line 1103 in /home/alexandru.madalin.vasilescu/.vscode/extensions/amiq.dvt-26.1.19-linux-x64/dvt_home/common/predefined_projects/libs/uvm-1.1b/src/reg/uvm_reg_field.svh:1103 [compile index 116]
*** Warning: WIDTH_MISMATCH_TRUNCATION: Assignment to 'be' of '4-bit' type from '- 1' of '32-bit' type
    at line 633 in /home/alexandru.madalin.vasilescu/.vscode/extensions/amiq.dvt-26.1.19-linux-x64/dvt_home/common/predefined_projects/libs/uvm-1.1b/src/reg/uvm_reg.svh:633 [compile index 118]
*** Warning: WIDTH_MISMATCH_TRUNCATION: Assignment to 'be' of '4-bit' type from '- 1' of '32-bit' type
    at line 682 in /home/alexandru.madalin.vasilescu/.vscode/extensions/amiq.dvt-26.1.19-linux-x64/dvt_home/common/predefined_projects/libs/uvm-1.1b/src/reg/uvm_reg.svh:682 [compile index 118]
*** Warning: WIDTH_MISMATCH_TRUNCATION: Returning 'm_hdl_paths_pool.exists()' of '32-bit' type for function of '1-bit' return type
    at line 1413 in /home/alexandru.madalin.vasilescu/.vscode/extensions/amiq.dvt-26.1.19-linux-x64/dvt_home/common/predefined_projects/libs/uvm-1.1b/src/reg/uvm_reg.svh:1413 [compile index 118]
*** Warning: WIDTH_MISMATCH_TRUNCATION: Assignment to 'be' of '4-bit' type from '- 1' of '32-bit' type
    at line 1936 in /home/alexandru.madalin.vasilescu/.vscode/extensions/amiq.dvt-26.1.19-linux-x64/dvt_home/common/predefined_projects/libs/uvm-1.1b/src/reg/uvm_reg.svh:1936 [compile index 118]
*** Warning: WIDTH_MISMATCH_TRUNCATION: Assignment to 'be' of '4-bit' type from '- 1' of '32-bit' type
    at line 1957 in /home/alexandru.madalin.vasilescu/.vscode/extensions/amiq.dvt-26.1.19-linux-x64/dvt_home/common/predefined_projects/libs/uvm-1.1b/src/reg/uvm_reg.svh:1957 [compile index 118]
*** Warning: WIDTH_MISMATCH_TRUNCATION: Assignment to 'val' of '32-bit' type from 'value' of '1024-bit' type
    at line 2721 in /home/alexandru.madalin.vasilescu/.vscode/extensions/amiq.dvt-26.1.19-linux-x64/dvt_home/common/predefined_projects/libs/uvm-1.1b/src/reg/uvm_reg.svh:2721 [compile index 118]
*** Warning: WIDTH_MISMATCH_TRUNCATION: Assignment to 'slice' of '32-bit' type from 'value' of '1024-bit' type
    at line 2728 in /home/alexandru.madalin.vasilescu/.vscode/extensions/amiq.dvt-26.1.19-linux-x64/dvt_home/common/predefined_projects/libs/uvm-1.1b/src/reg/uvm_reg.svh:2728 [compile index 118]
*** Warning: WIDTH_MISMATCH_TRUNCATION: Assignment to 'offset' of '32-bit' type from 'parent_map.get_submap_offset()' of '64-bit' type
    at line 3015 in /home/alexandru.madalin.vasilescu/.vscode/extensions/amiq.dvt-26.1.19-linux-x64/dvt_home/common/predefined_projects/libs/uvm-1.1b/src/reg/uvm_reg.svh:3015 [compile index 118]
*** Warning: WIDTH_MISMATCH_TRUNCATION: Assignment to 'offset' of '32-bit' type from 'this_map.get_base_addr()' of '64-bit' type
    at line 3015 in /home/alexandru.madalin.vasilescu/.vscode/extensions/amiq.dvt-26.1.19-linux-x64/dvt_home/common/predefined_projects/libs/uvm-1.1b/src/reg/uvm_reg.svh:3015 [compile index 118]
*** Warning: WIDTH_MISMATCH_TRUNCATION: Returning 'hdl_paths_pool.exists()' of '32-bit' type for function of '1-bit' return type
    at line 304 in /home/alexandru.madalin.vasilescu/.vscode/extensions/amiq.dvt-26.1.19-linux-x64/dvt_home/common/predefined_projects/libs/uvm-1.1b/src/reg/uvm_reg_file.svh:304 [compile index 121]
*** Warning: WIDTH_MISMATCH_TRUNCATION: Returning 'size' of '64-bit' type for function of '32-bit' return type
    at line 1095 in /home/alexandru.madalin.vasilescu/.vscode/extensions/amiq.dvt-26.1.19-linux-x64/dvt_home/common/predefined_projects/libs/uvm-1.1b/src/reg/uvm_vreg.svh:1095 [compile index 123]
*** Warning: WIDTH_MISMATCH_TRUNCATION: Returning 'hdl_paths_pool.exists()' of '32-bit' type for function of '1-bit' return type
    at line 2006 in /home/alexandru.madalin.vasilescu/.vscode/extensions/amiq.dvt-26.1.19-linux-x64/dvt_home/common/predefined_projects/libs/uvm-1.1b/src/reg/uvm_reg_block.svh:2006 [compile index 126]
*** Warning: WIDTH_MISMATCH_TRUNCATION: Returning 'root_hdl_paths.exists()' of '32-bit' type for function of '1-bit' return type
    at line 2123 in /home/alexandru.madalin.vasilescu/.vscode/extensions/amiq.dvt-26.1.19-linux-x64/dvt_home/common/predefined_projects/libs/uvm-1.1b/src/reg/uvm_reg_block.svh:2123 [compile index 126]
*** Warning: WIDTH_MISMATCH_TRUNCATION: Assignment to 'slice' of '32-bit' type from 'value' of '1024-bit' type
    at line 2073 in /home/alexandru.madalin.vasilescu/.vscode/extensions/amiq.dvt-26.1.19-linux-x64/dvt_home/common/predefined_projects/libs/uvm-1.1b/src/reg/uvm_mem.svh:2073 [compile index 124]
*** Warning: WIDTH_MISMATCH_TRUNCATION: Assignment to 'rw.value[mem_idx]' of '32-bit' type from 'val' of '1024-bit' type
    at line 2084 in /home/alexandru.madalin.vasilescu/.vscode/extensions/amiq.dvt-26.1.19-linux-x64/dvt_home/common/predefined_projects/libs/uvm-1.1b/src/reg/uvm_mem.svh:2084 [compile index 124]
*** Warning: WIDTH_MISMATCH_TRUNCATION: Returning 'm_hdl_paths_pool.exists()' of '32-bit' type for function of '1-bit' return type
    at line 2203 in /home/alexandru.madalin.vasilescu/.vscode/extensions/amiq.dvt-26.1.19-linux-x64/dvt_home/common/predefined_projects/libs/uvm-1.1b/src/reg/uvm_mem.svh:2203 [compile index 124]
*** Warning: WIDTH_MISMATCH_TRUNCATION: Assignment to 'offset' of '32-bit' type from 'parent_map.get_submap_offset()' of '64-bit' type
    at line 2324 in /home/alexandru.madalin.vasilescu/.vscode/extensions/amiq.dvt-26.1.19-linux-x64/dvt_home/common/predefined_projects/libs/uvm-1.1b/src/reg/uvm_mem.svh:2324 [compile index 124]
*** Warning: WIDTH_MISMATCH_TRUNCATION: Assignment to 'offset' of '32-bit' type from 'this_map.get_base_addr()' of '64-bit' type
    at line 2324 in /home/alexandru.madalin.vasilescu/.vscode/extensions/amiq.dvt-26.1.19-linux-x64/dvt_home/common/predefined_projects/libs/uvm-1.1b/src/reg/uvm_mem.svh:2324 [compile index 124]
*** Warning: WIDTH_MISMATCH_TRUNCATION: Assignment to 'byte_en' of '4-bit' type from '- 1' of '32-bit' type
    at line 1811 in /home/alexandru.madalin.vasilescu/.vscode/extensions/amiq.dvt-26.1.19-linux-x64/dvt_home/common/predefined_projects/libs/uvm-1.1b/src/reg/uvm_reg_map.svh:1811 [compile index 125]
*** Warning: WIDTH_MISMATCH_TRUNCATION: Assignment to 'byte_en' of '4-bit' type from '- 1' of '32-bit' type
    at line 1943 in /home/alexandru.madalin.vasilescu/.vscode/extensions/amiq.dvt-26.1.19-linux-x64/dvt_home/common/predefined_projects/libs/uvm-1.1b/src/reg/uvm_reg_map.svh:1943 [compile index 125]
*** Warning: WIDTH_MISMATCH_TRUNCATION: Assignment to 'be' of '4-bit' type from '- 1' of '32-bit' type
    at line 116 in /home/alexandru.madalin.vasilescu/.vscode/extensions/amiq.dvt-26.1.19-linux-x64/dvt_home/common/predefined_projects/libs/uvm-1.1b/src/reg/uvm_reg_indirect.svh:116 [compile index 119]
*** Warning: WIDTH_MISMATCH_PADDING: Assignment to 'gp.m_byte_enable[i]' of '8-bit' type from '1'b0' of '1-bit' type
    at line 203 in /home/alexandru.madalin.vasilescu/.vscode/extensions/amiq.dvt-26.1.19-linux-x64/dvt_home/common/predefined_projects/libs/uvm-1.1b/src/reg/uvm_reg_adapter.svh:203 [compile index 111]
*** Warning: WIDTH_MISMATCH_PADDING: Assignment to 'gp.m_byte_enable[i]' of '8-bit' type from 'rw.byte_en[i]' of '1-bit' type
    at line 203 in /home/alexandru.madalin.vasilescu/.vscode/extensions/amiq.dvt-26.1.19-linux-x64/dvt_home/common/predefined_projects/libs/uvm-1.1b/src/reg/uvm_reg_adapter.svh:203 [compile index 111]
*** Warning: WIDTH_MISMATCH_TRUNCATION: Assignment to 'rw.byte_en[i]' of '1-bit' type from 'gp.m_byte_enable[i]' of '8-bit' type
    at line 239 in /home/alexandru.madalin.vasilescu/.vscode/extensions/amiq.dvt-26.1.19-linux-x64/dvt_home/common/predefined_projects/libs/uvm-1.1b/src/reg/uvm_reg_adapter.svh:239 [compile index 111]
*** Warning: WIDTH_MISMATCH_TRUNCATION: Assignment to 'byte_en' of '4-bit' type from '- 1' of '32-bit' type
    at line 139 in /home/alexandru.madalin.vasilescu/.vscode/extensions/amiq.dvt-26.1.19-linux-x64/dvt_home/common/predefined_projects/libs/uvm-1.1b/src/reg/uvm_reg_predictor.svh:139 [compile index 112]
*** Warning: WIDTH_MISMATCH_TRUNCATION: Assignment to 'be' of '4-bit' type from '- 1' of '32-bit' type
    at line 228 in /home/alexandru.madalin.vasilescu/.vscode/extensions/amiq.dvt-26.1.19-linux-x64/dvt_home/common/predefined_projects/libs/uvm-1.1b/src/reg/uvm_reg_fifo.svh:228 [compile index 120]
*** Warning: WIDTH_MISMATCH_TRUNCATION: Assignment to 'dc_mask[next_lsb]' of '1-bit' type from 'dc' of '32-bit' type
    at line 118 in /home/alexandru.madalin.vasilescu/.vscode/extensions/amiq.dvt-26.1.19-linux-x64/dvt_home/common/predefined_projects/libs/uvm-1.1b/src/reg/sequences/uvm_reg_bit_bash_seq.svh:118 [compile index 128]
*** Warning: WIDTH_MISMATCH_TRUNCATION: Assignment to 'v' of '32-bit' type from '{$random, $random}' of '64-bit' type
    at line 291 in /home/alexandru.madalin.vasilescu/.vscode/extensions/amiq.dvt-26.1.19-linux-x64/dvt_home/common/predefined_projects/libs/uvm-1.1b/src/reg/sequences/uvm_reg_mem_shared_access_seq.svh:291 [compile index 132]
*** Warning: WIDTH_MISMATCH_TRUNCATION: Assignment to 'd' of '32-bit' type from 'value' of '1024-bit' type
    at line 138 in /home/alexandru.madalin.vasilescu/.vscode/extensions/amiq.dvt-26.1.19-linux-x64/dvt_home/common/predefined_projects/libs/uvm-1.1b/src/reg/sequences/uvm_reg_mem_hdl_paths_seq.svh:138 [compile index 134]
*** Warning: WIDTH_MISMATCH_TRUNCATION: Assignment to 'address' of '32-bit' type from 'addr' of '64-bit' type
    at line 40 in /home/alexandru.madalin.vasilescu/dvt_predefined_projects_target/uvm_ref_flow_1.1/soc_verification_lib/sv_cb_ex_lib/interface_uvc_lib/ahb/sv/reg_to_ahb_adapter.sv:40 [compile index 154]
*** Warning: WIDTH_MISMATCH_TRUNCATION: Assignment to 'prwd' of '1-bit' type from ''b0' of '32-bit' type
    at line 115 in /home/alexandru.madalin.vasilescu/dvt_predefined_projects_target/uvm_ref_flow_1.1/soc_verification_lib/sv_cb_ex_lib/interface_uvc_lib/apb/sv/apb_master_driver.sv:115 [compile index 162]
*** Warning: WIDTH_MISMATCH_TRUNCATION: Assignment to 'psel' of '16-bit' type from ''b0' of '32-bit' type
    at line 116 in /home/alexandru.madalin.vasilescu/dvt_predefined_projects_target/uvm_ref_flow_1.1/soc_verification_lib/sv_cb_ex_lib/interface_uvc_lib/apb/sv/apb_master_driver.sv:116 [compile index 162]
*** Warning: WIDTH_MISMATCH_TRUNCATION: Assignment to 'penable' of '1-bit' type from ''b0' of '32-bit' type
    at line 117 in /home/alexandru.madalin.vasilescu/dvt_predefined_projects_target/uvm_ref_flow_1.1/soc_verification_lib/sv_cb_ex_lib/interface_uvc_lib/apb/sv/apb_master_driver.sv:117 [compile index 162]
*** Warning: WIDTH_MISMATCH_TRUNCATION: Assignment to 'addr' of '32-bit' type from 'addr' of '64-bit' type
    at line 40 in /home/alexandru.madalin.vasilescu/dvt_predefined_projects_target/uvm_ref_flow_1.1/soc_verification_lib/sv_cb_ex_lib/interface_uvc_lib/apb/sv/reg_to_apb_adapter.sv:40 [compile index 171]
*** Warning: OVERRIDE_VIRTUAL_METHOD: Qualifier 'public' of method 'uart_rx_monitor.perform_coverage' does not match qualifier 'protected' of overridden 'uart_monitor.perform_coverage'
    at line 72 in /home/alexandru.madalin.vasilescu/dvt_predefined_projects_target/uvm_ref_flow_1.1/soc_verification_lib/sv_cb_ex_lib/interface_uvc_lib/uart/sv/uart_rx_monitor.sv:72 [compile index 177]
*** Warning: OVERRIDE_VIRTUAL_METHOD: Qualifier 'public' of method 'uart_tx_monitor.perform_coverage' does not match qualifier 'protected' of overridden 'uart_monitor.perform_coverage'
    at line 73 in /home/alexandru.madalin.vasilescu/dvt_predefined_projects_target/uvm_ref_flow_1.1/soc_verification_lib/sv_cb_ex_lib/interface_uvc_lib/uart/sv/uart_tx_monitor.sv:73 [compile index 178]
*** Warning: CASE_ITEM_WIDTH_MISMATCH: Comparison between case expression 'nbstop' of '1-bit' type and item expression '2'b00' of '2-bit' type
    at line 103 in /home/alexandru.madalin.vasilescu/dvt_predefined_projects_target/uvm_ref_flow_1.1/soc_verification_lib/sv_cb_ex_lib/interface_uvc_lib/uart/sv/uart_config.sv:103 [compile index 174]
*** Warning: CASE_ITEM_WIDTH_MISMATCH: Comparison between case expression 'nbstop' of '1-bit' type and item expression '2'b01' of '2-bit' type
    at line 104 in /home/alexandru.madalin.vasilescu/dvt_predefined_projects_target/uvm_ref_flow_1.1/soc_verification_lib/sv_cb_ex_lib/interface_uvc_lib/uart/sv/uart_config.sv:104 [compile index 174]
*** Warning: CASE_ITEM_WIDTH_MISMATCH: Comparison between case expression 'ParityMode[0]' of '1-bit' type and item expression '0' of '32-bit' type
    at line 83 in /home/alexandru.madalin.vasilescu/dvt_predefined_projects_target/uvm_ref_flow_1.1/soc_verification_lib/sv_cb_ex_lib/interface_uvc_lib/uart/sv/uart_frame.sv:83 [compile index 175]
*** Warning: CASE_ITEM_WIDTH_MISMATCH: Comparison between case expression 'ParityMode[0]' of '1-bit' type and item expression '1' of '32-bit' type
    at line 84 in /home/alexandru.madalin.vasilescu/dvt_predefined_projects_target/uvm_ref_flow_1.1/soc_verification_lib/sv_cb_ex_lib/interface_uvc_lib/uart/sv/uart_frame.sv:84 [compile index 175]
*** Warning: CASE_ITEM_WIDTH_MISMATCH: Comparison between case expression 'ParityMode[1]' of '1-bit' type and item expression '0' of '32-bit' type
    at line 87 in /home/alexandru.madalin.vasilescu/dvt_predefined_projects_target/uvm_ref_flow_1.1/soc_verification_lib/sv_cb_ex_lib/interface_uvc_lib/uart/sv/uart_frame.sv:87 [compile index 175]
*** Warning: CASE_ITEM_WIDTH_MISMATCH: Comparison between case expression 'ParityMode[1]' of '1-bit' type and item expression '1' of '32-bit' type
    at line 88 in /home/alexandru.madalin.vasilescu/dvt_predefined_projects_target/uvm_ref_flow_1.1/soc_verification_lib/sv_cb_ex_lib/interface_uvc_lib/uart/sv/uart_frame.sv:88 [compile index 175]
*** Warning: WIDTH_MISMATCH_PADDING: Assignment to 'payload_byte' of '8-bit' type from 'cur_frame.payload[num_of_bits_...' of '1-bit' type
    at line 210 in /home/alexandru.madalin.vasilescu/dvt_predefined_projects_target/uvm_ref_flow_1.1/soc_verification_lib/sv_cb_ex_lib/interface_uvc_lib/uart/sv/uart_monitor.sv:210 [compile index 176]
*** Warning: WIDTH_MISMATCH_PADDING: Assignment to 'num_of_data_bits' of '32-bit' type from 'char_len_val' of '8-bit' type
    at line 218 in /home/alexandru.madalin.vasilescu/dvt_predefined_projects_target/uvm_ref_flow_1.1/soc_verification_lib/sv_cb_ex_lib/interface_uvc_lib/uart/sv/uart_monitor.sv:218 [compile index 176]
*** Warning: WIDTH_MISMATCH_PADDING: Assignment to 'payload_byte' of '8-bit' type from 'frame.payload[num_of_bits_sent...' of '1-bit' type
    at line 178 in /home/alexandru.madalin.vasilescu/dvt_predefined_projects_target/uvm_ref_flow_1.1/soc_verification_lib/sv_cb_ex_lib/interface_uvc_lib/uart/sv/uart_tx_driver.sv:178 [compile index 180]
*** Warning: WIDTH_MISMATCH_PADDING: Assignment to 'num_of_data_bits' of '32-bit' type from 'char_len_val' of '8-bit' type
    at line 186 in /home/alexandru.madalin.vasilescu/dvt_predefined_projects_target/uvm_ref_flow_1.1/soc_verification_lib/sv_cb_ex_lib/interface_uvc_lib/uart/sv/uart_tx_driver.sv:186 [compile index 180]
*** Warning: WIDTH_MISMATCH_PADDING: Assignment to 'num_of_data_bits' of '32-bit' type from 'char_len_val' of '8-bit' type
    at line 187 in /home/alexandru.madalin.vasilescu/dvt_predefined_projects_target/uvm_ref_flow_1.1/soc_verification_lib/sv_cb_ex_lib/interface_uvc_lib/uart/sv/uart_tx_driver.sv:187 [compile index 180]
*** Warning: WIDTH_MISMATCH_PADDING: Assignment to 'payload_byte' of '8-bit' type from 'frame.payload[num_of_bits_sent...' of '1-bit' type
    at line 175 in /home/alexandru.madalin.vasilescu/dvt_predefined_projects_target/uvm_ref_flow_1.1/soc_verification_lib/sv_cb_ex_lib/interface_uvc_lib/uart/sv/uart_rx_driver.sv:175 [compile index 181]
*** Warning: WIDTH_MISMATCH_PADDING: Assignment to 'num_of_data_bits' of '32-bit' type from 'char_len_val' of '8-bit' type
    at line 183 in /home/alexandru.madalin.vasilescu/dvt_predefined_projects_target/uvm_ref_flow_1.1/soc_verification_lib/sv_cb_ex_lib/interface_uvc_lib/uart/sv/uart_rx_driver.sv:183 [compile index 181]
*** Warning: WIDTH_MISMATCH_PADDING: Assignment to 'num_of_data_bits' of '32-bit' type from 'char_len_val' of '8-bit' type
    at line 184 in /home/alexandru.madalin.vasilescu/dvt_predefined_projects_target/uvm_ref_flow_1.1/soc_verification_lib/sv_cb_ex_lib/interface_uvc_lib/uart/sv/uart_rx_driver.sv:184 [compile index 181]
*** Warning: CASE_ITEM_WIDTH_MISMATCH: Comparison between case expression 'transfer_data_size' of '7-bit' type and item expression '16'b00' of '16-bit' type
    at line 135 in /home/alexandru.madalin.vasilescu/dvt_predefined_projects_target/uvm_ref_flow_1.1/soc_verification_lib/sv_cb_ex_lib/interface_uvc_lib/spi/sv/spi_csr.sv:135 [compile index 199]
*** Warning: WIDTH_MISMATCH_TRUNCATION: Assignment to 'sig_slave_out_clk' of '1-bit' type from ''b0' of '32-bit' type
    at line 85 in /home/alexandru.madalin.vasilescu/dvt_predefined_projects_target/uvm_ref_flow_1.1/soc_verification_lib/sv_cb_ex_lib/interface_uvc_lib/spi/sv/spi_driver.sv:85 [compile index 204]
*** Warning: WIDTH_MISMATCH_TRUNCATION: Assignment to 'sig_n_so_en' of '1-bit' type from ''b1' of '32-bit' type
    at line 86 in /home/alexandru.madalin.vasilescu/dvt_predefined_projects_target/uvm_ref_flow_1.1/soc_verification_lib/sv_cb_ex_lib/interface_uvc_lib/spi/sv/spi_driver.sv:86 [compile index 204]
*** Warning: WIDTH_MISMATCH_TRUNCATION: Assignment to 'sig_so' of '1-bit' type from ''bz' of '32-bit' type
    at line 87 in /home/alexandru.madalin.vasilescu/dvt_predefined_projects_target/uvm_ref_flow_1.1/soc_verification_lib/sv_cb_ex_lib/interface_uvc_lib/spi/sv/spi_driver.sv:87 [compile index 204]
*** Warning: WIDTH_MISMATCH_TRUNCATION: Assignment to 'sig_n_ss_en' of '1-bit' type from ''b1' of '32-bit' type
    at line 88 in /home/alexandru.madalin.vasilescu/dvt_predefined_projects_target/uvm_ref_flow_1.1/soc_verification_lib/sv_cb_ex_lib/interface_uvc_lib/spi/sv/spi_driver.sv:88 [compile index 204]
*** Warning: WIDTH_MISMATCH_TRUNCATION: Assignment to 'sig_n_sclk_en' of '1-bit' type from ''b1' of '32-bit' type
    at line 90 in /home/alexandru.madalin.vasilescu/dvt_predefined_projects_target/uvm_ref_flow_1.1/soc_verification_lib/sv_cb_ex_lib/interface_uvc_lib/spi/sv/spi_driver.sv:90 [compile index 204]
*** Warning: WIDTH_MISMATCH_TRUNCATION: Assignment to 'sig_sclk_out' of '1-bit' type from ''b0' of '32-bit' type
    at line 91 in /home/alexandru.madalin.vasilescu/dvt_predefined_projects_target/uvm_ref_flow_1.1/soc_verification_lib/sv_cb_ex_lib/interface_uvc_lib/spi/sv/spi_driver.sv:91 [compile index 204]
*** Warning: WIDTH_MISMATCH_TRUNCATION: Assignment to 'sig_n_mo_en' of '1-bit' type from ''b1' of '32-bit' type
    at line 92 in /home/alexandru.madalin.vasilescu/dvt_predefined_projects_target/uvm_ref_flow_1.1/soc_verification_lib/sv_cb_ex_lib/interface_uvc_lib/spi/sv/spi_driver.sv:92 [compile index 204]
*** Warning: WIDTH_MISMATCH_TRUNCATION: Assignment to 'sig_mo' of '1-bit' type from ''b0' of '32-bit' type
    at line 93 in /home/alexandru.madalin.vasilescu/dvt_predefined_projects_target/uvm_ref_flow_1.1/soc_verification_lib/sv_cb_ex_lib/interface_uvc_lib/spi/sv/spi_driver.sv:93 [compile index 204]
*** Warning: OVERRIDE_VIRTUAL_METHOD: Qualifier 'public' of method 'ua_div_latch0_c.sample' does not match qualifier 'protected' of overridden 'uvm_reg.sample'
    at line 41 in /home/alexandru.madalin.vasilescu/dvt_predefined_projects_target/uvm_ref_flow_1.1/soc_verification_lib/sv_cb_ex_lib/uart_ctrl/sv/uart_ctrl_reg_model.sv:41 [compile index 211]
*** Warning: OVERRIDE_VIRTUAL_METHOD: Qualifier 'public' of method 'ua_div_latch1_c.sample' does not match qualifier 'protected' of overridden 'uvm_reg.sample'
    at line 84 in /home/alexandru.madalin.vasilescu/dvt_predefined_projects_target/uvm_ref_flow_1.1/soc_verification_lib/sv_cb_ex_lib/uart_ctrl/sv/uart_ctrl_reg_model.sv:84 [compile index 211]
*** Warning: OVERRIDE_VIRTUAL_METHOD: Qualifier 'public' of method 'ua_int_id_c.sample' does not match qualifier 'protected' of overridden 'uvm_reg.sample'
    at line 133 in /home/alexandru.madalin.vasilescu/dvt_predefined_projects_target/uvm_ref_flow_1.1/soc_verification_lib/sv_cb_ex_lib/uart_ctrl/sv/uart_ctrl_reg_model.sv:133 [compile index 211]
*** Warning: OVERRIDE_VIRTUAL_METHOD: Qualifier 'public' of method 'ua_fifo_ctrl_c.sample' does not match qualifier 'protected' of overridden 'uvm_reg.sample'
    at line 176 in /home/alexandru.madalin.vasilescu/dvt_predefined_projects_target/uvm_ref_flow_1.1/soc_verification_lib/sv_cb_ex_lib/uart_ctrl/sv/uart_ctrl_reg_model.sv:176 [compile index 211]
*** Warning: OVERRIDE_VIRTUAL_METHOD: Qualifier 'public' of method 'ua_lcr_c.sample' does not match qualifier 'protected' of overridden 'uvm_reg.sample'
    at line 248 in /home/alexandru.madalin.vasilescu/dvt_predefined_projects_target/uvm_ref_flow_1.1/soc_verification_lib/sv_cb_ex_lib/uart_ctrl/sv/uart_ctrl_reg_model.sv:248 [compile index 211]
*** Warning: OVERRIDE_VIRTUAL_METHOD: Qualifier 'public' of method 'ua_ier_c.sample' does not match qualifier 'protected' of overridden 'uvm_reg.sample'
    at line 304 in /home/alexandru.madalin.vasilescu/dvt_predefined_projects_target/uvm_ref_flow_1.1/soc_verification_lib/sv_cb_ex_lib/uart_ctrl/sv/uart_ctrl_reg_model.sv:304 [compile index 211]
*** Warning: WIDTH_MISMATCH_TRUNCATION: Assignment to 'item' of '8-bit' type from 'data' of '32-bit' type
    at line 174 in /home/alexandru.madalin.vasilescu/dvt_predefined_projects_target/uvm_ref_flow_1.1/soc_verification_lib/sv_cb_ex_lib/uart_ctrl/sv/uart_ctrl_scoreboard.sv:174 [compile index 212]
*** Warning: CASE_ITEM_WIDTH_MISMATCH: Comparison between case expression 'uart_cfg.char_len_val' of '8-bit' type and item expression '6' of '32-bit' type
    at line 212 in /home/alexandru.madalin.vasilescu/dvt_predefined_projects_target/uvm_ref_flow_1.1/soc_verification_lib/sv_cb_ex_lib/uart_ctrl/sv/uart_ctrl_scoreboard.sv:212 [compile index 212]
*** Warning: CASE_ITEM_WIDTH_MISMATCH: Comparison between case expression 'uart_cfg.char_len_val' of '8-bit' type and item expression '7' of '32-bit' type
    at line 213 in /home/alexandru.madalin.vasilescu/dvt_predefined_projects_target/uvm_ref_flow_1.1/soc_verification_lib/sv_cb_ex_lib/uart_ctrl/sv/uart_ctrl_scoreboard.sv:213 [compile index 212]
*** Warning: CASE_ITEM_WIDTH_MISMATCH: Comparison between case expression 'uart_cfg.char_len_val' of '8-bit' type and item expression '8' of '32-bit' type
    at line 214 in /home/alexandru.madalin.vasilescu/dvt_predefined_projects_target/uvm_ref_flow_1.1/soc_verification_lib/sv_cb_ex_lib/uart_ctrl/sv/uart_ctrl_scoreboard.sv:214 [compile index 212]
*** Warning: WIDTH_MISMATCH_TRUNCATION: Assignment to 'mask' of '8-bit' type from 'calc_mask()' of '32-bit' type
    at line 101 in /home/alexandru.madalin.vasilescu/dvt_predefined_projects_target/uvm_ref_flow_1.1/soc_verification_lib/sv_cb_ex_lib/apb_subsystem/sv/apb_subsystem_scoreboard.sv:101 [compile index 222]
*** Warning: WIDTH_MISMATCH_PADDING: Returning '8'hFF' of '8-bit' type for function of '32-bit' return type
    at line 122 in /home/alexandru.madalin.vasilescu/dvt_predefined_projects_target/uvm_ref_flow_1.1/soc_verification_lib/sv_cb_ex_lib/apb_subsystem/sv/apb_subsystem_scoreboard.sv:122 [compile index 222]
*** Warning: NON_STANDARD_ENUM_ASSIGNMENT: Explicit cast required when assigning 'bit[0:0]' to variable 'mode_select' of enum type 'spi_pkg::e_spi_csr_mode'
    at line 115 in /home/alexandru.madalin.vasilescu/dvt_predefined_projects_target/uvm_ref_flow_1.1/soc_verification_lib/sv_cb_ex_lib/apb_subsystem/sv/apb_subsystem_env.sv:115 [compile index 224]
*** Warning: WIDTH_MISMATCH_PADDING: Assignment to 'bypass_mode' of '32-bit' type from 'transfer.data[0]' of '1-bit' type
    at line 135 in /home/alexandru.madalin.vasilescu/dvt_predefined_projects_target/uvm_ref_flow_1.1/soc_verification_lib/sv_cb_ex_lib/apb_subsystem/sv/apb_subsystem_env.sv:135 [compile index 224]
*** Warning: WIDTH_MISMATCH_PADDING: Assignment to 'direction_mode' of '32-bit' type from 'transfer.data[0]' of '1-bit' type
    at line 140 in /home/alexandru.madalin.vasilescu/dvt_predefined_projects_target/uvm_ref_flow_1.1/soc_verification_lib/sv_cb_ex_lib/apb_subsystem/sv/apb_subsystem_env.sv:140 [compile index 224]
*** Warning: WIDTH_MISMATCH_PADDING: Assignment to 'output_enable' of '32-bit' type from 'transfer.data[0]' of '1-bit' type
    at line 145 in /home/alexandru.madalin.vasilescu/dvt_predefined_projects_target/uvm_ref_flow_1.1/soc_verification_lib/sv_cb_ex_lib/apb_subsystem/sv/apb_subsystem_env.sv:145 [compile index 224]
*** Warning: UNDRIVEN_INPUT_PORT: Input port 'macb3_wakeup' is not driven
    at line 297 in /home/alexandru.madalin.vasilescu/dvt_predefined_projects_target/uvm_ref_flow_1.1/soc_verification_lib/sv_cb_ex_lib/apb_subsystem/tb/sv/apb_subsystem_top.sv:297 [compile index 225]
*** Warning: UNDRIVEN_INPUT_PORT: Input port 'macb2_wakeup' is not driven
    at line 298 in /home/alexandru.madalin.vasilescu/dvt_predefined_projects_target/uvm_ref_flow_1.1/soc_verification_lib/sv_cb_ex_lib/apb_subsystem/tb/sv/apb_subsystem_top.sv:298 [compile index 225]
*** Warning: UNDRIVEN_INPUT_PORT: Input port 'macb1_wakeup' is not driven
    at line 299 in /home/alexandru.madalin.vasilescu/dvt_predefined_projects_target/uvm_ref_flow_1.1/soc_verification_lib/sv_cb_ex_lib/apb_subsystem/tb/sv/apb_subsystem_top.sv:299 [compile index 225]
*** Warning: UNDRIVEN_INPUT_PORT: Input port 'macb0_wakeup' is not driven
    at line 300 in /home/alexandru.madalin.vasilescu/dvt_predefined_projects_target/uvm_ref_flow_1.1/soc_verification_lib/sv_cb_ex_lib/apb_subsystem/tb/sv/apb_subsystem_top.sv:300 [compile index 225]
*** Warning: WIDTH_MISMATCH_PADDING: Assignment to 'hrdata' of '32-bit' type from 'macb0_txd_pad' of '4-bit' type
    at line 334 in /home/alexandru.madalin.vasilescu/dvt_predefined_projects_target/uvm_ref_flow_1.1/soc_verification_lib/sv_cb_ex_lib/apb_subsystem/tb/sv/apb_subsystem_top.sv:334 [compile index 225]
*** Warning: UNDRIVEN_INPUT_PORT: Input port 'ua_RXDA_pad' is not driven
    at line 336 in /home/alexandru.madalin.vasilescu/dvt_predefined_projects_target/uvm_ref_flow_1.1/soc_verification_lib/sv_cb_ex_lib/apb_subsystem/tb/sv/apb_subsystem_top.sv:336 [compile index 225]
*** Warning: UNDRIVEN_INPUT_PORT: Input port 'ua_NCTS_pad' is not driven
    at line 337 in /home/alexandru.madalin.vasilescu/dvt_predefined_projects_target/uvm_ref_flow_1.1/soc_verification_lib/sv_cb_ex_lib/apb_subsystem/tb/sv/apb_subsystem_top.sv:337 [compile index 225]
*** Warning: UNDRIVEN_INPUT_PORT: Input port 'ua_NCTS1_pad' is not driven
    at line 338 in /home/alexandru.madalin.vasilescu/dvt_predefined_projects_target/uvm_ref_flow_1.1/soc_verification_lib/sv_cb_ex_lib/apb_subsystem/tb/sv/apb_subsystem_top.sv:338 [compile index 225]
*** Warning: UNDRIVEN_INPUT_PORT: Input port 'macb0_crs_pad' is not driven
    at line 341 in /home/alexandru.madalin.vasilescu/dvt_predefined_projects_target/uvm_ref_flow_1.1/soc_verification_lib/sv_cb_ex_lib/apb_subsystem/tb/sv/apb_subsystem_top.sv:341 [compile index 225]
*** Warning: UNDRIVEN_INPUT_PORT: Input port 'macb0_rx_dv_pad' is not driven
    at line 342 in /home/alexandru.madalin.vasilescu/dvt_predefined_projects_target/uvm_ref_flow_1.1/soc_verification_lib/sv_cb_ex_lib/apb_subsystem/tb/sv/apb_subsystem_top.sv:342 [compile index 225]
*** Warning: UNDRIVEN_INPUT_PORT: Input port 'macb0_rx_er_pad' is not driven
    at line 343 in /home/alexandru.madalin.vasilescu/dvt_predefined_projects_target/uvm_ref_flow_1.1/soc_verification_lib/sv_cb_ex_lib/apb_subsystem/tb/sv/apb_subsystem_top.sv:343 [compile index 225]
*** Warning: UNDRIVEN_INPUT_PORT: Input port 'macb0_rxd_pad' is not driven
    at line 344 in /home/alexandru.madalin.vasilescu/dvt_predefined_projects_target/uvm_ref_flow_1.1/soc_verification_lib/sv_cb_ex_lib/apb_subsystem/tb/sv/apb_subsystem_top.sv:344 [compile index 225]
*** Warning: UNDRIVEN_INPUT_PORT: Input port 'macb1_crs_pad' is not driven
    at line 347 in /home/alexandru.madalin.vasilescu/dvt_predefined_projects_target/uvm_ref_flow_1.1/soc_verification_lib/sv_cb_ex_lib/apb_subsystem/tb/sv/apb_subsystem_top.sv:347 [compile index 225]
*** Warning: UNDRIVEN_INPUT_PORT: Input port 'macb1_rx_dv_pad' is not driven
    at line 348 in /home/alexandru.madalin.vasilescu/dvt_predefined_projects_target/uvm_ref_flow_1.1/soc_verification_lib/sv_cb_ex_lib/apb_subsystem/tb/sv/apb_subsystem_top.sv:348 [compile index 225]
*** Warning: UNDRIVEN_INPUT_PORT: Input port 'macb1_rx_er_pad' is not driven
    at line 349 in /home/alexandru.madalin.vasilescu/dvt_predefined_projects_target/uvm_ref_flow_1.1/soc_verification_lib/sv_cb_ex_lib/apb_subsystem/tb/sv/apb_subsystem_top.sv:349 [compile index 225]
*** Warning: UNDRIVEN_INPUT_PORT: Input port 'macb1_rxd_pad' is not driven
    at line 350 in /home/alexandru.madalin.vasilescu/dvt_predefined_projects_target/uvm_ref_flow_1.1/soc_verification_lib/sv_cb_ex_lib/apb_subsystem/tb/sv/apb_subsystem_top.sv:350 [compile index 225]
*** Warning: UNDRIVEN_INPUT_PORT: Input port 'macb2_crs_pad' is not driven
    at line 354 in /home/alexandru.madalin.vasilescu/dvt_predefined_projects_target/uvm_ref_flow_1.1/soc_verification_lib/sv_cb_ex_lib/apb_subsystem/tb/sv/apb_subsystem_top.sv:354 [compile index 225]
*** Warning: UNDRIVEN_INPUT_PORT: Input port 'macb2_rx_dv_pad' is not driven
    at line 355 in /home/alexandru.madalin.vasilescu/dvt_predefined_projects_target/uvm_ref_flow_1.1/soc_verification_lib/sv_cb_ex_lib/apb_subsystem/tb/sv/apb_subsystem_top.sv:355 [compile index 225]
*** Warning: UNDRIVEN_INPUT_PORT: Input port 'macb2_rx_er_pad' is not driven
    at line 356 in /home/alexandru.madalin.vasilescu/dvt_predefined_projects_target/uvm_ref_flow_1.1/soc_verification_lib/sv_cb_ex_lib/apb_subsystem/tb/sv/apb_subsystem_top.sv:356 [compile index 225]
*** Warning: UNDRIVEN_INPUT_PORT: Input port 'macb2_rxd_pad' is not driven
    at line 357 in /home/alexandru.madalin.vasilescu/dvt_predefined_projects_target/uvm_ref_flow_1.1/soc_verification_lib/sv_cb_ex_lib/apb_subsystem/tb/sv/apb_subsystem_top.sv:357 [compile index 225]
*** Warning: UNDRIVEN_INPUT_PORT: Input port 'macb3_crs_pad' is not driven
    at line 361 in /home/alexandru.madalin.vasilescu/dvt_predefined_projects_target/uvm_ref_flow_1.1/soc_verification_lib/sv_cb_ex_lib/apb_subsystem/tb/sv/apb_subsystem_top.sv:361 [compile index 225]
*** Warning: UNDRIVEN_INPUT_PORT: Input port 'macb3_rx_dv_pad' is not driven
    at line 362 in /home/alexandru.madalin.vasilescu/dvt_predefined_projects_target/uvm_ref_flow_1.1/soc_verification_lib/sv_cb_ex_lib/apb_subsystem/tb/sv/apb_subsystem_top.sv:362 [compile index 225]
*** Warning: UNDRIVEN_INPUT_PORT: Input port 'macb3_rx_er_pad' is not driven
    at line 363 in /home/alexandru.madalin.vasilescu/dvt_predefined_projects_target/uvm_ref_flow_1.1/soc_verification_lib/sv_cb_ex_lib/apb_subsystem/tb/sv/apb_subsystem_top.sv:363 [compile index 225]
*** Warning: UNDRIVEN_INPUT_PORT: Input port 'macb3_rxd_pad' is not driven
    at line 364 in /home/alexandru.madalin.vasilescu/dvt_predefined_projects_target/uvm_ref_flow_1.1/soc_verification_lib/sv_cb_ex_lib/apb_subsystem/tb/sv/apb_subsystem_top.sv:364 [compile index 225]
*** Warning: UNDRIVEN_INPUT_PORT: Input port 'macb_mdio_in_pad' is not driven
    at line 368 in /home/alexandru.madalin.vasilescu/dvt_predefined_projects_target/uvm_ref_flow_1.1/soc_verification_lib/sv_cb_ex_lib/apb_subsystem/tb/sv/apb_subsystem_top.sv:368 [compile index 225]
*** Warning: UNDRIVEN_INPUT_PORT: Input port 'pin_sysclk_pad' is not driven
    at line 375 in /home/alexandru.madalin.vasilescu/dvt_predefined_projects_target/uvm_ref_flow_1.1/soc_verification_lib/sv_cb_ex_lib/apb_subsystem/tb/sv/apb_subsystem_top.sv:375 [compile index 225]
*** Warning: UNDRIVEN_INPUT_PORT: Input port 'shift_en_pad' is not driven
    at line 376 in /home/alexandru.madalin.vasilescu/dvt_predefined_projects_target/uvm_ref_flow_1.1/soc_verification_lib/sv_cb_ex_lib/apb_subsystem/tb/sv/apb_subsystem_top.sv:376 [compile index 225]
*** Warning: UNDRIVEN_INPUT_PORT: Input port 'spi_CLK_pad' is not driven
    at line 377 in /home/alexandru.madalin.vasilescu/dvt_predefined_projects_target/uvm_ref_flow_1.1/soc_verification_lib/sv_cb_ex_lib/apb_subsystem/tb/sv/apb_subsystem_top.sv:377 [compile index 225]
*** Warning: UNDRIVEN_INPUT_PORT: Input port 'MBIST_en_pad' is not driven
    at line 390 in /home/alexandru.madalin.vasilescu/dvt_predefined_projects_target/uvm_ref_flow_1.1/soc_verification_lib/sv_cb_ex_lib/apb_subsystem/tb/sv/apb_subsystem_top.sv:390 [compile index 225]
*** Warning: UNDRIVEN_INPUT_PORT: Input port 'jtag_NTRST_pad' is not driven
    at line 393 in /home/alexandru.madalin.vasilescu/dvt_predefined_projects_target/uvm_ref_flow_1.1/soc_verification_lib/sv_cb_ex_lib/apb_subsystem/tb/sv/apb_subsystem_top.sv:393 [compile index 225]
*** Warning: UNDRIVEN_INPUT_PORT: Input port 'jtag_TCK_pad' is not driven
    at line 394 in /home/alexandru.madalin.vasilescu/dvt_predefined_projects_target/uvm_ref_flow_1.1/soc_verification_lib/sv_cb_ex_lib/apb_subsystem/tb/sv/apb_subsystem_top.sv:394 [compile index 225]
*** Warning: UNDRIVEN_INPUT_PORT: Input port 'jtag_TDI_pad' is not driven
    at line 395 in /home/alexandru.madalin.vasilescu/dvt_predefined_projects_target/uvm_ref_flow_1.1/soc_verification_lib/sv_cb_ex_lib/apb_subsystem/tb/sv/apb_subsystem_top.sv:395 [compile index 225]
*** Warning: UNDRIVEN_INPUT_PORT: Input port 'jtag_TMS_pad' is not driven
    at line 397 in /home/alexandru.madalin.vasilescu/dvt_predefined_projects_target/uvm_ref_flow_1.1/soc_verification_lib/sv_cb_ex_lib/apb_subsystem/tb/sv/apb_subsystem_top.sv:397 [compile index 225]
*** Warning: UNDRIVEN_INPUT_PORT: Input port 'macb0_col_pad' is not driven
    at line 399 in /home/alexandru.madalin.vasilescu/dvt_predefined_projects_target/uvm_ref_flow_1.1/soc_verification_lib/sv_cb_ex_lib/apb_subsystem/tb/sv/apb_subsystem_top.sv:399 [compile index 225]
*** Warning: UNDRIVEN_INPUT_PORT: Input port 'macb1_col_pad' is not driven
    at line 400 in /home/alexandru.madalin.vasilescu/dvt_predefined_projects_target/uvm_ref_flow_1.1/soc_verification_lib/sv_cb_ex_lib/apb_subsystem/tb/sv/apb_subsystem_top.sv:400 [compile index 225]
*** Warning: UNDRIVEN_INPUT_PORT: Input port 'macb2_col_pad' is not driven
    at line 401 in /home/alexandru.madalin.vasilescu/dvt_predefined_projects_target/uvm_ref_flow_1.1/soc_verification_lib/sv_cb_ex_lib/apb_subsystem/tb/sv/apb_subsystem_top.sv:401 [compile index 225]
*** Warning: UNDRIVEN_INPUT_PORT: Input port 'macb3_col_pad' is not driven
    at line 402 in /home/alexandru.madalin.vasilescu/dvt_predefined_projects_target/uvm_ref_flow_1.1/soc_verification_lib/sv_cb_ex_lib/apb_subsystem/tb/sv/apb_subsystem_top.sv:402 [compile index 225]
*** Warning: ASSIGNMENT_BLOCKING: Blocking assignment of 'div8_clk' in sequential logic (use non-blocking assignment)
    at line 127 in /home/alexandru.madalin.vasilescu/dvt_predefined_projects_target/uvm_ref_flow_1.1/soc_verification_lib/sv_cb_ex_lib/apb_subsystem/tb/sv/apb_subsystem_top.sv:127 [compile index 225]
*** Warning: ASSIGNMENT_BLOCKING: Blocking assignment of 'div8_clk' in sequential logic (use non-blocking assignment)
    at line 129 in /home/alexandru.madalin.vasilescu/dvt_predefined_projects_target/uvm_ref_flow_1.1/soc_verification_lib/sv_cb_ex_lib/apb_subsystem/tb/sv/apb_subsystem_top.sv:129 [compile index 225]
*** Warning: UNDRIVEN_INPUT_PORT: Input port 'scan_in' is not driven
    at line 668 in /home/alexandru.madalin.vasilescu/dvt_predefined_projects_target/uvm_ref_flow_1.1/designs/socv/rtl/rtl_lpw/apb_subsystem/rtl/apb_subsystem_0.v:668 [compile index 283]
*** Warning: UNDRIVEN_INPUT_PORT: Input port 'scan_in' is not driven
    at line 689 in /home/alexandru.madalin.vasilescu/dvt_predefined_projects_target/uvm_ref_flow_1.1/designs/socv/rtl/rtl_lpw/apb_subsystem/rtl/apb_subsystem_0.v:689 [compile index 283]
*** Warning: UNDRIVEN_INPUT_PORT: Input port 'scan_in_1' is not driven
    at line 723 in /home/alexandru.madalin.vasilescu/dvt_predefined_projects_target/uvm_ref_flow_1.1/designs/socv/rtl/rtl_lpw/apb_subsystem/rtl/apb_subsystem_0.v:723 [compile index 283]
*** Warning: UNDRIVEN_INPUT_PORT: Input port 'scan_in_2' is not driven
    at line 724 in /home/alexandru.madalin.vasilescu/dvt_predefined_projects_target/uvm_ref_flow_1.1/designs/socv/rtl/rtl_lpw/apb_subsystem/rtl/apb_subsystem_0.v:724 [compile index 283]
*** Warning: UNDRIVEN_INPUT_PORT: Input port 'scan_in_3' is not driven
    at line 725 in /home/alexandru.madalin.vasilescu/dvt_predefined_projects_target/uvm_ref_flow_1.1/designs/socv/rtl/rtl_lpw/apb_subsystem/rtl/apb_subsystem_0.v:725 [compile index 283]
*** Warning: UNDRIVEN_INPUT_PORT: Input port 'scan_in' is not driven
    at line 769 in /home/alexandru.madalin.vasilescu/dvt_predefined_projects_target/uvm_ref_flow_1.1/designs/socv/rtl/rtl_lpw/apb_subsystem/rtl/apb_subsystem_0.v:769 [compile index 283]
*** Warning: IMPLICIT_DECLARATION: Implicit declaration of 'psel_apic' using `default_nettype set to wire
    at line 529 in /home/alexandru.madalin.vasilescu/dvt_predefined_projects_target/uvm_ref_flow_1.1/designs/socv/rtl/rtl_lpw/apb_subsystem/rtl/apb_subsystem_0.v:529 [compile index 283]
*** Warning: IMPLICIT_DECLARATION: Implicit declaration of 'isolate_urt' using `default_nettype set to wire
    at line 783 in /home/alexandru.madalin.vasilescu/dvt_predefined_projects_target/uvm_ref_flow_1.1/designs/socv/rtl/rtl_lpw/apb_subsystem/rtl/apb_subsystem_0.v:783 [compile index 283]
*** Warning: ASSIGNMENT_NON_BLOCKING: Non-blocking assignment of 'smc_latched_enable' in combinational logic (use blocking assignment)
    at line 848 in /home/alexandru.madalin.vasilescu/dvt_predefined_projects_target/uvm_ref_flow_1.1/designs/socv/rtl/rtl_lpw/apb_subsystem/rtl/apb_subsystem_0.v:848 [compile index 283]
*** Warning: ASSIGNMENT_NON_BLOCKING: Non-blocking assignment of 'urt_latched_enable' in combinational logic (use blocking assignment)
    at line 868 in /home/alexandru.madalin.vasilescu/dvt_predefined_projects_target/uvm_ref_flow_1.1/designs/socv/rtl/rtl_lpw/apb_subsystem/rtl/apb_subsystem_0.v:868 [compile index 283]
*** Warning: ASSIGNMENT_NON_BLOCKING: Non-blocking assignment of 'macb0_latched_enable' in combinational logic (use blocking assignment)
    at line 880 in /home/alexandru.madalin.vasilescu/dvt_predefined_projects_target/uvm_ref_flow_1.1/designs/socv/rtl/rtl_lpw/apb_subsystem/rtl/apb_subsystem_0.v:880 [compile index 283]
*** Warning: ASSIGNMENT_NON_BLOCKING: Non-blocking assignment of 'macb1_latched_enable' in combinational logic (use blocking assignment)
    at line 892 in /home/alexandru.madalin.vasilescu/dvt_predefined_projects_target/uvm_ref_flow_1.1/designs/socv/rtl/rtl_lpw/apb_subsystem/rtl/apb_subsystem_0.v:892 [compile index 283]
*** Warning: ASSIGNMENT_NON_BLOCKING: Non-blocking assignment of 'macb2_latched_enable' in combinational logic (use blocking assignment)
    at line 904 in /home/alexandru.madalin.vasilescu/dvt_predefined_projects_target/uvm_ref_flow_1.1/designs/socv/rtl/rtl_lpw/apb_subsystem/rtl/apb_subsystem_0.v:904 [compile index 283]
*** Warning: ASSIGNMENT_NON_BLOCKING: Non-blocking assignment of 'macb3_latched_enable' in combinational logic (use blocking assignment)
    at line 916 in /home/alexandru.madalin.vasilescu/dvt_predefined_projects_target/uvm_ref_flow_1.1/designs/socv/rtl/rtl_lpw/apb_subsystem/rtl/apb_subsystem_0.v:916 [compile index 283]
*** Warning: UNDRIVEN_INPUT_PORT: Input port 'scan_chain_out_' is not driven
    at line 654 in /home/alexandru.madalin.vasilescu/dvt_predefined_projects_target/uvm_ref_flow_1.1/designs/socv/rtl/rtl_lpw/socv/rtl/socv.v:654 [compile index 254]
*** Warning: UNDRIVEN_INPUT_PORT: Input port 'rf_reset_n' is not driven
    at line 680 in /home/alexandru.madalin.vasilescu/dvt_predefined_projects_target/uvm_ref_flow_1.1/designs/socv/rtl/rtl_lpw/socv/rtl/socv.v:680 [compile index 254]
*** Warning: UNDRIVEN_INPUT_PORT: Input port 'rf_en' is not driven
    at line 682 in /home/alexandru.madalin.vasilescu/dvt_predefined_projects_target/uvm_ref_flow_1.1/designs/socv/rtl/rtl_lpw/socv/rtl/socv.v:682 [compile index 254]
*** Warning: UNDRIVEN_INPUT_PORT: Input port 'rf_sw' is not driven
    at line 684 in /home/alexandru.madalin.vasilescu/dvt_predefined_projects_target/uvm_ref_flow_1.1/designs/socv/rtl/rtl_lpw/socv/rtl/socv.v:684 [compile index 254]
*** Warning: UNDRIVEN_INPUT_PORT: Input port 'hiss_rxien' is not driven
    at line 686 in /home/alexandru.madalin.vasilescu/dvt_predefined_projects_target/uvm_ref_flow_1.1/designs/socv/rtl/rtl_lpw/socv/rtl/socv.v:686 [compile index 254]
*** Warning: UNDRIVEN_INPUT_PORT: Input port 'hiss_rxqen' is not driven
    at line 687 in /home/alexandru.madalin.vasilescu/dvt_predefined_projects_target/uvm_ref_flow_1.1/designs/socv/rtl/rtl_lpw/socv/rtl/socv.v:687 [compile index 254]
*** Warning: UNDRIVEN_INPUT_PORT: Input port 'hiss_clken' is not driven
    at line 688 in /home/alexandru.madalin.vasilescu/dvt_predefined_projects_target/uvm_ref_flow_1.1/designs/socv/rtl/rtl_lpw/socv/rtl/socv.v:688 [compile index 254]
*** Warning: UNDRIVEN_INPUT_PORT: Input port 'hissrxip' is not driven
    at line 689 in /home/alexandru.madalin.vasilescu/dvt_predefined_projects_target/uvm_ref_flow_1.1/designs/socv/rtl/rtl_lpw/socv/rtl/socv.v:689 [compile index 254]
*** Warning: UNDRIVEN_INPUT_PORT: Input port 'hissrxin' is not driven
    at line 690 in /home/alexandru.madalin.vasilescu/dvt_predefined_projects_target/uvm_ref_flow_1.1/designs/socv/rtl/rtl_lpw/socv/rtl/socv.v:690 [compile index 254]
*** Warning: UNDRIVEN_INPUT_PORT: Input port 'hissclkp' is not driven
    at line 691 in /home/alexandru.madalin.vasilescu/dvt_predefined_projects_target/uvm_ref_flow_1.1/designs/socv/rtl/rtl_lpw/socv/rtl/socv.v:691 [compile index 254]
*** Warning: UNDRIVEN_INPUT_PORT: Input port 'hissclkn' is not driven
    at line 692 in /home/alexandru.madalin.vasilescu/dvt_predefined_projects_target/uvm_ref_flow_1.1/designs/socv/rtl/rtl_lpw/socv/rtl/socv.v:692 [compile index 254]
*** Warning: UNDRIVEN_INPUT_PORT: Input port 'hissrxqp' is not driven
    at line 693 in /home/alexandru.madalin.vasilescu/dvt_predefined_projects_target/uvm_ref_flow_1.1/designs/socv/rtl/rtl_lpw/socv/rtl/socv.v:693 [compile index 254]
*** Warning: UNDRIVEN_INPUT_PORT: Input port 'hissrxqn' is not driven
    at line 694 in /home/alexandru.madalin.vasilescu/dvt_predefined_projects_target/uvm_ref_flow_1.1/designs/socv/rtl/rtl_lpw/socv/rtl/socv.v:694 [compile index 254]
*** Warning: UNDRIVEN_INPUT_PORT: Input port 'hiss_biasen' is not driven
    at line 698 in /home/alexandru.madalin.vasilescu/dvt_predefined_projects_target/uvm_ref_flow_1.1/designs/socv/rtl/rtl_lpw/socv/rtl/socv.v:698 [compile index 254]
*** Warning: UNDRIVEN_INPUT_PORT: Input port 'hiss_replien' is not driven
    at line 699 in /home/alexandru.madalin.vasilescu/dvt_predefined_projects_target/uvm_ref_flow_1.1/designs/socv/rtl/rtl_lpw/socv/rtl/socv.v:699 [compile index 254]
*** Warning: UNDRIVEN_INPUT_PORT: Input port 'hiss_curr' is not driven
    at line 700 in /home/alexandru.madalin.vasilescu/dvt_predefined_projects_target/uvm_ref_flow_1.1/designs/socv/rtl/rtl_lpw/socv/rtl/socv.v:700 [compile index 254]
*** Warning: UNDRIVEN_INPUT_PORT: Input port 'hiss_txi' is not driven
    at line 701 in /home/alexandru.madalin.vasilescu/dvt_predefined_projects_target/uvm_ref_flow_1.1/designs/socv/rtl/rtl_lpw/socv/rtl/socv.v:701 [compile index 254]
*** Warning: UNDRIVEN_INPUT_PORT: Input port 'hiss_txq' is not driven
    at line 702 in /home/alexandru.madalin.vasilescu/dvt_predefined_projects_target/uvm_ref_flow_1.1/designs/socv/rtl/rtl_lpw/socv/rtl/socv.v:702 [compile index 254]
*** Warning: UNDRIVEN_INPUT_PORT: Input port 'hiss_txien' is not driven
    at line 703 in /home/alexandru.madalin.vasilescu/dvt_predefined_projects_target/uvm_ref_flow_1.1/designs/socv/rtl/rtl_lpw/socv/rtl/socv.v:703 [compile index 254]
*** Warning: UNDRIVEN_INPUT_PORT: Input port 'hiss_txqen' is not driven
    at line 704 in /home/alexandru.madalin.vasilescu/dvt_predefined_projects_target/uvm_ref_flow_1.1/designs/socv/rtl/rtl_lpw/socv/rtl/socv.v:704 [compile index 254]
*** Warning: UNDRIVEN_INPUT_PORT: Input port 'pin_32k_pad' is not driven
    at line 770 in /home/alexandru.madalin.vasilescu/dvt_predefined_projects_target/uvm_ref_flow_1.1/designs/socv/rtl/rtl_lpw/socv/rtl/socv.v:770 [compile index 254]
*** Warning: MISSING_PORT_CONNECTION: Instance 'i_apb_subsystem' of module 'apb_subsystem_0' is missing port connection to output 'mte_smc_start, mte_uart_start, mte_smc_uart_start, mte_pm_smc_to_default_start, ...'
    at line 1661 in /home/alexandru.madalin.vasilescu/dvt_predefined_projects_target/uvm_ref_flow_1.1/designs/socv/rtl/rtl_lpw/socv/rtl/socv.v:1661 [compile index 254]
*** Warning: WIDTH_MISMATCH_IMPLICIT_SIGNAL: Assignment to 'ttc_irq' of '1-bit' type from 'ttc_irq' of '3-bit' type
    at line 1760 in /home/alexandru.madalin.vasilescu/dvt_predefined_projects_target/uvm_ref_flow_1.1/designs/socv/rtl/rtl_lpw/socv/rtl/socv.v:1760 [compile index 254]
*** Warning: UNDRIVEN_INPUT_PORT: Input port 'mdio_in' is not driven
    at line 1893 in /home/alexandru.madalin.vasilescu/dvt_predefined_projects_target/uvm_ref_flow_1.1/designs/socv/rtl/rtl_lpw/socv/rtl/socv.v:1893 [compile index 254]
*** Warning: UNDRIVEN_INPUT_PORT: Input port 'mdio_in' is not driven
    at line 1941 in /home/alexandru.madalin.vasilescu/dvt_predefined_projects_target/uvm_ref_flow_1.1/designs/socv/rtl/rtl_lpw/socv/rtl/socv.v:1941 [compile index 254]
*** Warning: UNDRIVEN_INPUT_PORT: Input port 'mdio_in' is not driven
    at line 1989 in /home/alexandru.madalin.vasilescu/dvt_predefined_projects_target/uvm_ref_flow_1.1/designs/socv/rtl/rtl_lpw/socv/rtl/socv.v:1989 [compile index 254]
*** Warning: IMPLICIT_DECLARATION: Implicit declaration of 'macb3_hwrite' using `default_nettype set to wire
    at line 957 in /home/alexandru.madalin.vasilescu/dvt_predefined_projects_target/uvm_ref_flow_1.1/designs/socv/rtl/rtl_lpw/socv/rtl/socv.v:957 [compile index 254]
*** Warning: IMPLICIT_DECLARATION: Implicit declaration of 'clk_SRPG_macb0_en' using `default_nettype set to wire
    at line 1622 in /home/alexandru.madalin.vasilescu/dvt_predefined_projects_target/uvm_ref_flow_1.1/designs/socv/rtl/rtl_lpw/socv/rtl/socv.v:1622 [compile index 254]
*** Warning: IMPLICIT_DECLARATION: Implicit declaration of 'clk_SRPG_macb1_en' using `default_nettype set to wire
    at line 1623 in /home/alexandru.madalin.vasilescu/dvt_predefined_projects_target/uvm_ref_flow_1.1/designs/socv/rtl/rtl_lpw/socv/rtl/socv.v:1623 [compile index 254]
*** Warning: IMPLICIT_DECLARATION: Implicit declaration of 'clk_SRPG_macb2_en' using `default_nettype set to wire
    at line 1624 in /home/alexandru.madalin.vasilescu/dvt_predefined_projects_target/uvm_ref_flow_1.1/designs/socv/rtl/rtl_lpw/socv/rtl/socv.v:1624 [compile index 254]
*** Warning: IMPLICIT_DECLARATION: Implicit declaration of 'clk_SRPG_macb3_en' using `default_nettype set to wire
    at line 1625 in /home/alexandru.madalin.vasilescu/dvt_predefined_projects_target/uvm_ref_flow_1.1/designs/socv/rtl/rtl_lpw/socv/rtl/socv.v:1625 [compile index 254]
*** Warning: IMPLICIT_DECLARATION: Implicit declaration of 'pcm_irq' using `default_nettype set to wire
    at line 1759 in /home/alexandru.madalin.vasilescu/dvt_predefined_projects_target/uvm_ref_flow_1.1/designs/socv/rtl/rtl_lpw/socv/rtl/socv.v:1759 [compile index 254]
*** Warning: IMPLICIT_DECLARATION: Implicit declaration of 'ttc_irq' using `default_nettype set to wire
    at line 1760 in /home/alexandru.madalin.vasilescu/dvt_predefined_projects_target/uvm_ref_flow_1.1/designs/socv/rtl/rtl_lpw/socv/rtl/socv.v:1760 [compile index 254]
*** Warning: IMPLICIT_DECLARATION: Implicit declaration of 'gpio_irq' using `default_nettype set to wire
    at line 1761 in /home/alexandru.madalin.vasilescu/dvt_predefined_projects_target/uvm_ref_flow_1.1/designs/socv/rtl/rtl_lpw/socv/rtl/socv.v:1761 [compile index 254]
*** Warning: IMPLICIT_DECLARATION: Implicit declaration of 'uart0_irq' using `default_nettype set to wire
    at line 1762 in /home/alexandru.madalin.vasilescu/dvt_predefined_projects_target/uvm_ref_flow_1.1/designs/socv/rtl/rtl_lpw/socv/rtl/socv.v:1762 [compile index 254]
*** Warning: IMPLICIT_DECLARATION: Implicit declaration of 'uart1_irq' using `default_nettype set to wire
    at line 1763 in /home/alexandru.madalin.vasilescu/dvt_predefined_projects_target/uvm_ref_flow_1.1/designs/socv/rtl/rtl_lpw/socv/rtl/socv.v:1763 [compile index 254]
*** Warning: IMPLICIT_DECLARATION: Implicit declaration of 'spi_irq' using `default_nettype set to wire
    at line 1764 in /home/alexandru.madalin.vasilescu/dvt_predefined_projects_target/uvm_ref_flow_1.1/designs/socv/rtl/rtl_lpw/socv/rtl/socv.v:1764 [compile index 254]
*** Warning: IMPLICIT_DECLARATION: Implicit declaration of 'pready_mac0' using `default_nettype set to wire
    at line 1810 in /home/alexandru.madalin.vasilescu/dvt_predefined_projects_target/uvm_ref_flow_1.1/designs/socv/rtl/rtl_lpw/socv/rtl/socv.v:1810 [compile index 254]
*** Warning: IMPLICIT_DECLARATION: Implicit declaration of 'pready_mac1' using `default_nettype set to wire
    at line 1815 in /home/alexandru.madalin.vasilescu/dvt_predefined_projects_target/uvm_ref_flow_1.1/designs/socv/rtl/rtl_lpw/socv/rtl/socv.v:1815 [compile index 254]
*** Warning: IMPLICIT_DECLARATION: Implicit declaration of 'pready_mac2' using `default_nettype set to wire
    at line 1820 in /home/alexandru.madalin.vasilescu/dvt_predefined_projects_target/uvm_ref_flow_1.1/designs/socv/rtl/rtl_lpw/socv/rtl/socv.v:1820 [compile index 254]
*** Warning: IMPLICIT_DECLARATION: Implicit declaration of 'pready_mac3' using `default_nettype set to wire
    at line 1825 in /home/alexandru.madalin.vasilescu/dvt_predefined_projects_target/uvm_ref_flow_1.1/designs/socv/rtl/rtl_lpw/socv/rtl/socv.v:1825 [compile index 254]
*** Warning: IMPLICIT_DECLARATION: Implicit declaration of 'ao_mburst_precise_o' using `default_nettype set to wire
    at line 2075 in /home/alexandru.madalin.vasilescu/dvt_predefined_projects_target/uvm_ref_flow_1.1/designs/socv/rtl/rtl_lpw/socv/rtl/socv.v:2075 [compile index 254]
*** Warning: IMPLICIT_DECLARATION: Implicit declaration of 'ao_mburst_single_req_o' using `default_nettype set to wire
    at line 2076 in /home/alexandru.madalin.vasilescu/dvt_predefined_projects_target/uvm_ref_flow_1.1/designs/socv/rtl/rtl_lpw/socv/rtl/socv.v:2076 [compile index 254]
*** Warning: IMPLICIT_DECLARATION: Implicit declaration of 'ao_mdatalast_o' using `default_nettype set to wire
    at line 2082 in /home/alexandru.madalin.vasilescu/dvt_predefined_projects_target/uvm_ref_flow_1.1/designs/socv/rtl/rtl_lpw/socv/rtl/socv.v:2082 [compile index 254]
*** Warning: IMPLICIT_DECLARATION: Implicit declaration of 'ao_mdatavalid_o' using `default_nettype set to wire
    at line 2083 in /home/alexandru.madalin.vasilescu/dvt_predefined_projects_target/uvm_ref_flow_1.1/designs/socv/rtl/rtl_lpw/socv/rtl/socv.v:2083 [compile index 254]
*** Warning: IMPLICIT_DECLARATION: Implicit declaration of 'ao_mdataaccept_o' using `default_nettype set to wire
    at line 2084 in /home/alexandru.madalin.vasilescu/dvt_predefined_projects_target/uvm_ref_flow_1.1/designs/socv/rtl/rtl_lpw/socv/rtl/socv.v:2084 [compile index 254]
*** Warning: IMPLICIT_DECLARATION: Implicit declaration of 'ao_mrespaccept_o' using `default_nettype set to wire
    at line 2085 in /home/alexandru.madalin.vasilescu/dvt_predefined_projects_target/uvm_ref_flow_1.1/designs/socv/rtl/rtl_lpw/socv/rtl/socv.v:2085 [compile index 254]
*** Warning: UNDRIVEN_INPUT_PORT: Input port 'scan_in' is not driven
    at line 117 in /home/alexandru.madalin.vasilescu/dvt_predefined_projects_target/uvm_ref_flow_1.1/designs/socv/rtl/rtl_lpw/apb_subsystem/rtl/gpio_veneer.v:117 [compile index 286]
*** Warning: UNDRIVEN_INPUT_PORT: Input port 'scan_in' is not driven
    at line 78 in /home/alexandru.madalin.vasilescu/dvt_predefined_projects_target/uvm_ref_flow_1.1/designs/socv/rtl/rtl_lpw/apb_subsystem/rtl/ttc_veneer.v:78 [compile index 287]
*** Warning: UNDRIVEN_INPUT_PORT: Input port 'scan_in_1' is not driven
    at line 173 in /home/alexandru.madalin.vasilescu/dvt_predefined_projects_target/uvm_ref_flow_1.1/designs/socv/rtl/rtl_lpw/apb_subsystem/rtl/smc_veneer.v:173 [compile index 288]
*** Warning: UNDRIVEN_INPUT_PORT: Input port 'scan_in_2' is not driven
    at line 174 in /home/alexandru.madalin.vasilescu/dvt_predefined_projects_target/uvm_ref_flow_1.1/designs/socv/rtl/rtl_lpw/apb_subsystem/rtl/smc_veneer.v:174 [compile index 288]
*** Warning: UNDRIVEN_INPUT_PORT: Input port 'scan_in_3' is not driven
    at line 175 in /home/alexandru.madalin.vasilescu/dvt_predefined_projects_target/uvm_ref_flow_1.1/designs/socv/rtl/rtl_lpw/apb_subsystem/rtl/smc_veneer.v:175 [compile index 288]
*** Warning: UNDRIVEN_INPUT_PORT: Input port 'scan_in' is not driven
    at line 242 in /home/alexandru.madalin.vasilescu/dvt_predefined_projects_target/uvm_ref_flow_1.1/designs/socv/rtl/rtl_lpw/apb_subsystem/rtl/power_ctrl_veneer.v:242 [compile index 290]
*** Warning: IMPLICIT_DECLARATION: Implicit declaration of 'pwr1_off_smc' using `default_nettype set to wire
    at line 254 in /home/alexandru.madalin.vasilescu/dvt_predefined_projects_target/uvm_ref_flow_1.1/designs/socv/rtl/rtl_lpw/apb_subsystem/rtl/power_ctrl_veneer.v:254 [compile index 290]
*** Warning: IMPLICIT_DECLARATION: Implicit declaration of 'pwr2_off_smc' using `default_nettype set to wire
    at line 255 in /home/alexandru.madalin.vasilescu/dvt_predefined_projects_target/uvm_ref_flow_1.1/designs/socv/rtl/rtl_lpw/apb_subsystem/rtl/power_ctrl_veneer.v:255 [compile index 290]
*** Warning: IMPLICIT_DECLARATION: Implicit declaration of 'pwr1_off_urt' using `default_nettype set to wire
    at line 263 in /home/alexandru.madalin.vasilescu/dvt_predefined_projects_target/uvm_ref_flow_1.1/designs/socv/rtl/rtl_lpw/apb_subsystem/rtl/power_ctrl_veneer.v:263 [compile index 290]
*** Warning: IMPLICIT_DECLARATION: Implicit declaration of 'pwr2_off_urt' using `default_nettype set to wire
    at line 264 in /home/alexandru.madalin.vasilescu/dvt_predefined_projects_target/uvm_ref_flow_1.1/designs/socv/rtl/rtl_lpw/apb_subsystem/rtl/power_ctrl_veneer.v:264 [compile index 290]
*** Warning: IMPLICIT_DECLARATION: Implicit declaration of 'pwr1_off_macb0' using `default_nettype set to wire
    at line 272 in /home/alexandru.madalin.vasilescu/dvt_predefined_projects_target/uvm_ref_flow_1.1/designs/socv/rtl/rtl_lpw/apb_subsystem/rtl/power_ctrl_veneer.v:272 [compile index 290]
*** Warning: IMPLICIT_DECLARATION: Implicit declaration of 'pwr2_off_macb0' using `default_nettype set to wire
    at line 273 in /home/alexandru.madalin.vasilescu/dvt_predefined_projects_target/uvm_ref_flow_1.1/designs/socv/rtl/rtl_lpw/apb_subsystem/rtl/power_ctrl_veneer.v:273 [compile index 290]
*** Warning: IMPLICIT_DECLARATION: Implicit declaration of 'pwr1_off_macb1' using `default_nettype set to wire
    at line 281 in /home/alexandru.madalin.vasilescu/dvt_predefined_projects_target/uvm_ref_flow_1.1/designs/socv/rtl/rtl_lpw/apb_subsystem/rtl/power_ctrl_veneer.v:281 [compile index 290]
*** Warning: IMPLICIT_DECLARATION: Implicit declaration of 'pwr2_off_macb1' using `default_nettype set to wire
    at line 282 in /home/alexandru.madalin.vasilescu/dvt_predefined_projects_target/uvm_ref_flow_1.1/designs/socv/rtl/rtl_lpw/apb_subsystem/rtl/power_ctrl_veneer.v:282 [compile index 290]
*** Warning: IMPLICIT_DECLARATION: Implicit declaration of 'pwr1_off_macb2' using `default_nettype set to wire
    at line 290 in /home/alexandru.madalin.vasilescu/dvt_predefined_projects_target/uvm_ref_flow_1.1/designs/socv/rtl/rtl_lpw/apb_subsystem/rtl/power_ctrl_veneer.v:290 [compile index 290]
*** Warning: IMPLICIT_DECLARATION: Implicit declaration of 'pwr2_off_macb2' using `default_nettype set to wire
    at line 291 in /home/alexandru.madalin.vasilescu/dvt_predefined_projects_target/uvm_ref_flow_1.1/designs/socv/rtl/rtl_lpw/apb_subsystem/rtl/power_ctrl_veneer.v:291 [compile index 290]
*** Warning: IMPLICIT_DECLARATION: Implicit declaration of 'pwr1_off_macb3' using `default_nettype set to wire
    at line 299 in /home/alexandru.madalin.vasilescu/dvt_predefined_projects_target/uvm_ref_flow_1.1/designs/socv/rtl/rtl_lpw/apb_subsystem/rtl/power_ctrl_veneer.v:299 [compile index 290]
*** Warning: IMPLICIT_DECLARATION: Implicit declaration of 'pwr2_off_macb3' using `default_nettype set to wire
    at line 300 in /home/alexandru.madalin.vasilescu/dvt_predefined_projects_target/uvm_ref_flow_1.1/designs/socv/rtl/rtl_lpw/apb_subsystem/rtl/power_ctrl_veneer.v:300 [compile index 290]
*** Warning: IMPLICIT_DECLARATION: Implicit declaration of 'rstn_non_srpg_dma' using `default_nettype set to wire
    at line 301 in /home/alexandru.madalin.vasilescu/dvt_predefined_projects_target/uvm_ref_flow_1.1/designs/socv/rtl/rtl_lpw/apb_subsystem/rtl/power_ctrl_veneer.v:301 [compile index 290]
*** Warning: IMPLICIT_DECLARATION: Implicit declaration of 'gate_clk_dma' using `default_nettype set to wire
    at line 302 in /home/alexandru.madalin.vasilescu/dvt_predefined_projects_target/uvm_ref_flow_1.1/designs/socv/rtl/rtl_lpw/apb_subsystem/rtl/power_ctrl_veneer.v:302 [compile index 290]
*** Warning: IMPLICIT_DECLARATION: Implicit declaration of 'isolate_dma' using `default_nettype set to wire
    at line 303 in /home/alexandru.madalin.vasilescu/dvt_predefined_projects_target/uvm_ref_flow_1.1/designs/socv/rtl/rtl_lpw/apb_subsystem/rtl/power_ctrl_veneer.v:303 [compile index 290]
*** Warning: IMPLICIT_DECLARATION: Implicit declaration of 'save_edge_dma' using `default_nettype set to wire
    at line 304 in /home/alexandru.madalin.vasilescu/dvt_predefined_projects_target/uvm_ref_flow_1.1/designs/socv/rtl/rtl_lpw/apb_subsystem/rtl/power_ctrl_veneer.v:304 [compile index 290]
*** Warning: IMPLICIT_DECLARATION: Implicit declaration of 'restore_edge_dma' using `default_nettype set to wire
    at line 305 in /home/alexandru.madalin.vasilescu/dvt_predefined_projects_target/uvm_ref_flow_1.1/designs/socv/rtl/rtl_lpw/apb_subsystem/rtl/power_ctrl_veneer.v:305 [compile index 290]
*** Warning: IMPLICIT_DECLARATION: Implicit declaration of 'pwr1_on_dma' using `default_nettype set to wire
    at line 306 in /home/alexandru.madalin.vasilescu/dvt_predefined_projects_target/uvm_ref_flow_1.1/designs/socv/rtl/rtl_lpw/apb_subsystem/rtl/power_ctrl_veneer.v:306 [compile index 290]
*** Warning: IMPLICIT_DECLARATION: Implicit declaration of 'pwr2_on_dma' using `default_nettype set to wire
    at line 307 in /home/alexandru.madalin.vasilescu/dvt_predefined_projects_target/uvm_ref_flow_1.1/designs/socv/rtl/rtl_lpw/apb_subsystem/rtl/power_ctrl_veneer.v:307 [compile index 290]
*** Warning: IMPLICIT_DECLARATION: Implicit declaration of 'pwr1_off_dma' using `default_nettype set to wire
    at line 308 in /home/alexandru.madalin.vasilescu/dvt_predefined_projects_target/uvm_ref_flow_1.1/designs/socv/rtl/rtl_lpw/apb_subsystem/rtl/power_ctrl_veneer.v:308 [compile index 290]
*** Warning: IMPLICIT_DECLARATION: Implicit declaration of 'pwr2_off_dma' using `default_nettype set to wire
    at line 309 in /home/alexandru.madalin.vasilescu/dvt_predefined_projects_target/uvm_ref_flow_1.1/designs/socv/rtl/rtl_lpw/apb_subsystem/rtl/power_ctrl_veneer.v:309 [compile index 290]
*** Warning: IMPLICIT_DECLARATION: Implicit declaration of 'rstn_non_srpg_cpu' using `default_nettype set to wire
    at line 311 in /home/alexandru.madalin.vasilescu/dvt_predefined_projects_target/uvm_ref_flow_1.1/designs/socv/rtl/rtl_lpw/apb_subsystem/rtl/power_ctrl_veneer.v:311 [compile index 290]
*** Warning: IMPLICIT_DECLARATION: Implicit declaration of 'gate_clk_cpu' using `default_nettype set to wire
    at line 312 in /home/alexandru.madalin.vasilescu/dvt_predefined_projects_target/uvm_ref_flow_1.1/designs/socv/rtl/rtl_lpw/apb_subsystem/rtl/power_ctrl_veneer.v:312 [compile index 290]
*** Warning: IMPLICIT_DECLARATION: Implicit declaration of 'isolate_cpu' using `default_nettype set to wire
    at line 313 in /home/alexandru.madalin.vasilescu/dvt_predefined_projects_target/uvm_ref_flow_1.1/designs/socv/rtl/rtl_lpw/apb_subsystem/rtl/power_ctrl_veneer.v:313 [compile index 290]
*** Warning: IMPLICIT_DECLARATION: Implicit declaration of 'save_edge_cpu' using `default_nettype set to wire
    at line 314 in /home/alexandru.madalin.vasilescu/dvt_predefined_projects_target/uvm_ref_flow_1.1/designs/socv/rtl/rtl_lpw/apb_subsystem/rtl/power_ctrl_veneer.v:314 [compile index 290]
*** Warning: IMPLICIT_DECLARATION: Implicit declaration of 'restore_edge_cpu' using `default_nettype set to wire
    at line 315 in /home/alexandru.madalin.vasilescu/dvt_predefined_projects_target/uvm_ref_flow_1.1/designs/socv/rtl/rtl_lpw/apb_subsystem/rtl/power_ctrl_veneer.v:315 [compile index 290]
*** Warning: IMPLICIT_DECLARATION: Implicit declaration of 'pwr1_on_cpu' using `default_nettype set to wire
    at line 316 in /home/alexandru.madalin.vasilescu/dvt_predefined_projects_target/uvm_ref_flow_1.1/designs/socv/rtl/rtl_lpw/apb_subsystem/rtl/power_ctrl_veneer.v:316 [compile index 290]
*** Warning: IMPLICIT_DECLARATION: Implicit declaration of 'pwr2_on_cpu' using `default_nettype set to wire
    at line 317 in /home/alexandru.madalin.vasilescu/dvt_predefined_projects_target/uvm_ref_flow_1.1/designs/socv/rtl/rtl_lpw/apb_subsystem/rtl/power_ctrl_veneer.v:317 [compile index 290]
*** Warning: IMPLICIT_DECLARATION: Implicit declaration of 'pwr1_off_cpu' using `default_nettype set to wire
    at line 318 in /home/alexandru.madalin.vasilescu/dvt_predefined_projects_target/uvm_ref_flow_1.1/designs/socv/rtl/rtl_lpw/apb_subsystem/rtl/power_ctrl_veneer.v:318 [compile index 290]
*** Warning: IMPLICIT_DECLARATION: Implicit declaration of 'pwr2_off_cpu' using `default_nettype set to wire
    at line 319 in /home/alexandru.madalin.vasilescu/dvt_predefined_projects_target/uvm_ref_flow_1.1/designs/socv/rtl/rtl_lpw/apb_subsystem/rtl/power_ctrl_veneer.v:319 [compile index 290]
*** Warning: IMPLICIT_DECLARATION: Implicit declaration of 'rstn_non_srpg_alut' using `default_nettype set to wire
    at line 321 in /home/alexandru.madalin.vasilescu/dvt_predefined_projects_target/uvm_ref_flow_1.1/designs/socv/rtl/rtl_lpw/apb_subsystem/rtl/power_ctrl_veneer.v:321 [compile index 290]
*** Warning: IMPLICIT_DECLARATION: Implicit declaration of 'gate_clk_alut' using `default_nettype set to wire
    at line 322 in /home/alexandru.madalin.vasilescu/dvt_predefined_projects_target/uvm_ref_flow_1.1/designs/socv/rtl/rtl_lpw/apb_subsystem/rtl/power_ctrl_veneer.v:322 [compile index 290]
*** Warning: IMPLICIT_DECLARATION: Implicit declaration of 'isolate_alut' using `default_nettype set to wire
    at line 323 in /home/alexandru.madalin.vasilescu/dvt_predefined_projects_target/uvm_ref_flow_1.1/designs/socv/rtl/rtl_lpw/apb_subsystem/rtl/power_ctrl_veneer.v:323 [compile index 290]
*** Warning: IMPLICIT_DECLARATION: Implicit declaration of 'save_edge_alut' using `default_nettype set to wire
    at line 324 in /home/alexandru.madalin.vasilescu/dvt_predefined_projects_target/uvm_ref_flow_1.1/designs/socv/rtl/rtl_lpw/apb_subsystem/rtl/power_ctrl_veneer.v:324 [compile index 290]
*** Warning: IMPLICIT_DECLARATION: Implicit declaration of 'restore_edge_alut' using `default_nettype set to wire
    at line 325 in /home/alexandru.madalin.vasilescu/dvt_predefined_projects_target/uvm_ref_flow_1.1/designs/socv/rtl/rtl_lpw/apb_subsystem/rtl/power_ctrl_veneer.v:325 [compile index 290]
*** Warning: IMPLICIT_DECLARATION: Implicit declaration of 'pwr1_on_alut' using `default_nettype set to wire
    at line 326 in /home/alexandru.madalin.vasilescu/dvt_predefined_projects_target/uvm_ref_flow_1.1/designs/socv/rtl/rtl_lpw/apb_subsystem/rtl/power_ctrl_veneer.v:326 [compile index 290]
*** Warning: IMPLICIT_DECLARATION: Implicit declaration of 'pwr2_on_alut' using `default_nettype set to wire
    at line 327 in /home/alexandru.madalin.vasilescu/dvt_predefined_projects_target/uvm_ref_flow_1.1/designs/socv/rtl/rtl_lpw/apb_subsystem/rtl/power_ctrl_veneer.v:327 [compile index 290]
*** Warning: IMPLICIT_DECLARATION: Implicit declaration of 'pwr1_off_alut' using `default_nettype set to wire
    at line 328 in /home/alexandru.madalin.vasilescu/dvt_predefined_projects_target/uvm_ref_flow_1.1/designs/socv/rtl/rtl_lpw/apb_subsystem/rtl/power_ctrl_veneer.v:328 [compile index 290]
*** Warning: IMPLICIT_DECLARATION: Implicit declaration of 'pwr2_off_alut' using `default_nettype set to wire
    at line 329 in /home/alexandru.madalin.vasilescu/dvt_predefined_projects_target/uvm_ref_flow_1.1/designs/socv/rtl/rtl_lpw/apb_subsystem/rtl/power_ctrl_veneer.v:329 [compile index 290]
*** Warning: IMPLICIT_DECLARATION: Implicit declaration of 'rstn_non_srpg_mem' using `default_nettype set to wire
    at line 331 in /home/alexandru.madalin.vasilescu/dvt_predefined_projects_target/uvm_ref_flow_1.1/designs/socv/rtl/rtl_lpw/apb_subsystem/rtl/power_ctrl_veneer.v:331 [compile index 290]
*** Warning: IMPLICIT_DECLARATION: Implicit declaration of 'gate_clk_mem' using `default_nettype set to wire
    at line 332 in /home/alexandru.madalin.vasilescu/dvt_predefined_projects_target/uvm_ref_flow_1.1/designs/socv/rtl/rtl_lpw/apb_subsystem/rtl/power_ctrl_veneer.v:332 [compile index 290]
*** Warning: IMPLICIT_DECLARATION: Implicit declaration of 'save_edge_mem' using `default_nettype set to wire
    at line 334 in /home/alexandru.madalin.vasilescu/dvt_predefined_projects_target/uvm_ref_flow_1.1/designs/socv/rtl/rtl_lpw/apb_subsystem/rtl/power_ctrl_veneer.v:334 [compile index 290]
*** Warning: IMPLICIT_DECLARATION: Implicit declaration of 'restore_edge_mem' using `default_nettype set to wire
    at line 335 in /home/alexandru.madalin.vasilescu/dvt_predefined_projects_target/uvm_ref_flow_1.1/designs/socv/rtl/rtl_lpw/apb_subsystem/rtl/power_ctrl_veneer.v:335 [compile index 290]
*** Warning: IMPLICIT_DECLARATION: Implicit declaration of 'pwr1_on_mem' using `default_nettype set to wire
    at line 336 in /home/alexandru.madalin.vasilescu/dvt_predefined_projects_target/uvm_ref_flow_1.1/designs/socv/rtl/rtl_lpw/apb_subsystem/rtl/power_ctrl_veneer.v:336 [compile index 290]
*** Warning: IMPLICIT_DECLARATION: Implicit declaration of 'pwr2_on_mem' using `default_nettype set to wire
    at line 337 in /home/alexandru.madalin.vasilescu/dvt_predefined_projects_target/uvm_ref_flow_1.1/designs/socv/rtl/rtl_lpw/apb_subsystem/rtl/power_ctrl_veneer.v:337 [compile index 290]
*** Warning: IMPLICIT_DECLARATION: Implicit declaration of 'pwr1_off_mem' using `default_nettype set to wire
    at line 338 in /home/alexandru.madalin.vasilescu/dvt_predefined_projects_target/uvm_ref_flow_1.1/designs/socv/rtl/rtl_lpw/apb_subsystem/rtl/power_ctrl_veneer.v:338 [compile index 290]
*** Warning: IMPLICIT_DECLARATION: Implicit declaration of 'pwr2_off_mem' using `default_nettype set to wire
    at line 339 in /home/alexandru.madalin.vasilescu/dvt_predefined_projects_target/uvm_ref_flow_1.1/designs/socv/rtl/rtl_lpw/apb_subsystem/rtl/power_ctrl_veneer.v:339 [compile index 290]
*** Warning: SENSITIVITY_UNUSED: The process is not sensitive to 'htrans'
    at line 258 in /home/alexandru.madalin.vasilescu/dvt_predefined_projects_target/uvm_ref_flow_1.1/designs/socv/rtl/rtl_lpw/smc/rtl/smc_ahb_lite_if.v:258 [compile index 349]
*** Warning: SENSITIVITY_UNUSED: The process is not sensitive to 'cs'
    at line 258 in /home/alexandru.madalin.vasilescu/dvt_predefined_projects_target/uvm_ref_flow_1.1/designs/socv/rtl/rtl_lpw/smc/rtl/smc_ahb_lite_if.v:258 [compile index 349]
*** Warning: SENSITIVITY_UNUSED: The process is not sensitive to 'smc_idle'
    at line 258 in /home/alexandru.madalin.vasilescu/dvt_predefined_projects_target/uvm_ref_flow_1.1/designs/socv/rtl/rtl_lpw/smc/rtl/smc_ahb_lite_if.v:258 [compile index 349]
*** Warning: SENSITIVITY_UNUSED: The process is not sensitive to 'hready'
    at line 258 in /home/alexandru.madalin.vasilescu/dvt_predefined_projects_target/uvm_ref_flow_1.1/designs/socv/rtl/rtl_lpw/smc/rtl/smc_ahb_lite_if.v:258 [compile index 349]
*** Warning: ASSIGNMENT_BLOCKING: Blocking assignment of 'tmp_data' in sequential logic (use non-blocking assignment)
    at line 72 in /home/alexandru.madalin.vasilescu/dvt_predefined_projects_target/uvm_ref_flow_1.1/designs/socv/rtl/rtl_lpw/cdn_chip/rtl/ahb2ocp_ram.v:72 [compile index 440]
*** Warning: ASSIGNMENT_NON_BLOCKING: Non-blocking assignment of 'hiss_rxq_output' in combinational logic (use blocking assignment)
    at line 58 in /home/alexandru.madalin.vasilescu/dvt_predefined_projects_target/uvm_ref_flow_1.1/designs/socv/rtl/rtl_lpw/padframe/rtl/lvds_beh.v:58 [compile index 259]
*** Warning: ASSIGNMENT_NON_BLOCKING: Non-blocking assignment of 'hiss_rxq_output' in combinational logic (use blocking assignment)
    at line 60 in /home/alexandru.madalin.vasilescu/dvt_predefined_projects_target/uvm_ref_flow_1.1/designs/socv/rtl/rtl_lpw/padframe/rtl/lvds_beh.v:60 [compile index 259]
*** Warning: ASSIGNMENT_NON_BLOCKING: Non-blocking assignment of 'hiss_rxq_output' in combinational logic (use blocking assignment)
    at line 62 in /home/alexandru.madalin.vasilescu/dvt_predefined_projects_target/uvm_ref_flow_1.1/designs/socv/rtl/rtl_lpw/padframe/rtl/lvds_beh.v:62 [compile index 259]
*** Warning: ASSIGNMENT_NON_BLOCKING: Non-blocking assignment of 'hiss_rxi_output' in combinational logic (use blocking assignment)
    at line 68 in /home/alexandru.madalin.vasilescu/dvt_predefined_projects_target/uvm_ref_flow_1.1/designs/socv/rtl/rtl_lpw/padframe/rtl/lvds_beh.v:68 [compile index 259]
*** Warning: ASSIGNMENT_NON_BLOCKING: Non-blocking assignment of 'hiss_rxi_output' in combinational logic (use blocking assignment)
    at line 70 in /home/alexandru.madalin.vasilescu/dvt_predefined_projects_target/uvm_ref_flow_1.1/designs/socv/rtl/rtl_lpw/padframe/rtl/lvds_beh.v:70 [compile index 259]
*** Warning: ASSIGNMENT_NON_BLOCKING: Non-blocking assignment of 'hiss_rxi_output' in combinational logic (use blocking assignment)
    at line 72 in /home/alexandru.madalin.vasilescu/dvt_predefined_projects_target/uvm_ref_flow_1.1/designs/socv/rtl/rtl_lpw/padframe/rtl/lvds_beh.v:72 [compile index 259]
*** Warning: ASSIGNMENT_NON_BLOCKING: Non-blocking assignment of 'hiss_txi_output' in combinational logic (use blocking assignment)
    at line 78 in /home/alexandru.madalin.vasilescu/dvt_predefined_projects_target/uvm_ref_flow_1.1/designs/socv/rtl/rtl_lpw/padframe/rtl/lvds_beh.v:78 [compile index 259]
*** Warning: ASSIGNMENT_NON_BLOCKING: Non-blocking assignment of 'hiss_txi_output' in combinational logic (use blocking assignment)
    at line 80 in /home/alexandru.madalin.vasilescu/dvt_predefined_projects_target/uvm_ref_flow_1.1/designs/socv/rtl/rtl_lpw/padframe/rtl/lvds_beh.v:80 [compile index 259]
*** Warning: ASSIGNMENT_NON_BLOCKING: Non-blocking assignment of 'hiss_txq_output' in combinational logic (use blocking assignment)
    at line 87 in /home/alexandru.madalin.vasilescu/dvt_predefined_projects_target/uvm_ref_flow_1.1/designs/socv/rtl/rtl_lpw/padframe/rtl/lvds_beh.v:87 [compile index 259]
*** Warning: ASSIGNMENT_NON_BLOCKING: Non-blocking assignment of 'hiss_txq_output' in combinational logic (use blocking assignment)
    at line 89 in /home/alexandru.madalin.vasilescu/dvt_predefined_projects_target/uvm_ref_flow_1.1/designs/socv/rtl/rtl_lpw/padframe/rtl/lvds_beh.v:89 [compile index 259]
*** Warning: ASSIGNMENT_NON_BLOCKING: Non-blocking assignment of 'hiss_clk_output' in combinational logic (use blocking assignment)
    at line 95 in /home/alexandru.madalin.vasilescu/dvt_predefined_projects_target/uvm_ref_flow_1.1/designs/socv/rtl/rtl_lpw/padframe/rtl/lvds_beh.v:95 [compile index 259]
*** Warning: ASSIGNMENT_NON_BLOCKING: Non-blocking assignment of 'hiss_clk_output' in combinational logic (use blocking assignment)
    at line 97 in /home/alexandru.madalin.vasilescu/dvt_predefined_projects_target/uvm_ref_flow_1.1/designs/socv/rtl/rtl_lpw/padframe/rtl/lvds_beh.v:97 [compile index 259]
*** Warning: ASSIGNMENT_NON_BLOCKING: Non-blocking assignment of 'hiss_clk_output' in combinational logic (use blocking assignment)
    at line 99 in /home/alexandru.madalin.vasilescu/dvt_predefined_projects_target/uvm_ref_flow_1.1/designs/socv/rtl/rtl_lpw/padframe/rtl/lvds_beh.v:99 [compile index 259]
*** Warning: ASSIGNMENT_NON_BLOCKING: Non-blocking assignment of 'hiss_clk' in combinational logic (use blocking assignment)
    at line 104 in /home/alexandru.madalin.vasilescu/dvt_predefined_projects_target/uvm_ref_flow_1.1/designs/socv/rtl/rtl_lpw/padframe/rtl/lvds_beh.v:104 [compile index 259]
*** Warning: ASSIGNMENT_NON_BLOCKING: Non-blocking assignment of 'hiss_clk' in combinational logic (use blocking assignment)
    at line 106 in /home/alexandru.madalin.vasilescu/dvt_predefined_projects_target/uvm_ref_flow_1.1/designs/socv/rtl/rtl_lpw/padframe/rtl/lvds_beh.v:106 [compile index 259]
*** Warning: ASSIGNMENT_NON_BLOCKING: Non-blocking assignment of 'hiss_rxq' in combinational logic (use blocking assignment)
    at line 110 in /home/alexandru.madalin.vasilescu/dvt_predefined_projects_target/uvm_ref_flow_1.1/designs/socv/rtl/rtl_lpw/padframe/rtl/lvds_beh.v:110 [compile index 259]
*** Warning: ASSIGNMENT_NON_BLOCKING: Non-blocking assignment of 'hiss_rxq' in combinational logic (use blocking assignment)
    at line 112 in /home/alexandru.madalin.vasilescu/dvt_predefined_projects_target/uvm_ref_flow_1.1/designs/socv/rtl/rtl_lpw/padframe/rtl/lvds_beh.v:112 [compile index 259]
*** Warning: ASSIGNMENT_NON_BLOCKING: Non-blocking assignment of 'hiss_rxi' in combinational logic (use blocking assignment)
    at line 116 in /home/alexandru.madalin.vasilescu/dvt_predefined_projects_target/uvm_ref_flow_1.1/designs/socv/rtl/rtl_lpw/padframe/rtl/lvds_beh.v:116 [compile index 259]
*** Warning: ASSIGNMENT_NON_BLOCKING: Non-blocking assignment of 'hiss_rxi' in combinational logic (use blocking assignment)
    at line 118 in /home/alexandru.madalin.vasilescu/dvt_predefined_projects_target/uvm_ref_flow_1.1/designs/socv/rtl/rtl_lpw/padframe/rtl/lvds_beh.v:118 [compile index 259]
*** Warning: IMPLICIT_DECLARATION: Implicit declaration of 'vhigh_driver' using `default_nettype set to wire
    at line 120 in /home/alexandru.madalin.vasilescu/dvt_predefined_projects_target/uvm_ref_flow_1.1/designs/socv/rtl/rtl_lpw/padframe/rtl/lvds_beh.v:120 [compile index 259]
*** Warning: IMPLICIT_DECLARATION: Implicit declaration of 'vlow_driver' using `default_nettype set to wire
    at line 121 in /home/alexandru.madalin.vasilescu/dvt_predefined_projects_target/uvm_ref_flow_1.1/designs/socv/rtl/rtl_lpw/padframe/rtl/lvds_beh.v:121 [compile index 259]
*** Warning: SENSITIVITY_MISSING: Missing 'add_check_active' from sensitivity list
    at line 156 in /home/alexandru.madalin.vasilescu/dvt_predefined_projects_target/uvm_ref_flow_1.1/designs/socv/rtl/rtl_lpw/alut/rtl/alut_age_checker.v:156 [compile index 298]
*** Warning: IMPLICIT_DECLARATION: Implicit declaration of 'tie_hi_bit' using `default_nettype set to wire
    at line 121 in /home/alexandru.madalin.vasilescu/dvt_predefined_projects_target/uvm_ref_flow_1.1/designs/socv/rtl/rtl_lpw/apb_subsystem/rtl/apb_subsystem_1.v:121 [compile index 284]
*** Warning: IMPLICIT_DECLARATION: Implicit declaration of 'psel_alut' using `default_nettype set to wire
    at line 175 in /home/alexandru.madalin.vasilescu/dvt_predefined_projects_target/uvm_ref_flow_1.1/designs/socv/rtl/rtl_lpw/apb_subsystem/rtl/apb_subsystem_1.v:175 [compile index 284]
*** Warning: WIDTH_MISMATCH_TRUNCATION: Assignment to 'gnt_2_s0' of '9-bit' type from '{gnt_from_m15[0], gnt_from_m14...' of '16-bit' type
    at line 1610 in /home/alexandru.madalin.vasilescu/dvt_predefined_projects_target/uvm_ref_flow_1.1/designs/socv/rtl/rtl_lpw/cdn_busmatrix/busmatrix.v:1610 [compile index 262]
*** Warning: WIDTH_MISMATCH_TRUNCATION: Assignment to 'gnt_2_s1' of '9-bit' type from '{gnt_from_m15[1], gnt_from_m14...' of '16-bit' type
    at line 1674 in /home/alexandru.madalin.vasilescu/dvt_predefined_projects_target/uvm_ref_flow_1.1/designs/socv/rtl/rtl_lpw/cdn_busmatrix/busmatrix.v:1674 [compile index 262]
*** Warning: WIDTH_MISMATCH_TRUNCATION: Assignment to 'gnt_2_s2' of '9-bit' type from '{gnt_from_m15[2], gnt_from_m14...' of '16-bit' type
    at line 1735 in /home/alexandru.madalin.vasilescu/dvt_predefined_projects_target/uvm_ref_flow_1.1/designs/socv/rtl/rtl_lpw/cdn_busmatrix/busmatrix.v:1735 [compile index 262]
*** Warning: WIDTH_MISMATCH_TRUNCATION: Assignment to 'gnt_2_s3' of '9-bit' type from '{gnt_from_m15[3], gnt_from_m14...' of '16-bit' type
    at line 1796 in /home/alexandru.madalin.vasilescu/dvt_predefined_projects_target/uvm_ref_flow_1.1/designs/socv/rtl/rtl_lpw/cdn_busmatrix/busmatrix.v:1796 [compile index 262]
*** Warning: WIDTH_MISMATCH_TRUNCATION: Assignment to 'gnt_2_s4' of '9-bit' type from '{gnt_from_m15[4], gnt_from_m14...' of '16-bit' type
    at line 1857 in /home/alexandru.madalin.vasilescu/dvt_predefined_projects_target/uvm_ref_flow_1.1/designs/socv/rtl/rtl_lpw/cdn_busmatrix/busmatrix.v:1857 [compile index 262]
*** Warning: WIDTH_MISMATCH_TRUNCATION: Assignment to 'gnt_2_s5' of '9-bit' type from '{gnt_from_m15[5], gnt_from_m14...' of '16-bit' type
    at line 1919 in /home/alexandru.madalin.vasilescu/dvt_predefined_projects_target/uvm_ref_flow_1.1/designs/socv/rtl/rtl_lpw/cdn_busmatrix/busmatrix.v:1919 [compile index 262]
*** Warning: WIDTH_MISMATCH_TRUNCATION: Assignment to 'req_2_m0' of '6-bit' type from '{req_from_s15[0], req_from_s14...' of '16-bit' type
    at line 2597 in /home/alexandru.madalin.vasilescu/dvt_predefined_projects_target/uvm_ref_flow_1.1/designs/socv/rtl/rtl_lpw/cdn_busmatrix/busmatrix.v:2597 [compile index 262]
*** Warning: WIDTH_MISMATCH_TRUNCATION: Assignment to 'req_2_m1' of '6-bit' type from '{req_from_s15[1], req_from_s14...' of '16-bit' type
    at line 2654 in /home/alexandru.madalin.vasilescu/dvt_predefined_projects_target/uvm_ref_flow_1.1/designs/socv/rtl/rtl_lpw/cdn_busmatrix/busmatrix.v:2654 [compile index 262]
*** Warning: WIDTH_MISMATCH_TRUNCATION: Assignment to 'req_2_m2' of '6-bit' type from '{req_from_s15[2], req_from_s14...' of '16-bit' type
    at line 2711 in /home/alexandru.madalin.vasilescu/dvt_predefined_projects_target/uvm_ref_flow_1.1/designs/socv/rtl/rtl_lpw/cdn_busmatrix/busmatrix.v:2711 [compile index 262]
*** Warning: WIDTH_MISMATCH_TRUNCATION: Assignment to 'req_2_m3' of '6-bit' type from '{req_from_s15[3], req_from_s14...' of '16-bit' type
    at line 2768 in /home/alexandru.madalin.vasilescu/dvt_predefined_projects_target/uvm_ref_flow_1.1/designs/socv/rtl/rtl_lpw/cdn_busmatrix/busmatrix.v:2768 [compile index 262]
*** Warning: WIDTH_MISMATCH_TRUNCATION: Assignment to 'req_2_m4' of '6-bit' type from '{req_from_s15[4], req_from_s14...' of '16-bit' type
    at line 2824 in /home/alexandru.madalin.vasilescu/dvt_predefined_projects_target/uvm_ref_flow_1.1/designs/socv/rtl/rtl_lpw/cdn_busmatrix/busmatrix.v:2824 [compile index 262]
*** Warning: WIDTH_MISMATCH_TRUNCATION: Assignment to 'req_2_m5' of '6-bit' type from '{req_from_s15[5], req_from_s14...' of '16-bit' type
    at line 2881 in /home/alexandru.madalin.vasilescu/dvt_predefined_projects_target/uvm_ref_flow_1.1/designs/socv/rtl/rtl_lpw/cdn_busmatrix/busmatrix.v:2881 [compile index 262]
*** Warning: WIDTH_MISMATCH_TRUNCATION: Assignment to 'req_2_m6' of '6-bit' type from '{req_from_s15[6], req_from_s14...' of '16-bit' type
    at line 2937 in /home/alexandru.madalin.vasilescu/dvt_predefined_projects_target/uvm_ref_flow_1.1/designs/socv/rtl/rtl_lpw/cdn_busmatrix/busmatrix.v:2937 [compile index 262]
*** Warning: WIDTH_MISMATCH_TRUNCATION: Assignment to 'req_2_m7' of '6-bit' type from '{req_from_s15[7], req_from_s14...' of '16-bit' type
    at line 2994 in /home/alexandru.madalin.vasilescu/dvt_predefined_projects_target/uvm_ref_flow_1.1/designs/socv/rtl/rtl_lpw/cdn_busmatrix/busmatrix.v:2994 [compile index 262]
*** Warning: WIDTH_MISMATCH_TRUNCATION: Assignment to 'req_2_m8' of '6-bit' type from '{req_from_s15[8], req_from_s14...' of '16-bit' type
    at line 3051 in /home/alexandru.madalin.vasilescu/dvt_predefined_projects_target/uvm_ref_flow_1.1/designs/socv/rtl/rtl_lpw/cdn_busmatrix/busmatrix.v:3051 [compile index 262]
*** Warning: IMPLICIT_DECLARATION: Implicit declaration of 'rf_overrun' using `default_nettype set to wire
    at line 400 in /home/alexandru.madalin.vasilescu/dvt_predefined_projects_target/uvm_ref_flow_1.1/designs/socv/rtl/rtl_lpw/opencores/uart16550/rtl/uart_regs.v:400 [compile index 327]
*** Warning: IMPLICIT_DECLARATION: Implicit declaration of 'rf_push_pulse' using `default_nettype set to wire
    at line 400 in /home/alexandru.madalin.vasilescu/dvt_predefined_projects_target/uvm_ref_flow_1.1/designs/socv/rtl/rtl_lpw/opencores/uart16550/rtl/uart_regs.v:400 [compile index 327]
*** Warning: SENSITIVITY_UNUSED: The process is not sensitive to 'wb_re_i'
    at line 405 in /home/alexandru.madalin.vasilescu/dvt_predefined_projects_target/uvm_ref_flow_1.1/designs/socv/rtl/rtl_lpw/opencores/uart16550/rtl/uart_regs.v:405 [compile index 327]
*** Warning: WIDTH_MISMATCH_PADDING: Assignment to 'wb_dat_o' of '8-bit' type from 'ier' of '4-bit' type
    at line 409 in /home/alexandru.madalin.vasilescu/dvt_predefined_projects_target/uvm_ref_flow_1.1/designs/socv/rtl/rtl_lpw/opencores/uart16550/rtl/uart_regs.v:409 [compile index 327]
*** Warning: SENSITIVITY_UNUSED: The process is not sensitive to 'StateSFD'
    at line 353 in /home/alexandru.madalin.vasilescu/dvt_predefined_projects_target/uvm_ref_flow_1.1/designs/socv/rtl/rtl_lpw/opencores/ethmac/rtl/eth_txethmac.v:353 [compile index 421]
*** Warning: WIDTH_MISMATCH_PADDING: Assignment to 'buffer' of '128-bit' type from ''h0' of '32-bit' type
    at line 200 in /home/alexandru.madalin.vasilescu/dvt_predefined_projects_target/uvm_ref_flow_1.1/designs/socv/rtl/rtl_lpw/cdn_chip/rtl/ahb2ocp.v:200 [compile index 438]
*** Warning: WIDTH_MISMATCH_TRUNCATION: Assignment to 'buffer_rdy' of '1-bit' type from ''h0' of '32-bit' type
    at line 201 in /home/alexandru.madalin.vasilescu/dvt_predefined_projects_target/uvm_ref_flow_1.1/designs/socv/rtl/rtl_lpw/cdn_chip/rtl/ahb2ocp.v:201 [compile index 438]
*** Warning: WIDTH_MISMATCH_TRUNCATION: Assignment to 'offset_addr' of '21-bit' type from ''h0' of '32-bit' type
    at line 202 in /home/alexandru.madalin.vasilescu/dvt_predefined_projects_target/uvm_ref_flow_1.1/designs/socv/rtl/rtl_lpw/cdn_chip/rtl/ahb2ocp.v:202 [compile index 438]
*** Warning: WIDTH_MISMATCH_TRUNCATION: Assignment to 'addr_lat' of '4-bit' type from ''h0' of '32-bit' type
    at line 203 in /home/alexandru.madalin.vasilescu/dvt_predefined_projects_target/uvm_ref_flow_1.1/designs/socv/rtl/rtl_lpw/cdn_chip/rtl/ahb2ocp.v:203 [compile index 438]
*** Warning: WIDTH_MISMATCH_TRUNCATION: Assignment to 'fifo_wr_cnt' of '5-bit' type from ''h0' of '32-bit' type
    at line 205 in /home/alexandru.madalin.vasilescu/dvt_predefined_projects_target/uvm_ref_flow_1.1/designs/socv/rtl/rtl_lpw/cdn_chip/rtl/ahb2ocp.v:205 [compile index 438]
*** Warning: WIDTH_MISMATCH_TRUNCATION: Assignment to 'fifo_rd_cnt' of '5-bit' type from ''h0' of '32-bit' type
    at line 206 in /home/alexandru.madalin.vasilescu/dvt_predefined_projects_target/uvm_ref_flow_1.1/designs/socv/rtl/rtl_lpw/cdn_chip/rtl/ahb2ocp.v:206 [compile index 438]
*** Warning: WIDTH_MISMATCH_TRUNCATION: Assignment to 'maddr_cnt' of '21-bit' type from ''h0' of '32-bit' type
    at line 209 in /home/alexandru.madalin.vasilescu/dvt_predefined_projects_target/uvm_ref_flow_1.1/designs/socv/rtl/rtl_lpw/cdn_chip/rtl/ahb2ocp.v:209 [compile index 438]
*** Warning: WIDTH_MISMATCH_PADDING: Assignment to 'rd_buffer' of '128-bit' type from ''h0' of '32-bit' type
    at line 213 in /home/alexandru.madalin.vasilescu/dvt_predefined_projects_target/uvm_ref_flow_1.1/designs/socv/rtl/rtl_lpw/cdn_chip/rtl/ahb2ocp.v:213 [compile index 438]
*** Warning: WIDTH_MISMATCH_TRUNCATION: Assignment to 'err_resp' of '1-bit' type from ''h0' of '32-bit' type
    at line 214 in /home/alexandru.madalin.vasilescu/dvt_predefined_projects_target/uvm_ref_flow_1.1/designs/socv/rtl/rtl_lpw/cdn_chip/rtl/ahb2ocp.v:214 [compile index 438]
*** Warning: WIDTH_MISMATCH_TRUNCATION: Assignment to 'resp_cnt' of '5-bit' type from ''h0' of '32-bit' type
    at line 215 in /home/alexandru.madalin.vasilescu/dvt_predefined_projects_target/uvm_ref_flow_1.1/designs/socv/rtl/rtl_lpw/cdn_chip/rtl/ahb2ocp.v:215 [compile index 438]
*** Warning: WIDTH_MISMATCH_TRUNCATION: Assignment to 'buffer_mt' of '1-bit' type from ''h1' of '32-bit' type
    at line 230 in /home/alexandru.madalin.vasilescu/dvt_predefined_projects_target/uvm_ref_flow_1.1/designs/socv/rtl/rtl_lpw/cdn_chip/rtl/ahb2ocp.v:230 [compile index 438]
*** Warning: WIDTH_MISMATCH_TRUNCATION: Assignment to 'fifo_wr_cnt' of '5-bit' type from ''h0' of '32-bit' type
    at line 236 in /home/alexandru.madalin.vasilescu/dvt_predefined_projects_target/uvm_ref_flow_1.1/designs/socv/rtl/rtl_lpw/cdn_chip/rtl/ahb2ocp.v:236 [compile index 438]
*** Warning: WIDTH_MISMATCH_TRUNCATION: Assignment to 'fifo_rd_cnt' of '5-bit' type from ''h0' of '32-bit' type
    at line 239 in /home/alexandru.madalin.vasilescu/dvt_predefined_projects_target/uvm_ref_flow_1.1/designs/socv/rtl/rtl_lpw/cdn_chip/rtl/ahb2ocp.v:239 [compile index 438]
*** Warning: WIDTH_MISMATCH_TRUNCATION: Assignment to 'maddr_cnt' of '21-bit' type from ''h0' of '32-bit' type
    at line 248 in /home/alexandru.madalin.vasilescu/dvt_predefined_projects_target/uvm_ref_flow_1.1/designs/socv/rtl/rtl_lpw/cdn_chip/rtl/ahb2ocp.v:248 [compile index 438]
*** Warning: WIDTH_MISMATCH_TRUNCATION: Assignment to 'resp_cnt' of '5-bit' type from ''h0' of '32-bit' type
    at line 251 in /home/alexandru.madalin.vasilescu/dvt_predefined_projects_target/uvm_ref_flow_1.1/designs/socv/rtl/rtl_lpw/cdn_chip/rtl/ahb2ocp.v:251 [compile index 438]
*** Warning: WIDTH_MISMATCH_TRUNCATION: Assignment to 'ao_maddr_o' of '28-bit' type from ''h0' of '32-bit' type
    at line 349 in /home/alexandru.madalin.vasilescu/dvt_predefined_projects_target/uvm_ref_flow_1.1/designs/socv/rtl/rtl_lpw/cdn_chip/rtl/ahb2ocp.v:349 [compile index 438]
*** Warning: WIDTH_MISMATCH_PADDING: Assignment to 'ao_matomic_length_o' of '5-bit' type from '4'h2' of '4-bit' type
    at line 353 in /home/alexandru.madalin.vasilescu/dvt_predefined_projects_target/uvm_ref_flow_1.1/designs/socv/rtl/rtl_lpw/cdn_chip/rtl/ahb2ocp.v:353 [compile index 438]
*** Warning: WIDTH_MISMATCH_TRUNCATION: Assignment to 'ao_mburstlength_o' of '5-bit' type from ''h2' of '32-bit' type
    at line 355 in /home/alexandru.madalin.vasilescu/dvt_predefined_projects_target/uvm_ref_flow_1.1/designs/socv/rtl/rtl_lpw/cdn_chip/rtl/ahb2ocp.v:355 [compile index 438]
*** Warning: WIDTH_MISMATCH_PADDING: Assignment to 'ao_prdata_o' of '32-bit' type from 'base_addr_reg' of '28-bit' type
    at line 411 in /home/alexandru.madalin.vasilescu/dvt_predefined_projects_target/uvm_ref_flow_1.1/designs/socv/rtl/rtl_lpw/cdn_chip/rtl/ahb2ocp.v:411 [compile index 438]
*** Warning: WIDTH_MISMATCH_PADDING: Assignment to 'ao_prdata_o' of '32-bit' type from 'ff_depth_reg' of '6-bit' type
    at line 412 in /home/alexandru.madalin.vasilescu/dvt_predefined_projects_target/uvm_ref_flow_1.1/designs/socv/rtl/rtl_lpw/cdn_chip/rtl/ahb2ocp.v:412 [compile index 438]
*** Warning: WIDTH_MISMATCH_PADDING: Assignment to 'ao_prdata_o' of '32-bit' type from 'fifo_ctrl_reg' of '1-bit' type
    at line 413 in /home/alexandru.madalin.vasilescu/dvt_predefined_projects_target/uvm_ref_flow_1.1/designs/socv/rtl/rtl_lpw/cdn_chip/rtl/ahb2ocp.v:413 [compile index 438]
*** Warning: WIDTH_MISMATCH_TRUNCATION: Assignment to 'base_addr_reg' of '28-bit' type from ''h0000_0000' of '32-bit' type
    at line 423 in /home/alexandru.madalin.vasilescu/dvt_predefined_projects_target/uvm_ref_flow_1.1/designs/socv/rtl/rtl_lpw/cdn_chip/rtl/ahb2ocp.v:423 [compile index 438]
*** Warning: WIDTH_MISMATCH_TRUNCATION: Assignment to 'ff_depth_reg' of '6-bit' type from ''d2' of '32-bit' type
    at line 424 in /home/alexandru.madalin.vasilescu/dvt_predefined_projects_target/uvm_ref_flow_1.1/designs/socv/rtl/rtl_lpw/cdn_chip/rtl/ahb2ocp.v:424 [compile index 438]
*** Warning: WIDTH_MISMATCH_TRUNCATION: Assignment to 'fifo_ctrl_reg' of '1-bit' type from ''h0' of '32-bit' type
    at line 425 in /home/alexandru.madalin.vasilescu/dvt_predefined_projects_target/uvm_ref_flow_1.1/designs/socv/rtl/rtl_lpw/cdn_chip/rtl/ahb2ocp.v:425 [compile index 438]
*** Warning: SENSITIVITY_UNUSED: The process is not sensitive to 'age_ok'
    at line 129 in /home/alexandru.madalin.vasilescu/dvt_predefined_projects_target/uvm_ref_flow_1.1/designs/socv/rtl/rtl_lpw/alut/rtl/alut_addr_checker.v:129 [compile index 295]
*** Warning: SENSITIVITY_MISSING: Missing 'd_addr' from sensitivity list
    at line 140 in /home/alexandru.madalin.vasilescu/dvt_predefined_projects_target/uvm_ref_flow_1.1/designs/socv/rtl/rtl_lpw/alut/rtl/alut_addr_checker.v:140 [compile index 295]
*** Warning: SENSITIVITY_MISSING: Missing 'mac_addr' from sensitivity list
    at line 140 in /home/alexandru.madalin.vasilescu/dvt_predefined_projects_target/uvm_ref_flow_1.1/designs/socv/rtl/rtl_lpw/alut/rtl/alut_addr_checker.v:140 [compile index 295]
*** Warning: WIDTH_MISMATCH_TRUNCATION: Assignment to 'lst_inv_port_nrm' of '2-bit' type from 'lst_inv_addr_nrm' of '48-bit' type
    at line 297 in /home/alexandru.madalin.vasilescu/dvt_predefined_projects_target/uvm_ref_flow_1.1/designs/socv/rtl/rtl_lpw/alut/rtl/alut_addr_checker.v:297 [compile index 295]
*** Warning: WIDTH_MISMATCH_TRUNCATION: Assignment to 'lst_inv_port_nrm' of '2-bit' type from 'lst_inv_addr_nrm' of '48-bit' type
    at line 303 in /home/alexandru.madalin.vasilescu/dvt_predefined_projects_target/uvm_ref_flow_1.1/designs/socv/rtl/rtl_lpw/alut/rtl/alut_addr_checker.v:303 [compile index 295]
*** Warning: WIDTH_MISMATCH_PADDING: Assignment to 'psel_vector' of '16-bit' type from '1'b0' of '1-bit' type
    at line 407 in /home/alexandru.madalin.vasilescu/dvt_predefined_projects_target/uvm_ref_flow_1.1/designs/socv/rtl/rtl_lpw/ahb2apb/rtl/ahb2apb.v:407 [compile index 291]
*** Warning: WIDTH_MISMATCH_PADDING: Assignment to 'paddr' of '32-bit' type from '1'b0' of '1-bit' type
    at line 409 in /home/alexandru.madalin.vasilescu/dvt_predefined_projects_target/uvm_ref_flow_1.1/designs/socv/rtl/rtl_lpw/ahb2apb/rtl/ahb2apb.v:409 [compile index 291]
*** Warning: WIDTH_MISMATCH_TRUNCATION: Assignment to 'psel_vector' of '16-bit' type from ''b0' of '32-bit' type
    at line 448 in /home/alexandru.madalin.vasilescu/dvt_predefined_projects_target/uvm_ref_flow_1.1/designs/socv/rtl/rtl_lpw/ahb2apb/rtl/ahb2apb.v:448 [compile index 291]
*** Warning: WIDTH_MISMATCH_TRUNCATION: Assignment to 'slave_select' of '16-bit' type from ''b0' of '32-bit' type
    at line 458 in /home/alexandru.madalin.vasilescu/dvt_predefined_projects_target/uvm_ref_flow_1.1/designs/socv/rtl/rtl_lpw/ahb2apb/rtl/ahb2apb.v:458 [compile index 291]
*** Warning: ASSIGNMENT_NON_BLOCKING: Non-blocking assignment of 'trans' in combinational logic (use blocking assignment)
    at line 216 in /home/alexandru.madalin.vasilescu/dvt_predefined_projects_target/uvm_ref_flow_1.1/designs/socv/rtl/rtl_lpw/wb_to_ahb/rtl/wb2ahb.v:216 [compile index 253]
*** Warning: ASSIGNMENT_NON_BLOCKING: Non-blocking assignment of 'trans' in combinational logic (use blocking assignment)
    at line 219 in /home/alexandru.madalin.vasilescu/dvt_predefined_projects_target/uvm_ref_flow_1.1/designs/socv/rtl/rtl_lpw/wb_to_ahb/rtl/wb2ahb.v:219 [compile index 253]
*** Warning: ASSIGNMENT_NON_BLOCKING: Non-blocking assignment of 'trans' in combinational logic (use blocking assignment)
    at line 221 in /home/alexandru.madalin.vasilescu/dvt_predefined_projects_target/uvm_ref_flow_1.1/designs/socv/rtl/rtl_lpw/wb_to_ahb/rtl/wb2ahb.v:221 [compile index 253]
*** Warning: ASSIGNMENT_NON_BLOCKING: Non-blocking assignment of 'trans' in combinational logic (use blocking assignment)
    at line 224 in /home/alexandru.madalin.vasilescu/dvt_predefined_projects_target/uvm_ref_flow_1.1/designs/socv/rtl/rtl_lpw/wb_to_ahb/rtl/wb2ahb.v:224 [compile index 253]
*** Warning: WIDTH_MISMATCH_TRUNCATION: Assignment to 'hprot' of '4-bit' type from ''b0' of '32-bit' type
    at line 139 in /home/alexandru.madalin.vasilescu/dvt_predefined_projects_target/uvm_ref_flow_1.1/designs/socv/rtl/rtl_lpw/opencores/mac_veneer.v:139 [compile index 385]
*** Warning: IMPLICIT_DECLARATION: Implicit declaration of 'add_check_active' using `default_nettype set to wire
    at line 100 in /home/alexandru.madalin.vasilescu/dvt_predefined_projects_target/uvm_ref_flow_1.1/designs/socv/rtl/rtl_lpw/alut/rtl/alut.v:100 [compile index 299]
*** Warning: IMPLICIT_DECLARATION: Implicit declaration of 'age_check_active' using `default_nettype set to wire
    at line 101 in /home/alexandru.madalin.vasilescu/dvt_predefined_projects_target/uvm_ref_flow_1.1/designs/socv/rtl/rtl_lpw/alut/rtl/alut.v:101 [compile index 299]
*** Warning: WIDTH_MISMATCH_PADDING: Assignment to 'bottom' of '4-bit' type from '1'b0' of '1-bit' type
    at line 200 in /home/alexandru.madalin.vasilescu/dvt_predefined_projects_target/uvm_ref_flow_1.1/designs/socv/rtl/rtl_lpw/opencores/uart16550/rtl/uart_tfifo.v:200 [compile index 321]
*** Warning: WIDTH_MISMATCH_PADDING: Assignment to 'bottom' of '4-bit' type from '1'b0' of '1-bit' type
    at line 206 in /home/alexandru.madalin.vasilescu/dvt_predefined_projects_target/uvm_ref_flow_1.1/designs/socv/rtl/rtl_lpw/opencores/uart16550/rtl/uart_tfifo.v:206 [compile index 321]
*** Warning: WIDTH_MISMATCH_PADDING: Assignment to 'bottom' of '4-bit' type from '1'b0' of '1-bit' type
    at line 211 in /home/alexandru.madalin.vasilescu/dvt_predefined_projects_target/uvm_ref_flow_1.1/designs/socv/rtl/rtl_lpw/opencores/uart16550/rtl/uart_rfifo.v:211 [compile index 324]
*** Warning: WIDTH_MISMATCH_PADDING: Assignment to 'bottom' of '4-bit' type from '1'b0' of '1-bit' type
    at line 233 in /home/alexandru.madalin.vasilescu/dvt_predefined_projects_target/uvm_ref_flow_1.1/designs/socv/rtl/rtl_lpw/opencores/uart16550/rtl/uart_rfifo.v:233 [compile index 324]
*** Warning: WIDTH_MISMATCH_PADDING: Assignment to 'rnum' of '32-bit' type from 'start' of '8-bit' type
    at line 299 in /home/alexandru.madalin.vasilescu/dvt_predefined_projects_target/uvm_ref_flow_1.1/designs/socv/rtl/rtl_lpw/opencores/ethmac/rtl/eth_spram_256x32.v:299 [compile index 427]
*** Warning: WIDTH_MISMATCH_PADDING: Assignment to 'v_cs' of '8-bit' type from 'cs' of '1-bit' type
    at line 141 in /home/alexandru.madalin.vasilescu/dvt_predefined_projects_target/uvm_ref_flow_1.1/designs/socv/rtl/rtl_lpw/smc/rtl/smc_addr_lite.v:141 [compile index 344]
*** Warning: WIDTH_MISMATCH_PADDING: Assignment to 'v_cs' of '8-bit' type from 'r_cs' of '1-bit' type
    at line 145 in /home/alexandru.madalin.vasilescu/dvt_predefined_projects_target/uvm_ref_flow_1.1/designs/socv/rtl/rtl_lpw/smc/rtl/smc_addr_lite.v:145 [compile index 344]
*** Warning: CASE_ITEM_WIDTH_MISMATCH: Comparison between case expression 'wb_adr_i[4 : 2]' of '3-bit' type and item expression '0' of '32-bit' type
    at line 144 in /home/alexandru.madalin.vasilescu/dvt_predefined_projects_target/uvm_ref_flow_1.1/designs/socv/rtl/rtl_lpw/opencores/spi/rtl/spi_top.v:144 [compile index 306]
*** Warning: CASE_ITEM_WIDTH_MISMATCH: Comparison between case expression 'wb_adr_i[4 : 2]' of '3-bit' type and item expression '1' of '32-bit' type
    at line 145 in /home/alexandru.madalin.vasilescu/dvt_predefined_projects_target/uvm_ref_flow_1.1/designs/socv/rtl/rtl_lpw/opencores/spi/rtl/spi_top.v:145 [compile index 306]
*** Warning: CASE_ITEM_WIDTH_MISMATCH: Comparison between case expression 'wb_adr_i[4 : 2]' of '3-bit' type and item expression '2' of '32-bit' type
    at line 146 in /home/alexandru.madalin.vasilescu/dvt_predefined_projects_target/uvm_ref_flow_1.1/designs/socv/rtl/rtl_lpw/opencores/spi/rtl/spi_top.v:146 [compile index 306]
*** Warning: CASE_ITEM_WIDTH_MISMATCH: Comparison between case expression 'wb_adr_i[4 : 2]' of '3-bit' type and item expression '3' of '32-bit' type
    at line 147 in /home/alexandru.madalin.vasilescu/dvt_predefined_projects_target/uvm_ref_flow_1.1/designs/socv/rtl/rtl_lpw/opencores/spi/rtl/spi_top.v:147 [compile index 306]
*** Warning: CASE_ITEM_WIDTH_MISMATCH: Comparison between case expression 'wb_adr_i[4 : 2]' of '3-bit' type and item expression '4' of '32-bit' type
    at line 161 in /home/alexandru.madalin.vasilescu/dvt_predefined_projects_target/uvm_ref_flow_1.1/designs/socv/rtl/rtl_lpw/opencores/spi/rtl/spi_top.v:161 [compile index 306]
*** Warning: CASE_ITEM_WIDTH_MISMATCH: Comparison between case expression 'wb_adr_i[4 : 2]' of '3-bit' type and item expression '5' of '32-bit' type
    at line 162 in /home/alexandru.madalin.vasilescu/dvt_predefined_projects_target/uvm_ref_flow_1.1/designs/socv/rtl/rtl_lpw/opencores/spi/rtl/spi_top.v:162 [compile index 306]
*** Warning: CASE_ITEM_WIDTH_MISMATCH: Comparison between case expression 'wb_adr_i[4 : 2]' of '3-bit' type and item expression '6' of '32-bit' type
    at line 163 in /home/alexandru.madalin.vasilescu/dvt_predefined_projects_target/uvm_ref_flow_1.1/designs/socv/rtl/rtl_lpw/opencores/spi/rtl/spi_top.v:163 [compile index 306]
*** Warning: WIDTH_MISMATCH_TRUNCATION: Assignment to 'pcm_status_reg[31 : 4]' of '28-bit' type from ''b0' of '32-bit' type
    at line 715 in /home/alexandru.madalin.vasilescu/dvt_predefined_projects_target/uvm_ref_flow_1.1/designs/socv/rtl/rtl_lpw/power_ctrl/rtl/power_ctrl.v:715 [compile index 362]
*** Warning: IMPLICIT_DECLARATION: Implicit declaration of 'RWconflict' using `default_nettype set to wire
    at line 128 in /home/alexandru.madalin.vasilescu/dvt_predefined_projects_target/uvm_ref_flow_1.1/designs/socv/rtl/rtl_lpw/sram_subsystem/rtl/sram_subsystem.v:128 [compile index 277]
*** Warning: CASE_ITEM_WIDTH_MISMATCH: Comparison between case expression 'wbstate' of '2-bit' type and item expression '0' of '32-bit' type
    at line 202 in /home/alexandru.madalin.vasilescu/dvt_predefined_projects_target/uvm_ref_flow_1.1/designs/socv/rtl/rtl_lpw/opencores/uart16550/rtl/uart_wb.v:202 [compile index 312]
*** Warning: CASE_ITEM_WIDTH_MISMATCH: Comparison between case expression 'wbstate' of '2-bit' type and item expression '1' of '32-bit' type
    at line 212 in /home/alexandru.madalin.vasilescu/dvt_predefined_projects_target/uvm_ref_flow_1.1/designs/socv/rtl/rtl_lpw/opencores/uart16550/rtl/uart_wb.v:212 [compile index 312]
*** Warning: CASE_ITEM_WIDTH_MISMATCH: Comparison between case expression 'wbstate' of '2-bit' type and item expression '2' of '32-bit' type
    at line 217 in /home/alexandru.madalin.vasilescu/dvt_predefined_projects_target/uvm_ref_flow_1.1/designs/socv/rtl/rtl_lpw/opencores/uart16550/rtl/uart_wb.v:217 [compile index 312]
*** Warning: CASE_ITEM_WIDTH_MISMATCH: Comparison between case expression 'wbstate' of '2-bit' type and item expression '3' of '32-bit' type
    at line 217 in /home/alexandru.madalin.vasilescu/dvt_predefined_projects_target/uvm_ref_flow_1.1/designs/socv/rtl/rtl_lpw/opencores/uart16550/rtl/uart_wb.v:217 [compile index 312]
*** Warning: WIDTH_MISMATCH_PADDING: Assignment to 'hsize_r' of '3-bit' type from '1'b0' of '1-bit' type
    at line 167 in /home/alexandru.madalin.vasilescu/dvt_predefined_projects_target/uvm_ref_flow_1.1/designs/socv/rtl/rtl_lpw/cdn_busmatrix/req_register.v:167 [compile index 268]
*** Warning: ASSIGNMENT_NON_BLOCKING: Non-blocking assignment of 'DataOut' in combinational logic (use blocking assignment)
    at line 855 in /home/alexandru.madalin.vasilescu/dvt_predefined_projects_target/uvm_ref_flow_1.1/designs/socv/rtl/rtl_lpw/opencores/ethmac/rtl/eth_registers.v:855 [compile index 403]
*** Warning: ASSIGNMENT_NON_BLOCKING: Non-blocking assignment of 'DataOut' in combinational logic (use blocking assignment)
    at line 856 in /home/alexandru.madalin.vasilescu/dvt_predefined_projects_target/uvm_ref_flow_1.1/designs/socv/rtl/rtl_lpw/opencores/ethmac/rtl/eth_registers.v:856 [compile index 403]
*** Warning: ASSIGNMENT_NON_BLOCKING: Non-blocking assignment of 'DataOut' in combinational logic (use blocking assignment)
    at line 857 in /home/alexandru.madalin.vasilescu/dvt_predefined_projects_target/uvm_ref_flow_1.1/designs/socv/rtl/rtl_lpw/opencores/ethmac/rtl/eth_registers.v:857 [compile index 403]
*** Warning: ASSIGNMENT_NON_BLOCKING: Non-blocking assignment of 'DataOut' in combinational logic (use blocking assignment)
    at line 858 in /home/alexandru.madalin.vasilescu/dvt_predefined_projects_target/uvm_ref_flow_1.1/designs/socv/rtl/rtl_lpw/opencores/ethmac/rtl/eth_registers.v:858 [compile index 403]
*** Warning: ASSIGNMENT_NON_BLOCKING: Non-blocking assignment of 'DataOut' in combinational logic (use blocking assignment)
    at line 859 in /home/alexandru.madalin.vasilescu/dvt_predefined_projects_target/uvm_ref_flow_1.1/designs/socv/rtl/rtl_lpw/opencores/ethmac/rtl/eth_registers.v:859 [compile index 403]
*** Warning: ASSIGNMENT_NON_BLOCKING: Non-blocking assignment of 'DataOut' in combinational logic (use blocking assignment)
    at line 860 in /home/alexandru.madalin.vasilescu/dvt_predefined_projects_target/uvm_ref_flow_1.1/designs/socv/rtl/rtl_lpw/opencores/ethmac/rtl/eth_registers.v:860 [compile index 403]
*** Warning: ASSIGNMENT_NON_BLOCKING: Non-blocking assignment of 'DataOut' in combinational logic (use blocking assignment)
    at line 861 in /home/alexandru.madalin.vasilescu/dvt_predefined_projects_target/uvm_ref_flow_1.1/designs/socv/rtl/rtl_lpw/opencores/ethmac/rtl/eth_registers.v:861 [compile index 403]
*** Warning: ASSIGNMENT_NON_BLOCKING: Non-blocking assignment of 'DataOut' in combinational logic (use blocking assignment)
    at line 862 in /home/alexandru.madalin.vasilescu/dvt_predefined_projects_target/uvm_ref_flow_1.1/designs/socv/rtl/rtl_lpw/opencores/ethmac/rtl/eth_registers.v:862 [compile index 403]
*** Warning: ASSIGNMENT_NON_BLOCKING: Non-blocking assignment of 'DataOut' in combinational logic (use blocking assignment)
    at line 863 in /home/alexandru.madalin.vasilescu/dvt_predefined_projects_target/uvm_ref_flow_1.1/designs/socv/rtl/rtl_lpw/opencores/ethmac/rtl/eth_registers.v:863 [compile index 403]
*** Warning: ASSIGNMENT_NON_BLOCKING: Non-blocking assignment of 'DataOut' in combinational logic (use blocking assignment)
    at line 864 in /home/alexandru.madalin.vasilescu/dvt_predefined_projects_target/uvm_ref_flow_1.1/designs/socv/rtl/rtl_lpw/opencores/ethmac/rtl/eth_registers.v:864 [compile index 403]
*** Warning: ASSIGNMENT_NON_BLOCKING: Non-blocking assignment of 'DataOut' in combinational logic (use blocking assignment)
    at line 865 in /home/alexandru.madalin.vasilescu/dvt_predefined_projects_target/uvm_ref_flow_1.1/designs/socv/rtl/rtl_lpw/opencores/ethmac/rtl/eth_registers.v:865 [compile index 403]
*** Warning: ASSIGNMENT_NON_BLOCKING: Non-blocking assignment of 'DataOut' in combinational logic (use blocking assignment)
    at line 866 in /home/alexandru.madalin.vasilescu/dvt_predefined_projects_target/uvm_ref_flow_1.1/designs/socv/rtl/rtl_lpw/opencores/ethmac/rtl/eth_registers.v:866 [compile index 403]
*** Warning: ASSIGNMENT_NON_BLOCKING: Non-blocking assignment of 'DataOut' in combinational logic (use blocking assignment)
    at line 867 in /home/alexandru.madalin.vasilescu/dvt_predefined_projects_target/uvm_ref_flow_1.1/designs/socv/rtl/rtl_lpw/opencores/ethmac/rtl/eth_registers.v:867 [compile index 403]
*** Warning: ASSIGNMENT_NON_BLOCKING: Non-blocking assignment of 'DataOut' in combinational logic (use blocking assignment)
    at line 868 in /home/alexandru.madalin.vasilescu/dvt_predefined_projects_target/uvm_ref_flow_1.1/designs/socv/rtl/rtl_lpw/opencores/ethmac/rtl/eth_registers.v:868 [compile index 403]
*** Warning: ASSIGNMENT_NON_BLOCKING: Non-blocking assignment of 'DataOut' in combinational logic (use blocking assignment)
    at line 869 in /home/alexandru.madalin.vasilescu/dvt_predefined_projects_target/uvm_ref_flow_1.1/designs/socv/rtl/rtl_lpw/opencores/ethmac/rtl/eth_registers.v:869 [compile index 403]
*** Warning: ASSIGNMENT_NON_BLOCKING: Non-blocking assignment of 'DataOut' in combinational logic (use blocking assignment)
    at line 870 in /home/alexandru.madalin.vasilescu/dvt_predefined_projects_target/uvm_ref_flow_1.1/designs/socv/rtl/rtl_lpw/opencores/ethmac/rtl/eth_registers.v:870 [compile index 403]
*** Warning: ASSIGNMENT_NON_BLOCKING: Non-blocking assignment of 'DataOut' in combinational logic (use blocking assignment)
    at line 871 in /home/alexandru.madalin.vasilescu/dvt_predefined_projects_target/uvm_ref_flow_1.1/designs/socv/rtl/rtl_lpw/opencores/ethmac/rtl/eth_registers.v:871 [compile index 403]
*** Warning: ASSIGNMENT_NON_BLOCKING: Non-blocking assignment of 'DataOut' in combinational logic (use blocking assignment)
    at line 872 in /home/alexandru.madalin.vasilescu/dvt_predefined_projects_target/uvm_ref_flow_1.1/designs/socv/rtl/rtl_lpw/opencores/ethmac/rtl/eth_registers.v:872 [compile index 403]
*** Warning: ASSIGNMENT_NON_BLOCKING: Non-blocking assignment of 'DataOut' in combinational logic (use blocking assignment)
    at line 873 in /home/alexandru.madalin.vasilescu/dvt_predefined_projects_target/uvm_ref_flow_1.1/designs/socv/rtl/rtl_lpw/opencores/ethmac/rtl/eth_registers.v:873 [compile index 403]
*** Warning: ASSIGNMENT_NON_BLOCKING: Non-blocking assignment of 'DataOut' in combinational logic (use blocking assignment)
    at line 874 in /home/alexandru.madalin.vasilescu/dvt_predefined_projects_target/uvm_ref_flow_1.1/designs/socv/rtl/rtl_lpw/opencores/ethmac/rtl/eth_registers.v:874 [compile index 403]
*** Warning: ASSIGNMENT_NON_BLOCKING: Non-blocking assignment of 'DataOut' in combinational logic (use blocking assignment)
    at line 875 in /home/alexandru.madalin.vasilescu/dvt_predefined_projects_target/uvm_ref_flow_1.1/designs/socv/rtl/rtl_lpw/opencores/ethmac/rtl/eth_registers.v:875 [compile index 403]
*** Warning: ASSIGNMENT_NON_BLOCKING: Non-blocking assignment of 'DataOut' in combinational logic (use blocking assignment)
    at line 877 in /home/alexandru.madalin.vasilescu/dvt_predefined_projects_target/uvm_ref_flow_1.1/designs/socv/rtl/rtl_lpw/opencores/ethmac/rtl/eth_registers.v:877 [compile index 403]
*** Warning: ASSIGNMENT_NON_BLOCKING: Non-blocking assignment of 'DataOut' in combinational logic (use blocking assignment)
    at line 881 in /home/alexandru.madalin.vasilescu/dvt_predefined_projects_target/uvm_ref_flow_1.1/designs/socv/rtl/rtl_lpw/opencores/ethmac/rtl/eth_registers.v:881 [compile index 403]
*** Warning: WIDTH_MISMATCH_PADDING: Assignment to 'counter' of '5-bit' type from '4'b0' of '4-bit' type
    at line 314 in /home/alexandru.madalin.vasilescu/dvt_predefined_projects_target/uvm_ref_flow_1.1/designs/socv/rtl/rtl_lpw/opencores/uart16550/rtl/uart_transmitter.v:314 [compile index 315]
*** Warning: WIDTH_MISMATCH_PADDING: Assignment to 'BDWrite' of '4-bit' type from '1'b0' of '1-bit' type
    at line 598 in /home/alexandru.madalin.vasilescu/dvt_predefined_projects_target/uvm_ref_flow_1.1/designs/socv/rtl/rtl_lpw/opencores/ethmac/rtl/eth_wishbone.v:598 [compile index 430]
*** Warning: CASE_ITEM_WIDTH_MISMATCH: Comparison between case expression 'TxValidBytesLatched' of '2-bit' type and item expression '1' of '32-bit' type
    at line 1585 in /home/alexandru.madalin.vasilescu/dvt_predefined_projects_target/uvm_ref_flow_1.1/designs/socv/rtl/rtl_lpw/opencores/ethmac/rtl/eth_wishbone.v:1585 [compile index 430]
*** Warning: CASE_ITEM_WIDTH_MISMATCH: Comparison between case expression 'TxValidBytesLatched' of '2-bit' type and item expression '2' of '32-bit' type
    at line 1586 in /home/alexandru.madalin.vasilescu/dvt_predefined_projects_target/uvm_ref_flow_1.1/designs/socv/rtl/rtl_lpw/opencores/ethmac/rtl/eth_wishbone.v:1586 [compile index 430]
*** Warning: CASE_ITEM_WIDTH_MISMATCH: Comparison between case expression 'TxValidBytesLatched' of '2-bit' type and item expression '3' of '32-bit' type
    at line 1587 in /home/alexandru.madalin.vasilescu/dvt_predefined_projects_target/uvm_ref_flow_1.1/designs/socv/rtl/rtl_lpw/opencores/ethmac/rtl/eth_wishbone.v:1587 [compile index 430]
*** Warning: CASE_ITEM_WIDTH_MISMATCH: Comparison between case expression 'TxValidBytesLatched' of '2-bit' type and item expression '0' of '32-bit' type
    at line 1588 in /home/alexandru.madalin.vasilescu/dvt_predefined_projects_target/uvm_ref_flow_1.1/designs/socv/rtl/rtl_lpw/opencores/ethmac/rtl/eth_wishbone.v:1588 [compile index 430]
*** Warning: CASE_ITEM_WIDTH_MISMATCH: Comparison between case expression 'TxByteCnt' of '2-bit' type and item expression '0' of '32-bit' type
    at line 1615 in /home/alexandru.madalin.vasilescu/dvt_predefined_projects_target/uvm_ref_flow_1.1/designs/socv/rtl/rtl_lpw/opencores/ethmac/rtl/eth_wishbone.v:1615 [compile index 430]
*** Warning: CASE_ITEM_WIDTH_MISMATCH: Comparison between case expression 'TxByteCnt' of '2-bit' type and item expression '1' of '32-bit' type
    at line 1616 in /home/alexandru.madalin.vasilescu/dvt_predefined_projects_target/uvm_ref_flow_1.1/designs/socv/rtl/rtl_lpw/opencores/ethmac/rtl/eth_wishbone.v:1616 [compile index 430]
*** Warning: CASE_ITEM_WIDTH_MISMATCH: Comparison between case expression 'TxByteCnt' of '2-bit' type and item expression '2' of '32-bit' type
    at line 1617 in /home/alexandru.madalin.vasilescu/dvt_predefined_projects_target/uvm_ref_flow_1.1/designs/socv/rtl/rtl_lpw/opencores/ethmac/rtl/eth_wishbone.v:1617 [compile index 430]
*** Warning: CASE_ITEM_WIDTH_MISMATCH: Comparison between case expression 'TxByteCnt' of '2-bit' type and item expression '3' of '32-bit' type
    at line 1618 in /home/alexandru.madalin.vasilescu/dvt_predefined_projects_target/uvm_ref_flow_1.1/designs/socv/rtl/rtl_lpw/opencores/ethmac/rtl/eth_wishbone.v:1618 [compile index 430]
*** Warning: CASE_ITEM_WIDTH_MISMATCH: Comparison between case expression 'RxValidBytes' of '2-bit' type and item expression '0' of '32-bit' type
    at line 2086 in /home/alexandru.madalin.vasilescu/dvt_predefined_projects_target/uvm_ref_flow_1.1/designs/socv/rtl/rtl_lpw/opencores/ethmac/rtl/eth_wishbone.v:2086 [compile index 430]
*** Warning: CASE_ITEM_WIDTH_MISMATCH: Comparison between case expression 'RxValidBytes' of '2-bit' type and item expression '1' of '32-bit' type
    at line 2087 in /home/alexandru.madalin.vasilescu/dvt_predefined_projects_target/uvm_ref_flow_1.1/designs/socv/rtl/rtl_lpw/opencores/ethmac/rtl/eth_wishbone.v:2087 [compile index 430]
*** Warning: CASE_ITEM_WIDTH_MISMATCH: Comparison between case expression 'RxValidBytes' of '2-bit' type and item expression '2' of '32-bit' type
    at line 2088 in /home/alexandru.madalin.vasilescu/dvt_predefined_projects_target/uvm_ref_flow_1.1/designs/socv/rtl/rtl_lpw/opencores/ethmac/rtl/eth_wishbone.v:2088 [compile index 430]
*** Warning: CASE_ITEM_WIDTH_MISMATCH: Comparison between case expression 'RxValidBytes' of '2-bit' type and item expression '3' of '32-bit' type
    at line 2089 in /home/alexandru.madalin.vasilescu/dvt_predefined_projects_target/uvm_ref_flow_1.1/designs/socv/rtl/rtl_lpw/opencores/ethmac/rtl/eth_wishbone.v:2089 [compile index 430]
*** Warning: WIDTH_MISMATCH_TRUNCATION: Assignment to 'RxStatusInLatched' of '9-bit' type from ''h0' of '32-bit' type
    at line 2376 in /home/alexandru.madalin.vasilescu/dvt_predefined_projects_target/uvm_ref_flow_1.1/designs/socv/rtl/rtl_lpw/opencores/ethmac/rtl/eth_wishbone.v:2376 [compile index 430]
*** Warning: UNELABORATED_INTERFACE: Interface 'work.apb_master_if' is not elaborated
    at line 22 in /home/alexandru.madalin.vasilescu/dvt_predefined_projects_target/uvm_ref_flow_1.1/soc_verification_lib/sv_cb_ex_lib/interface_uvc_lib/apb/sv/apb_master_if.sv:22 [compile index 228]
*** Warning: UNELABORATED_INTERFACE: Interface 'work.apb_slave_if' is not elaborated
    at line 25 in /home/alexandru.madalin.vasilescu/dvt_predefined_projects_target/uvm_ref_flow_1.1/soc_verification_lib/sv_cb_ex_lib/interface_uvc_lib/apb/sv/apb_slave_if.sv:25 [compile index 229]
*** Warning: UNELABORATED_MODULE: Module 'work.insn_sram_subsystem' is not elaborated
    at line 25 in /home/alexandru.madalin.vasilescu/dvt_predefined_projects_target/uvm_ref_flow_1.1/designs/socv/rtl/rtl_lpw/sram_subsystem/rtl/insn_sram_subsystem.v:25 [compile index 278]
*** Warning: IMPLICIT_DECLARATION: Implicit declaration of 'RWconflict' using `default_nettype set to wire
    at line 107 in /home/alexandru.madalin.vasilescu/dvt_predefined_projects_target/uvm_ref_flow_1.1/designs/socv/rtl/rtl_lpw/sram_subsystem/rtl/insn_sram_subsystem.v:107 [compile index 278]
Performing mixed post full build step (VLOG - RD) [51 ms] ...
Performing mixed post full build step (VLOG - US) [251 ms] ...
*** Warning: SIGNAL_NEVER_USED: Signal 'hwdata' is never used
    at line 98 in /home/alexandru.madalin.vasilescu/dvt_predefined_projects_target/uvm_ref_flow_1.1/soc_verification_lib/sv_cb_ex_lib/apb_subsystem/tb/sv/apb_subsystem_top.sv:98 [compile index 225]
*** Warning: SIGNAL_NEVER_USED: Signal 'haddr' is never used
    at line 99 in /home/alexandru.madalin.vasilescu/dvt_predefined_projects_target/uvm_ref_flow_1.1/soc_verification_lib/sv_cb_ex_lib/apb_subsystem/tb/sv/apb_subsystem_top.sv:99 [compile index 225]
*** Warning: SIGNAL_NEVER_USED: Signal 'htrans' is never used
    at line 100 in /home/alexandru.madalin.vasilescu/dvt_predefined_projects_target/uvm_ref_flow_1.1/soc_verification_lib/sv_cb_ex_lib/apb_subsystem/tb/sv/apb_subsystem_top.sv:100 [compile index 225]
*** Warning: SIGNAL_NEVER_USED: Signal 'hburst' is never used
    at line 101 in /home/alexandru.madalin.vasilescu/dvt_predefined_projects_target/uvm_ref_flow_1.1/soc_verification_lib/sv_cb_ex_lib/apb_subsystem/tb/sv/apb_subsystem_top.sv:101 [compile index 225]
*** Warning: SIGNAL_NEVER_USED: Signal 'hsize' is never used
    at line 102 in /home/alexandru.madalin.vasilescu/dvt_predefined_projects_target/uvm_ref_flow_1.1/soc_verification_lib/sv_cb_ex_lib/apb_subsystem/tb/sv/apb_subsystem_top.sv:102 [compile index 225]
*** Warning: SIGNAL_NEVER_USED: Signal 'hprot' is never used
    at line 103 in /home/alexandru.madalin.vasilescu/dvt_predefined_projects_target/uvm_ref_flow_1.1/soc_verification_lib/sv_cb_ex_lib/apb_subsystem/tb/sv/apb_subsystem_top.sv:103 [compile index 225]
*** Warning: SIGNAL_NEVER_USED: Signal 'hwrite' is never used
    at line 104 in /home/alexandru.madalin.vasilescu/dvt_predefined_projects_target/uvm_ref_flow_1.1/soc_verification_lib/sv_cb_ex_lib/apb_subsystem/tb/sv/apb_subsystem_top.sv:104 [compile index 225]
*** Warning: SIGNAL_MULTIPLE_DRIVERS: Signal 'hrdata' has multiple drivers
    at line 109 in /home/alexandru.madalin.vasilescu/dvt_predefined_projects_target/uvm_ref_flow_1.1/soc_verification_lib/sv_cb_ex_lib/apb_subsystem/tb/sv/apb_subsystem_top.sv:109 [compile index 225]
*** Warning: SIGNAL_NEVER_USED: Signal 'ua_rxd' is never used
    at line 113 in /home/alexandru.madalin.vasilescu/dvt_predefined_projects_target/uvm_ref_flow_1.1/soc_verification_lib/sv_cb_ex_lib/apb_subsystem/tb/sv/apb_subsystem_top.sv:113 [compile index 225]
*** Warning: SIGNAL_NEVER_USED: Signal 'ua_ncts' is never used
    at line 114 in /home/alexandru.madalin.vasilescu/dvt_predefined_projects_target/uvm_ref_flow_1.1/soc_verification_lib/sv_cb_ex_lib/apb_subsystem/tb/sv/apb_subsystem_top.sv:114 [compile index 225]
*** Warning: SIGNAL_NEVER_USED: Signal 'ua_txd' is never used
    at line 118 in /home/alexandru.madalin.vasilescu/dvt_predefined_projects_target/uvm_ref_flow_1.1/soc_verification_lib/sv_cb_ex_lib/apb_subsystem/tb/sv/apb_subsystem_top.sv:118 [compile index 225]
*** Warning: SIGNAL_NEVER_USED: Signal 'us_nrts' is never used
    at line 119 in /home/alexandru.madalin.vasilescu/dvt_predefined_projects_target/uvm_ref_flow_1.1/soc_verification_lib/sv_cb_ex_lib/apb_subsystem/tb/sv/apb_subsystem_top.sv:119 [compile index 225]
*** Warning: SIGNAL_MULTIPLE_DRIVERS: Signal 'n_ss_out' has multiple drivers
    at line 121 in /home/alexandru.madalin.vasilescu/dvt_predefined_projects_target/uvm_ref_flow_1.1/soc_verification_lib/sv_cb_ex_lib/apb_subsystem/tb/sv/apb_subsystem_top.sv:121 [compile index 225]
*** Warning: INTERNAL_GENERATED_CLOCK: Clock signal 'tb_hclk' is not an input port
    at line 125 in /home/alexandru.madalin.vasilescu/dvt_predefined_projects_target/uvm_ref_flow_1.1/soc_verification_lib/sv_cb_ex_lib/apb_subsystem/tb/sv/apb_subsystem_top.sv:125 [compile index 225]
*** Warning: INTERNAL_GENERATED_RESET: Reset signal 'hresetn' is not an input port
    at line 126 in /home/alexandru.madalin.vasilescu/dvt_predefined_projects_target/uvm_ref_flow_1.1/soc_verification_lib/sv_cb_ex_lib/apb_subsystem/tb/sv/apb_subsystem_top.sv:126 [compile index 225]
*** Warning: SIGNAL_NEVER_USED: Signal 'n_oe' is never used
    at line 32 in /home/alexandru.madalin.vasilescu/dvt_predefined_projects_target/uvm_ref_flow_1.1/designs/socv/rtl/rtl_lpw/misc/rtl/generic_sram_bit.v:32 [compile index 252]
*** Warning: SIGNAL_NEVER_USED: Signal 'clk_i' is never used
    at line 31 in /home/alexandru.madalin.vasilescu/dvt_predefined_projects_target/uvm_ref_flow_1.1/designs/socv/rtl/rtl_lpw/wb_to_ahb/rtl/wb2ahb.v:31 [compile index 253]
*** Warning: SIGNAL_NEVER_USED: Signal 'rst_i' is never used
    at line 32 in /home/alexandru.madalin.vasilescu/dvt_predefined_projects_target/uvm_ref_flow_1.1/designs/socv/rtl/rtl_lpw/wb_to_ahb/rtl/wb2ahb.v:32 [compile index 253]
*** Warning: SIGNAL_NEVER_USED: Signal 'hresp' is never used
    at line 53 in /home/alexandru.madalin.vasilescu/dvt_predefined_projects_target/uvm_ref_flow_1.1/designs/socv/rtl/rtl_lpw/wb_to_ahb/rtl/wb2ahb.v:53 [compile index 253]
*** Warning: SIGNAL_NEVER_READ: Signal 'cpu_tcm_haddr' is never read (connected to sub-instance output port)
    at line 238 in /home/alexandru.madalin.vasilescu/dvt_predefined_projects_target/uvm_ref_flow_1.1/designs/socv/rtl/rtl_lpw/socv/rtl/socv.v:238 [compile index 254]
*** Warning: SIGNAL_NEVER_READ: Signal 'cpu_tcm_htrans' is never read
    at line 239 in /home/alexandru.madalin.vasilescu/dvt_predefined_projects_target/uvm_ref_flow_1.1/designs/socv/rtl/rtl_lpw/socv/rtl/socv.v:239 [compile index 254]
*** Warning: SIGNAL_NEVER_READ: Signal 'cpu_tcm_hwrite' is never read (connected to sub-instance output port)
    at line 240 in /home/alexandru.madalin.vasilescu/dvt_predefined_projects_target/uvm_ref_flow_1.1/designs/socv/rtl/rtl_lpw/socv/rtl/socv.v:240 [compile index 254]
*** Warning: SIGNAL_NEVER_READ: Signal 'cpu_tcm_hready_in' is never read (connected to sub-instance output port)
    at line 241 in /home/alexandru.madalin.vasilescu/dvt_predefined_projects_target/uvm_ref_flow_1.1/designs/socv/rtl/rtl_lpw/socv/rtl/socv.v:241 [compile index 254]
*** Warning: SIGNAL_NEVER_READ: Signal 'cpu_tcm_hsize' is never read (connected to sub-instance output port)
    at line 242 in /home/alexandru.madalin.vasilescu/dvt_predefined_projects_target/uvm_ref_flow_1.1/designs/socv/rtl/rtl_lpw/socv/rtl/socv.v:242 [compile index 254]
*** Warning: SIGNAL_NEVER_READ: Signal 'cpu_tcm_hburst' is never read (connected to sub-instance output port)
    at line 243 in /home/alexandru.madalin.vasilescu/dvt_predefined_projects_target/uvm_ref_flow_1.1/designs/socv/rtl/rtl_lpw/socv/rtl/socv.v:243 [compile index 254]
*** Warning: SIGNAL_NEVER_READ: Signal 'cpu_tcm_hprot' is never read (connected to sub-instance output port)
    at line 244 in /home/alexandru.madalin.vasilescu/dvt_predefined_projects_target/uvm_ref_flow_1.1/designs/socv/rtl/rtl_lpw/socv/rtl/socv.v:244 [compile index 254]
*** Warning: SIGNAL_NEVER_READ: Signal 'cpu_tcm_hmaster' is never read (connected to sub-instance output port)
    at line 245 in /home/alexandru.madalin.vasilescu/dvt_predefined_projects_target/uvm_ref_flow_1.1/designs/socv/rtl/rtl_lpw/socv/rtl/socv.v:245 [compile index 254]
*** Warning: SIGNAL_NEVER_READ: Signal 'cpu_tcm_hwdata' is never read (connected to sub-instance output port)
    at line 246 in /home/alexandru.madalin.vasilescu/dvt_predefined_projects_target/uvm_ref_flow_1.1/designs/socv/rtl/rtl_lpw/socv/rtl/socv.v:246 [compile index 254]
*** Warning: SIGNAL_NEVER_READ: Signal 'cpu_tcm_hmastlock' is never read (connected to sub-instance output port)
    at line 247 in /home/alexandru.madalin.vasilescu/dvt_predefined_projects_target/uvm_ref_flow_1.1/designs/socv/rtl/rtl_lpw/socv/rtl/socv.v:247 [compile index 254]
*** Warning: SIGNAL_NEVER_WRITTEN: Signal 'cpu_tcm_hrdata' is never written (connected to sub-instance input port)
    at line 249 in /home/alexandru.madalin.vasilescu/dvt_predefined_projects_target/uvm_ref_flow_1.1/designs/socv/rtl/rtl_lpw/socv/rtl/socv.v:249 [compile index 254]
*** Warning: SIGNAL_NEVER_WRITTEN: Signal 'cpu_tcm_hready' is never written (connected to sub-instance input port)
    at line 250 in /home/alexandru.madalin.vasilescu/dvt_predefined_projects_target/uvm_ref_flow_1.1/designs/socv/rtl/rtl_lpw/socv/rtl/socv.v:250 [compile index 254]
*** Warning: SIGNAL_NEVER_WRITTEN: Signal 'cpu_tcm_hresp' is never written (connected to sub-instance input port)
    at line 251 in /home/alexandru.madalin.vasilescu/dvt_predefined_projects_target/uvm_ref_flow_1.1/designs/socv/rtl/rtl_lpw/socv/rtl/socv.v:251 [compile index 254]
*** Warning: SIGNAL_NEVER_READ: Signal 'ahb2ocp_hmaster' is never read (connected to sub-instance output port)
    at line 368 in /home/alexandru.madalin.vasilescu/dvt_predefined_projects_target/uvm_ref_flow_1.1/designs/socv/rtl/rtl_lpw/socv/rtl/socv.v:368 [compile index 254]
*** Warning: SIGNAL_NEVER_READ: Signal 'ahb2ocp_hmastlock' is never read (connected to sub-instance output port)
    at line 370 in /home/alexandru.madalin.vasilescu/dvt_predefined_projects_target/uvm_ref_flow_1.1/designs/socv/rtl/rtl_lpw/socv/rtl/socv.v:370 [compile index 254]
*** Warning: SIGNAL_NEVER_WRITTEN: Signal 'ao_sresp_i' is never written (connected to sub-instance input port)
    at line 376 in /home/alexandru.madalin.vasilescu/dvt_predefined_projects_target/uvm_ref_flow_1.1/designs/socv/rtl/rtl_lpw/socv/rtl/socv.v:376 [compile index 254]
*** Warning: SIGNAL_NEVER_WRITTEN: Signal 'ao_sresplast_i' is never written (connected to sub-instance input port)
    at line 377 in /home/alexandru.madalin.vasilescu/dvt_predefined_projects_target/uvm_ref_flow_1.1/designs/socv/rtl/rtl_lpw/socv/rtl/socv.v:377 [compile index 254]
*** Warning: SIGNAL_NEVER_READ: Signal 'ao_mcmd_o' is never read (connected to sub-instance output port)
    at line 378 in /home/alexandru.madalin.vasilescu/dvt_predefined_projects_target/uvm_ref_flow_1.1/designs/socv/rtl/rtl_lpw/socv/rtl/socv.v:378 [compile index 254]
*** Warning: SIGNAL_NEVER_READ: Signal 'ao_maddr_o' is never read (connected to sub-instance output port)
    at line 379 in /home/alexandru.madalin.vasilescu/dvt_predefined_projects_target/uvm_ref_flow_1.1/designs/socv/rtl/rtl_lpw/socv/rtl/socv.v:379 [compile index 254]
*** Warning: SIGNAL_NEVER_READ: Signal 'ao_matomic_length_o' is never read (connected to sub-instance output port)
    at line 380 in /home/alexandru.madalin.vasilescu/dvt_predefined_projects_target/uvm_ref_flow_1.1/designs/socv/rtl/rtl_lpw/socv/rtl/socv.v:380 [compile index 254]
*** Warning: SIGNAL_NEVER_READ: Signal 'ao_mburstlength_o' is never read (connected to sub-instance output port)
    at line 381 in /home/alexandru.madalin.vasilescu/dvt_predefined_projects_target/uvm_ref_flow_1.1/designs/socv/rtl/rtl_lpw/socv/rtl/socv.v:381 [compile index 254]
*** Warning: SIGNAL_NEVER_READ: Signal 'ao_mburst_seq_o' is never read (connected to sub-instance output port)
    at line 382 in /home/alexandru.madalin.vasilescu/dvt_predefined_projects_target/uvm_ref_flow_1.1/designs/socv/rtl/rtl_lpw/socv/rtl/socv.v:382 [compile index 254]
*** Warning: SIGNAL_NEVER_READ: Signal 'ao_mtag_id_o' is never read (connected to sub-instance output port)
    at line 383 in /home/alexandru.madalin.vasilescu/dvt_predefined_projects_target/uvm_ref_flow_1.1/designs/socv/rtl/rtl_lpw/socv/rtl/socv.v:383 [compile index 254]
*** Warning: SIGNAL_NEVER_READ: Signal 'ao_mdata_tag_id_o' is never read (connected to sub-instance output port)
    at line 384 in /home/alexandru.madalin.vasilescu/dvt_predefined_projects_target/uvm_ref_flow_1.1/designs/socv/rtl/rtl_lpw/socv/rtl/socv.v:384 [compile index 254]
*** Warning: SIGNAL_NEVER_READ: Signal 'ao_mdata_o' is never read (connected to sub-instance output port)
    at line 385 in /home/alexandru.madalin.vasilescu/dvt_predefined_projects_target/uvm_ref_flow_1.1/designs/socv/rtl/rtl_lpw/socv/rtl/socv.v:385 [compile index 254]
*** Warning: SIGNAL_NEVER_WRITTEN: Signal 'ao_sdata_i' is never written (connected to sub-instance input port)
    at line 386 in /home/alexandru.madalin.vasilescu/dvt_predefined_projects_target/uvm_ref_flow_1.1/designs/socv/rtl/rtl_lpw/socv/rtl/socv.v:386 [compile index 254]
*** Warning: SIGNAL_NEVER_WRITTEN: Signal 'ao_sdataaccept_i' is never written (connected to sub-instance input port)
    at line 387 in /home/alexandru.madalin.vasilescu/dvt_predefined_projects_target/uvm_ref_flow_1.1/designs/socv/rtl/rtl_lpw/socv/rtl/socv.v:387 [compile index 254]
*** Warning: SIGNAL_NEVER_WRITTEN: Signal 'ao_scmdaccept_i' is never written (connected to sub-instance input port)
    at line 388 in /home/alexandru.madalin.vasilescu/dvt_predefined_projects_target/uvm_ref_flow_1.1/designs/socv/rtl/rtl_lpw/socv/rtl/socv.v:388 [compile index 254]
*** Warning: SIGNAL_NEVER_WRITTEN: Signal 'cpu_biu_haddr' is never written (connected to sub-instance input port)
    at line 407 in /home/alexandru.madalin.vasilescu/dvt_predefined_projects_target/uvm_ref_flow_1.1/designs/socv/rtl/rtl_lpw/socv/rtl/socv.v:407 [compile index 254]
*** Warning: SIGNAL_NEVER_WRITTEN: Signal 'cpu_biu_htrans' is never written (connected to sub-instance input port)
    at line 408 in /home/alexandru.madalin.vasilescu/dvt_predefined_projects_target/uvm_ref_flow_1.1/designs/socv/rtl/rtl_lpw/socv/rtl/socv.v:408 [compile index 254]
*** Warning: SIGNAL_NEVER_WRITTEN: Signal 'cpu_biu_hwrite' is never written (connected to sub-instance input port)
    at line 409 in /home/alexandru.madalin.vasilescu/dvt_predefined_projects_target/uvm_ref_flow_1.1/designs/socv/rtl/rtl_lpw/socv/rtl/socv.v:409 [compile index 254]
*** Warning: SIGNAL_NEVER_WRITTEN: Signal 'cpu_biu_hsize' is never written (connected to sub-instance input port)
    at line 410 in /home/alexandru.madalin.vasilescu/dvt_predefined_projects_target/uvm_ref_flow_1.1/designs/socv/rtl/rtl_lpw/socv/rtl/socv.v:410 [compile index 254]
*** Warning: SIGNAL_NEVER_WRITTEN: Signal 'cpu_biu_hburst' is never written (connected to sub-instance input port)
    at line 411 in /home/alexandru.madalin.vasilescu/dvt_predefined_projects_target/uvm_ref_flow_1.1/designs/socv/rtl/rtl_lpw/socv/rtl/socv.v:411 [compile index 254]
*** Warning: SIGNAL_NEVER_WRITTEN: Signal 'cpu_biu_hprot' is never written (connected to sub-instance input port)
    at line 412 in /home/alexandru.madalin.vasilescu/dvt_predefined_projects_target/uvm_ref_flow_1.1/designs/socv/rtl/rtl_lpw/socv/rtl/socv.v:412 [compile index 254]
*** Warning: SIGNAL_NEVER_WRITTEN: Signal 'cpu_biu_hwdata' is never written (connected to sub-instance input port)
    at line 413 in /home/alexandru.madalin.vasilescu/dvt_predefined_projects_target/uvm_ref_flow_1.1/designs/socv/rtl/rtl_lpw/socv/rtl/socv.v:413 [compile index 254]
*** Warning: SIGNAL_NEVER_WRITTEN: Signal 'cpu_biu_hlock' is never written (connected to sub-instance input port)
    at line 414 in /home/alexandru.madalin.vasilescu/dvt_predefined_projects_target/uvm_ref_flow_1.1/designs/socv/rtl/rtl_lpw/socv/rtl/socv.v:414 [compile index 254]
*** Warning: SIGNAL_NEVER_READ: Signal 'cpu_biu_hrdata' is never read (connected to sub-instance output port)
    at line 415 in /home/alexandru.madalin.vasilescu/dvt_predefined_projects_target/uvm_ref_flow_1.1/designs/socv/rtl/rtl_lpw/socv/rtl/socv.v:415 [compile index 254]
*** Warning: SIGNAL_NEVER_READ: Signal 'cpu_biu_hresp' is never read (connected to sub-instance output port)
    at line 417 in /home/alexandru.madalin.vasilescu/dvt_predefined_projects_target/uvm_ref_flow_1.1/designs/socv/rtl/rtl_lpw/socv/rtl/socv.v:417 [compile index 254]
*** Warning: SIGNAL_NEVER_USED: Signal 'macb1_hsel' is never used
    at line 433 in /home/alexandru.madalin.vasilescu/dvt_predefined_projects_target/uvm_ref_flow_1.1/designs/socv/rtl/rtl_lpw/socv/rtl/socv.v:433 [compile index 254]
*** Warning: SIGNAL_NEVER_USED: Signal 'macb2_hsel' is never used
    at line 447 in /home/alexandru.madalin.vasilescu/dvt_predefined_projects_target/uvm_ref_flow_1.1/designs/socv/rtl/rtl_lpw/socv/rtl/socv.v:447 [compile index 254]
*** Warning: SIGNAL_NEVER_USED: Signal 'macb3_hsel' is never used
    at line 461 in /home/alexandru.madalin.vasilescu/dvt_predefined_projects_target/uvm_ref_flow_1.1/designs/socv/rtl/rtl_lpw/socv/rtl/socv.v:461 [compile index 254]
*** Warning: SIGNAL_NEVER_USED: Signal 'dma_m_hready_out' is never used
    at line 473 in /home/alexandru.madalin.vasilescu/dvt_predefined_projects_target/uvm_ref_flow_1.1/designs/socv/rtl/rtl_lpw/socv/rtl/socv.v:473 [compile index 254]
*** Warning: SIGNAL_NEVER_USED: Signal 'cpu_biu_hready_out' is never used
    at line 474 in /home/alexandru.madalin.vasilescu/dvt_predefined_projects_target/uvm_ref_flow_1.1/designs/socv/rtl/rtl_lpw/socv/rtl/socv.v:474 [compile index 254]
*** Warning: SIGNAL_NEVER_USED: Signal 'macb0_hready_out' is never used
    at line 475 in /home/alexandru.madalin.vasilescu/dvt_predefined_projects_target/uvm_ref_flow_1.1/designs/socv/rtl/rtl_lpw/socv/rtl/socv.v:475 [compile index 254]
*** Warning: SIGNAL_NEVER_USED: Signal 'macb1_hready_out' is never used
    at line 476 in /home/alexandru.madalin.vasilescu/dvt_predefined_projects_target/uvm_ref_flow_1.1/designs/socv/rtl/rtl_lpw/socv/rtl/socv.v:476 [compile index 254]
*** Warning: SIGNAL_NEVER_USED: Signal 'macb2_hready_out' is never used
    at line 477 in /home/alexandru.madalin.vasilescu/dvt_predefined_projects_target/uvm_ref_flow_1.1/designs/socv/rtl/rtl_lpw/socv/rtl/socv.v:477 [compile index 254]
*** Warning: SIGNAL_NEVER_USED: Signal 'macb3_hready_out' is never used
    at line 478 in /home/alexandru.madalin.vasilescu/dvt_predefined_projects_target/uvm_ref_flow_1.1/designs/socv/rtl/rtl_lpw/socv/rtl/socv.v:478 [compile index 254]
*** Warning: SIGNAL_NEVER_USED: Signal 'macb0_lp_local' is never used
    at line 514 in /home/alexandru.madalin.vasilescu/dvt_predefined_projects_target/uvm_ref_flow_1.1/designs/socv/rtl/rtl_lpw/socv/rtl/socv.v:514 [compile index 254]
*** Warning: SIGNAL_NEVER_USED: Signal 'macb0_lclk' is never used
    at line 514 in /home/alexandru.madalin.vasilescu/dvt_predefined_projects_target/uvm_ref_flow_1.1/designs/socv/rtl/rtl_lpw/socv/rtl/socv.v:514 [compile index 254]
*** Warning: SIGNAL_NEVER_USED: Signal 'macb1_lp_local' is never used
    at line 515 in /home/alexandru.madalin.vasilescu/dvt_predefined_projects_target/uvm_ref_flow_1.1/designs/socv/rtl/rtl_lpw/socv/rtl/socv.v:515 [compile index 254]
*** Warning: SIGNAL_NEVER_USED: Signal 'macb1_lclk' is never used
    at line 515 in /home/alexandru.madalin.vasilescu/dvt_predefined_projects_target/uvm_ref_flow_1.1/designs/socv/rtl/rtl_lpw/socv/rtl/socv.v:515 [compile index 254]
*** Warning: SIGNAL_NEVER_USED: Signal 'macb2_lp_local' is never used
    at line 516 in /home/alexandru.madalin.vasilescu/dvt_predefined_projects_target/uvm_ref_flow_1.1/designs/socv/rtl/rtl_lpw/socv/rtl/socv.v:516 [compile index 254]
*** Warning: SIGNAL_NEVER_USED: Signal 'macb2_lclk' is never used
    at line 516 in /home/alexandru.madalin.vasilescu/dvt_predefined_projects_target/uvm_ref_flow_1.1/designs/socv/rtl/rtl_lpw/socv/rtl/socv.v:516 [compile index 254]
*** Warning: SIGNAL_NEVER_USED: Signal 'macb3_lp_local' is never used
    at line 517 in /home/alexandru.madalin.vasilescu/dvt_predefined_projects_target/uvm_ref_flow_1.1/designs/socv/rtl/rtl_lpw/socv/rtl/socv.v:517 [compile index 254]
*** Warning: SIGNAL_NEVER_USED: Signal 'macb3_lclk' is never used
    at line 517 in /home/alexandru.madalin.vasilescu/dvt_predefined_projects_target/uvm_ref_flow_1.1/designs/socv/rtl/rtl_lpw/socv/rtl/socv.v:517 [compile index 254]
*** Warning: SIGNAL_NEVER_USED: Signal 'arm_nfiq' is never used
    at line 537 in /home/alexandru.madalin.vasilescu/dvt_predefined_projects_target/uvm_ref_flow_1.1/designs/socv/rtl/rtl_lpw/socv/rtl/socv.v:537 [compile index 254]
*** Warning: SIGNAL_NEVER_USED: Signal 'arm_nirq' is never used
    at line 538 in /home/alexandru.madalin.vasilescu/dvt_predefined_projects_target/uvm_ref_flow_1.1/designs/socv/rtl/rtl_lpw/socv/rtl/socv.v:538 [compile index 254]
*** Warning: SIGNAL_NEVER_READ: Signal 'jtag_tck' is never read (connected to sub-instance output port)
    at line 557 in /home/alexandru.madalin.vasilescu/dvt_predefined_projects_target/uvm_ref_flow_1.1/designs/socv/rtl/rtl_lpw/socv/rtl/socv.v:557 [compile index 254]
*** Warning: SIGNAL_NEVER_READ: Signal 'jtag_tms' is never read (connected to sub-instance output port)
    at line 558 in /home/alexandru.madalin.vasilescu/dvt_predefined_projects_target/uvm_ref_flow_1.1/designs/socv/rtl/rtl_lpw/socv/rtl/socv.v:558 [compile index 254]
*** Warning: SIGNAL_NEVER_READ: Signal 'jtag_tdi' is never read (connected to sub-instance output port)
    at line 559 in /home/alexandru.madalin.vasilescu/dvt_predefined_projects_target/uvm_ref_flow_1.1/designs/socv/rtl/rtl_lpw/socv/rtl/socv.v:559 [compile index 254]
*** Warning: SIGNAL_NEVER_READ: Signal 'jtag_ntrst' is never read (connected to sub-instance output port)
    at line 560 in /home/alexandru.madalin.vasilescu/dvt_predefined_projects_target/uvm_ref_flow_1.1/designs/socv/rtl/rtl_lpw/socv/rtl/socv.v:560 [compile index 254]
*** Warning: SIGNAL_NEVER_READ: Signal 'pin_sysclk_i' is never read (connected to sub-instance output port)
    at line 567 in /home/alexandru.madalin.vasilescu/dvt_predefined_projects_target/uvm_ref_flow_1.1/designs/socv/rtl/rtl_lpw/socv/rtl/socv.v:567 [compile index 254]
*** Warning: SIGNAL_NEVER_USED: Signal 'cpu_itcm_addr' is never used
    at line 569 in /home/alexandru.madalin.vasilescu/dvt_predefined_projects_target/uvm_ref_flow_1.1/designs/socv/rtl/rtl_lpw/socv/rtl/socv.v:569 [compile index 254]
*** Warning: SIGNAL_NEVER_USED: Signal 'cpu_itcm_rdata' is never used
    at line 570 in /home/alexandru.madalin.vasilescu/dvt_predefined_projects_target/uvm_ref_flow_1.1/designs/socv/rtl/rtl_lpw/socv/rtl/socv.v:570 [compile index 254]
*** Warning: SIGNAL_NEVER_USED: Signal 'cpu_itcm_wdata' is never used
    at line 571 in /home/alexandru.madalin.vasilescu/dvt_predefined_projects_target/uvm_ref_flow_1.1/designs/socv/rtl/rtl_lpw/socv/rtl/socv.v:571 [compile index 254]
*** Warning: SIGNAL_NEVER_USED: Signal 'cpu_itcm_cs' is never used
    at line 572 in /home/alexandru.madalin.vasilescu/dvt_predefined_projects_target/uvm_ref_flow_1.1/designs/socv/rtl/rtl_lpw/socv/rtl/socv.v:572 [compile index 254]
*** Warning: SIGNAL_NEVER_USED: Signal 'cpu_itcm_we' is never used
    at line 573 in /home/alexandru.madalin.vasilescu/dvt_predefined_projects_target/uvm_ref_flow_1.1/designs/socv/rtl/rtl_lpw/socv/rtl/socv.v:573 [compile index 254]
*** Warning: SIGNAL_NEVER_READ: Signal 'cpu_itcm_size' is never read
    at line 574 in /home/alexandru.madalin.vasilescu/dvt_predefined_projects_target/uvm_ref_flow_1.1/designs/socv/rtl/rtl_lpw/socv/rtl/socv.v:574 [compile index 254]
*** Warning: SIGNAL_NEVER_READ: Signal 'cpu_dtcm_size' is never read
    at line 575 in /home/alexandru.madalin.vasilescu/dvt_predefined_projects_target/uvm_ref_flow_1.1/designs/socv/rtl/rtl_lpw/socv/rtl/socv.v:575 [compile index 254]
*** Warning: SIGNAL_NEVER_USED: Signal 'cpu_d0tcm_addr' is never used
    at line 576 in /home/alexandru.madalin.vasilescu/dvt_predefined_projects_target/uvm_ref_flow_1.1/designs/socv/rtl/rtl_lpw/socv/rtl/socv.v:576 [compile index 254]
*** Warning: SIGNAL_NEVER_USED: Signal 'cpu_d0tcm_rdata' is never used
    at line 577 in /home/alexandru.madalin.vasilescu/dvt_predefined_projects_target/uvm_ref_flow_1.1/designs/socv/rtl/rtl_lpw/socv/rtl/socv.v:577 [compile index 254]
*** Warning: SIGNAL_NEVER_USED: Signal 'cpu_d0tcm_wdata' is never used
    at line 578 in /home/alexandru.madalin.vasilescu/dvt_predefined_projects_target/uvm_ref_flow_1.1/designs/socv/rtl/rtl_lpw/socv/rtl/socv.v:578 [compile index 254]
*** Warning: SIGNAL_NEVER_USED: Signal 'cpu_d0tcm_cs' is never used
    at line 579 in /home/alexandru.madalin.vasilescu/dvt_predefined_projects_target/uvm_ref_flow_1.1/designs/socv/rtl/rtl_lpw/socv/rtl/socv.v:579 [compile index 254]
*** Warning: SIGNAL_NEVER_USED: Signal 'cpu_d0tcm_we' is never used
    at line 580 in /home/alexandru.madalin.vasilescu/dvt_predefined_projects_target/uvm_ref_flow_1.1/designs/socv/rtl/rtl_lpw/socv/rtl/socv.v:580 [compile index 254]
*** Warning: SIGNAL_NEVER_USED: Signal 'cpu_d1tcm_addr' is never used
    at line 581 in /home/alexandru.madalin.vasilescu/dvt_predefined_projects_target/uvm_ref_flow_1.1/designs/socv/rtl/rtl_lpw/socv/rtl/socv.v:581 [compile index 254]
*** Warning: SIGNAL_NEVER_USED: Signal 'cpu_d1tcm_rdata' is never used
    at line 582 in /home/alexandru.madalin.vasilescu/dvt_predefined_projects_target/uvm_ref_flow_1.1/designs/socv/rtl/rtl_lpw/socv/rtl/socv.v:582 [compile index 254]
*** Warning: SIGNAL_NEVER_USED: Signal 'cpu_d1tcm_wdata' is never used
    at line 583 in /home/alexandru.madalin.vasilescu/dvt_predefined_projects_target/uvm_ref_flow_1.1/designs/socv/rtl/rtl_lpw/socv/rtl/socv.v:583 [compile index 254]
*** Warning: SIGNAL_NEVER_USED: Signal 'cpu_d1tcm_cs' is never used
    at line 584 in /home/alexandru.madalin.vasilescu/dvt_predefined_projects_target/uvm_ref_flow_1.1/designs/socv/rtl/rtl_lpw/socv/rtl/socv.v:584 [compile index 254]
*** Warning: SIGNAL_NEVER_USED: Signal 'cpu_d1tcm_we' is never used
    at line 585 in /home/alexandru.madalin.vasilescu/dvt_predefined_projects_target/uvm_ref_flow_1.1/designs/socv/rtl/rtl_lpw/socv/rtl/socv.v:585 [compile index 254]
*** Warning: SIGNAL_NEVER_READ: Signal 'tie_lo_bus3' is never read
    at line 595 in /home/alexandru.madalin.vasilescu/dvt_predefined_projects_target/uvm_ref_flow_1.1/designs/socv/rtl/rtl_lpw/socv/rtl/socv.v:595 [compile index 254]
*** Warning: SIGNAL_NEVER_READ: Signal 'tie_lo_2bit' is never read
    at line 597 in /home/alexandru.madalin.vasilescu/dvt_predefined_projects_target/uvm_ref_flow_1.1/designs/socv/rtl/rtl_lpw/socv/rtl/socv.v:597 [compile index 254]
*** Warning: SIGNAL_NEVER_READ: Signal 'tie_lo_32bit' is never read
    at line 599 in /home/alexandru.madalin.vasilescu/dvt_predefined_projects_target/uvm_ref_flow_1.1/designs/socv/rtl/rtl_lpw/socv/rtl/socv.v:599 [compile index 254]
*** Warning: SIGNAL_NEVER_READ: Signal 'pcm_irq' is never read (connected to sub-instance output port)
    at line 1759 in /home/alexandru.madalin.vasilescu/dvt_predefined_projects_target/uvm_ref_flow_1.1/designs/socv/rtl/rtl_lpw/socv/rtl/socv.v:1759 [compile index 254]
*** Warning: SIGNAL_NEVER_READ: Signal 'ttc_irq' is never read (connected to sub-instance output port)
    at line 1760 in /home/alexandru.madalin.vasilescu/dvt_predefined_projects_target/uvm_ref_flow_1.1/designs/socv/rtl/rtl_lpw/socv/rtl/socv.v:1760 [compile index 254]
*** Warning: SIGNAL_NEVER_READ: Signal 'gpio_irq' is never read (connected to sub-instance output port)
    at line 1761 in /home/alexandru.madalin.vasilescu/dvt_predefined_projects_target/uvm_ref_flow_1.1/designs/socv/rtl/rtl_lpw/socv/rtl/socv.v:1761 [compile index 254]
*** Warning: SIGNAL_NEVER_READ: Signal 'uart0_irq' is never read (connected to sub-instance output port)
    at line 1762 in /home/alexandru.madalin.vasilescu/dvt_predefined_projects_target/uvm_ref_flow_1.1/designs/socv/rtl/rtl_lpw/socv/rtl/socv.v:1762 [compile index 254]
*** Warning: SIGNAL_NEVER_READ: Signal 'uart1_irq' is never read (connected to sub-instance output port)
    at line 1763 in /home/alexandru.madalin.vasilescu/dvt_predefined_projects_target/uvm_ref_flow_1.1/designs/socv/rtl/rtl_lpw/socv/rtl/socv.v:1763 [compile index 254]
*** Warning: SIGNAL_NEVER_READ: Signal 'spi_irq' is never read (connected to sub-instance output port)
    at line 1764 in /home/alexandru.madalin.vasilescu/dvt_predefined_projects_target/uvm_ref_flow_1.1/designs/socv/rtl/rtl_lpw/socv/rtl/socv.v:1764 [compile index 254]
*** Warning: SIGNAL_NEVER_READ: Signal 'ao_mburst_precise_o' is never read (connected to sub-instance output port)
    at line 2075 in /home/alexandru.madalin.vasilescu/dvt_predefined_projects_target/uvm_ref_flow_1.1/designs/socv/rtl/rtl_lpw/socv/rtl/socv.v:2075 [compile index 254]
*** Warning: SIGNAL_NEVER_READ: Signal 'ao_mburst_single_req_o' is never read (connected to sub-instance output port)
    at line 2076 in /home/alexandru.madalin.vasilescu/dvt_predefined_projects_target/uvm_ref_flow_1.1/designs/socv/rtl/rtl_lpw/socv/rtl/socv.v:2076 [compile index 254]
*** Warning: SIGNAL_NEVER_READ: Signal 'ao_mdatalast_o' is never read (connected to sub-instance output port)
    at line 2082 in /home/alexandru.madalin.vasilescu/dvt_predefined_projects_target/uvm_ref_flow_1.1/designs/socv/rtl/rtl_lpw/socv/rtl/socv.v:2082 [compile index 254]
*** Warning: SIGNAL_NEVER_READ: Signal 'ao_mdatavalid_o' is never read (connected to sub-instance output port)
    at line 2083 in /home/alexandru.madalin.vasilescu/dvt_predefined_projects_target/uvm_ref_flow_1.1/designs/socv/rtl/rtl_lpw/socv/rtl/socv.v:2083 [compile index 254]
*** Warning: SIGNAL_NEVER_READ: Signal 'ao_mdataaccept_o' is never read (connected to sub-instance output port)
    at line 2084 in /home/alexandru.madalin.vasilescu/dvt_predefined_projects_target/uvm_ref_flow_1.1/designs/socv/rtl/rtl_lpw/socv/rtl/socv.v:2084 [compile index 254]
*** Warning: SIGNAL_NEVER_READ: Signal 'ao_mrespaccept_o' is never read (connected to sub-instance output port)
    at line 2085 in /home/alexandru.madalin.vasilescu/dvt_predefined_projects_target/uvm_ref_flow_1.1/designs/socv/rtl/rtl_lpw/socv/rtl/socv.v:2085 [compile index 254]
*** Warning: FEEDTHROUGH_DETECTED: Feedthrough from 'PAD' to 'C'
    at line 27 in /home/alexandru.madalin.vasilescu/dvt_predefined_projects_target/uvm_ref_flow_1.1/designs/socv/rtl/rtl_lpw/padframe/rtl/pad_models.v:27 [compile index 255]
*** Warning: FEEDTHROUGH_DETECTED: Feedthrough from 'PAD' to 'C'
    at line 44 in /home/alexandru.madalin.vasilescu/dvt_predefined_projects_target/uvm_ref_flow_1.1/designs/socv/rtl/rtl_lpw/padframe/rtl/pad_models.v:44 [compile index 255]
*** Warning: FEEDTHROUGH_DETECTED: Feedthrough from 'I' to 'PAD'
    at line 51 in /home/alexandru.madalin.vasilescu/dvt_predefined_projects_target/uvm_ref_flow_1.1/designs/socv/rtl/rtl_lpw/padframe/rtl/pad_models.v:51 [compile index 255]
*** Warning: SIGNAL_NEVER_USED: Signal 'from_chip' is never used
    at line 25 in /home/alexandru.madalin.vasilescu/dvt_predefined_projects_target/uvm_ref_flow_1.1/designs/socv/rtl/rtl_lpw/padframe/rtl/dummy_analog_pad.v:25 [compile index 256]
*** Warning: SIGNAL_NEVER_USED: Signal 'from_ext' is never used
    at line 26 in /home/alexandru.madalin.vasilescu/dvt_predefined_projects_target/uvm_ref_flow_1.1/designs/socv/rtl/rtl_lpw/padframe/rtl/dummy_analog_pad.v:26 [compile index 256]
*** Warning: OUTPUT_PORT_READ: Reading from output port 'ua_ncts' is not recommended
    at line 533 in /home/alexandru.madalin.vasilescu/dvt_predefined_projects_target/uvm_ref_flow_1.1/designs/socv/rtl/rtl_lpw/padframe/rtl/padframe.v:533 [compile index 257]
*** Warning: OUTPUT_PORT_READ: Reading from output port 'ua_rxd' is not recommended
    at line 534 in /home/alexandru.madalin.vasilescu/dvt_predefined_projects_target/uvm_ref_flow_1.1/designs/socv/rtl/rtl_lpw/padframe/rtl/padframe.v:534 [compile index 257]
*** Warning: OUTPUT_PORT_READ: Reading from output port 'ua_ncts1' is not recommended
    at line 535 in /home/alexandru.madalin.vasilescu/dvt_predefined_projects_target/uvm_ref_flow_1.1/designs/socv/rtl/rtl_lpw/padframe/rtl/padframe.v:535 [compile index 257]
*** Warning: OUTPUT_PORT_READ: Reading from output port 'ua_rxd1' is not recommended
    at line 536 in /home/alexandru.madalin.vasilescu/dvt_predefined_projects_target/uvm_ref_flow_1.1/designs/socv/rtl/rtl_lpw/padframe/rtl/padframe.v:536 [compile index 257]
*** Warning: OUTPUT_PORT_READ: Reading from output port 'si' is not recommended
    at line 541 in /home/alexandru.madalin.vasilescu/dvt_predefined_projects_target/uvm_ref_flow_1.1/designs/socv/rtl/rtl_lpw/padframe/rtl/padframe.v:541 [compile index 257]
*** Warning: OUTPUT_PORT_READ: Reading from output port 'mi' is not recommended
    at line 542 in /home/alexandru.madalin.vasilescu/dvt_predefined_projects_target/uvm_ref_flow_1.1/designs/socv/rtl/rtl_lpw/padframe/rtl/padframe.v:542 [compile index 257]
*** Warning: OUTPUT_PORT_READ: Reading from output port 'sclk_in' is not recommended
    at line 543 in /home/alexandru.madalin.vasilescu/dvt_predefined_projects_target/uvm_ref_flow_1.1/designs/socv/rtl/rtl_lpw/padframe/rtl/padframe.v:543 [compile index 257]
*** Warning: OUTPUT_PORT_READ: Reading from output port 'n_ss_in' is not recommended
    at line 544 in /home/alexandru.madalin.vasilescu/dvt_predefined_projects_target/uvm_ref_flow_1.1/designs/socv/rtl/rtl_lpw/padframe/rtl/padframe.v:544 [compile index 257]
*** Warning: SIGNAL_NEVER_USED: Signal 'vdd_hiss' is never used
    at line 24 in /home/alexandru.madalin.vasilescu/dvt_predefined_projects_target/uvm_ref_flow_1.1/designs/socv/rtl/rtl_lpw/padframe/rtl/lvds_beh.v:24 [compile index 259]
*** Warning: SIGNAL_NEVER_USED: Signal 'vss_hiss' is never used
    at line 24 in /home/alexandru.madalin.vasilescu/dvt_predefined_projects_target/uvm_ref_flow_1.1/designs/socv/rtl/rtl_lpw/padframe/rtl/lvds_beh.v:24 [compile index 259]
*** Warning: SIGNAL_NEVER_USED: Signal 'vsub_hiss' is never used
    at line 24 in /home/alexandru.madalin.vasilescu/dvt_predefined_projects_target/uvm_ref_flow_1.1/designs/socv/rtl/rtl_lpw/padframe/rtl/lvds_beh.v:24 [compile index 259]
*** Warning: SIGNAL_NEVER_USED: Signal 'hiss_biasen' is never used
    at line 24 in /home/alexandru.madalin.vasilescu/dvt_predefined_projects_target/uvm_ref_flow_1.1/designs/socv/rtl/rtl_lpw/padframe/rtl/lvds_beh.v:24 [compile index 259]
*** Warning: SIGNAL_NEVER_READ: Signal 'vlow_driver' is never read
    at line 121 in /home/alexandru.madalin.vasilescu/dvt_predefined_projects_target/uvm_ref_flow_1.1/designs/socv/rtl/rtl_lpw/padframe/rtl/lvds_beh.v:121 [compile index 259]
*** Warning: SIGNAL_NEVER_USED: Signal 'REMAP' is never used
    at line 32 in /home/alexandru.madalin.vasilescu/dvt_predefined_projects_target/uvm_ref_flow_1.1/designs/socv/rtl/rtl_lpw/cdn_busmatrix/busmatrix.v:32 [compile index 262]
*** Warning: SIGNAL_NEVER_USED: Signal 'HMASTERS0' is never used
    at line 44 in /home/alexandru.madalin.vasilescu/dvt_predefined_projects_target/uvm_ref_flow_1.1/designs/socv/rtl/rtl_lpw/cdn_busmatrix/busmatrix.v:44 [compile index 262]
*** Warning: SIGNAL_NEVER_USED: Signal 'HMASTLOCKS0' is never used
    at line 46 in /home/alexandru.madalin.vasilescu/dvt_predefined_projects_target/uvm_ref_flow_1.1/designs/socv/rtl/rtl_lpw/cdn_busmatrix/busmatrix.v:46 [compile index 262]
*** Warning: SIGNAL_NEVER_USED: Signal 'HMASTERS1' is never used
    at line 60 in /home/alexandru.madalin.vasilescu/dvt_predefined_projects_target/uvm_ref_flow_1.1/designs/socv/rtl/rtl_lpw/cdn_busmatrix/busmatrix.v:60 [compile index 262]
*** Warning: SIGNAL_NEVER_USED: Signal 'HMASTLOCKS1' is never used
    at line 62 in /home/alexandru.madalin.vasilescu/dvt_predefined_projects_target/uvm_ref_flow_1.1/designs/socv/rtl/rtl_lpw/cdn_busmatrix/busmatrix.v:62 [compile index 262]
*** Warning: SIGNAL_NEVER_USED: Signal 'HMASTERS2' is never used
    at line 75 in /home/alexandru.madalin.vasilescu/dvt_predefined_projects_target/uvm_ref_flow_1.1/designs/socv/rtl/rtl_lpw/cdn_busmatrix/busmatrix.v:75 [compile index 262]
*** Warning: SIGNAL_NEVER_USED: Signal 'HMASTLOCKS2' is never used
    at line 77 in /home/alexandru.madalin.vasilescu/dvt_predefined_projects_target/uvm_ref_flow_1.1/designs/socv/rtl/rtl_lpw/cdn_busmatrix/busmatrix.v:77 [compile index 262]
*** Warning: SIGNAL_NEVER_USED: Signal 'HMASTERS3' is never used
    at line 90 in /home/alexandru.madalin.vasilescu/dvt_predefined_projects_target/uvm_ref_flow_1.1/designs/socv/rtl/rtl_lpw/cdn_busmatrix/busmatrix.v:90 [compile index 262]
*** Warning: SIGNAL_NEVER_USED: Signal 'HMASTLOCKS3' is never used
    at line 92 in /home/alexandru.madalin.vasilescu/dvt_predefined_projects_target/uvm_ref_flow_1.1/designs/socv/rtl/rtl_lpw/cdn_busmatrix/busmatrix.v:92 [compile index 262]
*** Warning: SIGNAL_NEVER_USED: Signal 'HMASTERS4' is never used
    at line 105 in /home/alexandru.madalin.vasilescu/dvt_predefined_projects_target/uvm_ref_flow_1.1/designs/socv/rtl/rtl_lpw/cdn_busmatrix/busmatrix.v:105 [compile index 262]
*** Warning: SIGNAL_NEVER_USED: Signal 'HMASTLOCKS4' is never used
    at line 107 in /home/alexandru.madalin.vasilescu/dvt_predefined_projects_target/uvm_ref_flow_1.1/designs/socv/rtl/rtl_lpw/cdn_busmatrix/busmatrix.v:107 [compile index 262]
*** Warning: SIGNAL_NEVER_USED: Signal 'HMASTERS5' is never used
    at line 120 in /home/alexandru.madalin.vasilescu/dvt_predefined_projects_target/uvm_ref_flow_1.1/designs/socv/rtl/rtl_lpw/cdn_busmatrix/busmatrix.v:120 [compile index 262]
*** Warning: SIGNAL_NEVER_USED: Signal 'HMASTLOCKS5' is never used
    at line 122 in /home/alexandru.madalin.vasilescu/dvt_predefined_projects_target/uvm_ref_flow_1.1/designs/socv/rtl/rtl_lpw/cdn_busmatrix/busmatrix.v:122 [compile index 262]
*** Warning: SIGNAL_NEVER_USED: Signal 'SCANENABLE' is never used
    at line 389 in /home/alexandru.madalin.vasilescu/dvt_predefined_projects_target/uvm_ref_flow_1.1/designs/socv/rtl/rtl_lpw/cdn_busmatrix/busmatrix.v:389 [compile index 262]
*** Warning: SIGNAL_NEVER_USED: Signal 'SCANINHCLK' is never used
    at line 390 in /home/alexandru.madalin.vasilescu/dvt_predefined_projects_target/uvm_ref_flow_1.1/designs/socv/rtl/rtl_lpw/cdn_busmatrix/busmatrix.v:390 [compile index 262]
*** Warning: SIGNAL_NEVER_USED: Signal 'req_2_m9' is never used
    at line 1493 in /home/alexandru.madalin.vasilescu/dvt_predefined_projects_target/uvm_ref_flow_1.1/designs/socv/rtl/rtl_lpw/cdn_busmatrix/busmatrix.v:1493 [compile index 262]
*** Warning: SIGNAL_NEVER_USED: Signal 'req_2_m10' is never used
    at line 1494 in /home/alexandru.madalin.vasilescu/dvt_predefined_projects_target/uvm_ref_flow_1.1/designs/socv/rtl/rtl_lpw/cdn_busmatrix/busmatrix.v:1494 [compile index 262]
*** Warning: SIGNAL_NEVER_USED: Signal 'req_2_m11' is never used
    at line 1495 in /home/alexandru.madalin.vasilescu/dvt_predefined_projects_target/uvm_ref_flow_1.1/designs/socv/rtl/rtl_lpw/cdn_busmatrix/busmatrix.v:1495 [compile index 262]
*** Warning: SIGNAL_NEVER_USED: Signal 'req_2_m12' is never used
    at line 1496 in /home/alexandru.madalin.vasilescu/dvt_predefined_projects_target/uvm_ref_flow_1.1/designs/socv/rtl/rtl_lpw/cdn_busmatrix/busmatrix.v:1496 [compile index 262]
*** Warning: SIGNAL_NEVER_USED: Signal 'req_2_m13' is never used
    at line 1497 in /home/alexandru.madalin.vasilescu/dvt_predefined_projects_target/uvm_ref_flow_1.1/designs/socv/rtl/rtl_lpw/cdn_busmatrix/busmatrix.v:1497 [compile index 262]
*** Warning: SIGNAL_NEVER_USED: Signal 'req_2_m14' is never used
    at line 1498 in /home/alexandru.madalin.vasilescu/dvt_predefined_projects_target/uvm_ref_flow_1.1/designs/socv/rtl/rtl_lpw/cdn_busmatrix/busmatrix.v:1498 [compile index 262]
*** Warning: SIGNAL_NEVER_USED: Signal 'req_2_m15' is never used
    at line 1499 in /home/alexandru.madalin.vasilescu/dvt_predefined_projects_target/uvm_ref_flow_1.1/designs/socv/rtl/rtl_lpw/cdn_busmatrix/busmatrix.v:1499 [compile index 262]
*** Warning: SIGNAL_NEVER_WRITTEN: Signal 'gnt_from_m9' is never written
    at line 1511 in /home/alexandru.madalin.vasilescu/dvt_predefined_projects_target/uvm_ref_flow_1.1/designs/socv/rtl/rtl_lpw/cdn_busmatrix/busmatrix.v:1511 [compile index 262]
*** Warning: SIGNAL_NEVER_WRITTEN: Signal 'gnt_from_m10' is never written
    at line 1512 in /home/alexandru.madalin.vasilescu/dvt_predefined_projects_target/uvm_ref_flow_1.1/designs/socv/rtl/rtl_lpw/cdn_busmatrix/busmatrix.v:1512 [compile index 262]
*** Warning: SIGNAL_NEVER_WRITTEN: Signal 'gnt_from_m11' is never written
    at line 1513 in /home/alexandru.madalin.vasilescu/dvt_predefined_projects_target/uvm_ref_flow_1.1/designs/socv/rtl/rtl_lpw/cdn_busmatrix/busmatrix.v:1513 [compile index 262]
*** Warning: SIGNAL_NEVER_WRITTEN: Signal 'gnt_from_m12' is never written
    at line 1514 in /home/alexandru.madalin.vasilescu/dvt_predefined_projects_target/uvm_ref_flow_1.1/designs/socv/rtl/rtl_lpw/cdn_busmatrix/busmatrix.v:1514 [compile index 262]
*** Warning: SIGNAL_NEVER_WRITTEN: Signal 'gnt_from_m13' is never written
    at line 1515 in /home/alexandru.madalin.vasilescu/dvt_predefined_projects_target/uvm_ref_flow_1.1/designs/socv/rtl/rtl_lpw/cdn_busmatrix/busmatrix.v:1515 [compile index 262]
*** Warning: SIGNAL_NEVER_WRITTEN: Signal 'gnt_from_m14' is never written
    at line 1516 in /home/alexandru.madalin.vasilescu/dvt_predefined_projects_target/uvm_ref_flow_1.1/designs/socv/rtl/rtl_lpw/cdn_busmatrix/busmatrix.v:1516 [compile index 262]
*** Warning: SIGNAL_NEVER_WRITTEN: Signal 'gnt_from_m15' is never written
    at line 1517 in /home/alexandru.madalin.vasilescu/dvt_predefined_projects_target/uvm_ref_flow_1.1/designs/socv/rtl/rtl_lpw/cdn_busmatrix/busmatrix.v:1517 [compile index 262]
*** Warning: SIGNAL_NEVER_WRITTEN: Signal 'req_from_s6' is never written
    at line 1532 in /home/alexandru.madalin.vasilescu/dvt_predefined_projects_target/uvm_ref_flow_1.1/designs/socv/rtl/rtl_lpw/cdn_busmatrix/busmatrix.v:1532 [compile index 262]
*** Warning: SIGNAL_NEVER_USED: Signal 'gnt_2_s6' is never used
    at line 1533 in /home/alexandru.madalin.vasilescu/dvt_predefined_projects_target/uvm_ref_flow_1.1/designs/socv/rtl/rtl_lpw/cdn_busmatrix/busmatrix.v:1533 [compile index 262]
*** Warning: SIGNAL_NEVER_WRITTEN: Signal 'req_from_s7' is never written
    at line 1534 in /home/alexandru.madalin.vasilescu/dvt_predefined_projects_target/uvm_ref_flow_1.1/designs/socv/rtl/rtl_lpw/cdn_busmatrix/busmatrix.v:1534 [compile index 262]
*** Warning: SIGNAL_NEVER_USED: Signal 'gnt_2_s7' is never used
    at line 1535 in /home/alexandru.madalin.vasilescu/dvt_predefined_projects_target/uvm_ref_flow_1.1/designs/socv/rtl/rtl_lpw/cdn_busmatrix/busmatrix.v:1535 [compile index 262]
*** Warning: SIGNAL_NEVER_WRITTEN: Signal 'req_from_s8' is never written
    at line 1536 in /home/alexandru.madalin.vasilescu/dvt_predefined_projects_target/uvm_ref_flow_1.1/designs/socv/rtl/rtl_lpw/cdn_busmatrix/busmatrix.v:1536 [compile index 262]
*** Warning: SIGNAL_NEVER_USED: Signal 'gnt_2_s8' is never used
    at line 1537 in /home/alexandru.madalin.vasilescu/dvt_predefined_projects_target/uvm_ref_flow_1.1/designs/socv/rtl/rtl_lpw/cdn_busmatrix/busmatrix.v:1537 [compile index 262]
*** Warning: SIGNAL_NEVER_WRITTEN: Signal 'req_from_s9' is never written
    at line 1538 in /home/alexandru.madalin.vasilescu/dvt_predefined_projects_target/uvm_ref_flow_1.1/designs/socv/rtl/rtl_lpw/cdn_busmatrix/busmatrix.v:1538 [compile index 262]
*** Warning: SIGNAL_NEVER_USED: Signal 'gnt_2_s9' is never used
    at line 1539 in /home/alexandru.madalin.vasilescu/dvt_predefined_projects_target/uvm_ref_flow_1.1/designs/socv/rtl/rtl_lpw/cdn_busmatrix/busmatrix.v:1539 [compile index 262]
*** Warning: SIGNAL_NEVER_WRITTEN: Signal 'req_from_s10' is never written
    at line 1540 in /home/alexandru.madalin.vasilescu/dvt_predefined_projects_target/uvm_ref_flow_1.1/designs/socv/rtl/rtl_lpw/cdn_busmatrix/busmatrix.v:1540 [compile index 262]
*** Warning: SIGNAL_NEVER_USED: Signal 'gnt_2_s10' is never used
    at line 1541 in /home/alexandru.madalin.vasilescu/dvt_predefined_projects_target/uvm_ref_flow_1.1/designs/socv/rtl/rtl_lpw/cdn_busmatrix/busmatrix.v:1541 [compile index 262]
*** Warning: SIGNAL_NEVER_WRITTEN: Signal 'req_from_s11' is never written
    at line 1542 in /home/alexandru.madalin.vasilescu/dvt_predefined_projects_target/uvm_ref_flow_1.1/designs/socv/rtl/rtl_lpw/cdn_busmatrix/busmatrix.v:1542 [compile index 262]
*** Warning: SIGNAL_NEVER_USED: Signal 'gnt_2_s11' is never used
    at line 1543 in /home/alexandru.madalin.vasilescu/dvt_predefined_projects_target/uvm_ref_flow_1.1/designs/socv/rtl/rtl_lpw/cdn_busmatrix/busmatrix.v:1543 [compile index 262]
*** Warning: SIGNAL_NEVER_WRITTEN: Signal 'req_from_s12' is never written
    at line 1544 in /home/alexandru.madalin.vasilescu/dvt_predefined_projects_target/uvm_ref_flow_1.1/designs/socv/rtl/rtl_lpw/cdn_busmatrix/busmatrix.v:1544 [compile index 262]
*** Warning: SIGNAL_NEVER_USED: Signal 'gnt_2_s12' is never used
    at line 1545 in /home/alexandru.madalin.vasilescu/dvt_predefined_projects_target/uvm_ref_flow_1.1/designs/socv/rtl/rtl_lpw/cdn_busmatrix/busmatrix.v:1545 [compile index 262]
*** Warning: SIGNAL_NEVER_WRITTEN: Signal 'req_from_s13' is never written
    at line 1546 in /home/alexandru.madalin.vasilescu/dvt_predefined_projects_target/uvm_ref_flow_1.1/designs/socv/rtl/rtl_lpw/cdn_busmatrix/busmatrix.v:1546 [compile index 262]
*** Warning: SIGNAL_NEVER_USED: Signal 'gnt_2_s13' is never used
    at line 1547 in /home/alexandru.madalin.vasilescu/dvt_predefined_projects_target/uvm_ref_flow_1.1/designs/socv/rtl/rtl_lpw/cdn_busmatrix/busmatrix.v:1547 [compile index 262]
*** Warning: SIGNAL_NEVER_WRITTEN: Signal 'req_from_s14' is never written
    at line 1548 in /home/alexandru.madalin.vasilescu/dvt_predefined_projects_target/uvm_ref_flow_1.1/designs/socv/rtl/rtl_lpw/cdn_busmatrix/busmatrix.v:1548 [compile index 262]
*** Warning: SIGNAL_NEVER_USED: Signal 'gnt_2_s14' is never used
    at line 1549 in /home/alexandru.madalin.vasilescu/dvt_predefined_projects_target/uvm_ref_flow_1.1/designs/socv/rtl/rtl_lpw/cdn_busmatrix/busmatrix.v:1549 [compile index 262]
*** Warning: SIGNAL_NEVER_WRITTEN: Signal 'req_from_s15' is never written
    at line 1550 in /home/alexandru.madalin.vasilescu/dvt_predefined_projects_target/uvm_ref_flow_1.1/designs/socv/rtl/rtl_lpw/cdn_busmatrix/busmatrix.v:1550 [compile index 262]
*** Warning: SIGNAL_NEVER_USED: Signal 'gnt_2_s15' is never used
    at line 1551 in /home/alexandru.madalin.vasilescu/dvt_predefined_projects_target/uvm_ref_flow_1.1/designs/socv/rtl/rtl_lpw/cdn_busmatrix/busmatrix.v:1551 [compile index 262]
*** Warning: PARAMETER_NEVER_USED: Parameter 'SLAVE0_START_ADDR' is never used
    at line 26 in /home/alexandru.madalin.vasilescu/dvt_predefined_projects_target/uvm_ref_flow_1.1/designs/socv/rtl/rtl_lpw/socv/rtl/bm_params.v:26 [compile index 264]
*** Warning: PARAMETER_NEVER_USED: Parameter 'SLAVE0_END_ADDR' is never used
    at line 27 in /home/alexandru.madalin.vasilescu/dvt_predefined_projects_target/uvm_ref_flow_1.1/designs/socv/rtl/rtl_lpw/socv/rtl/bm_params.v:27 [compile index 264]
*** Warning: PARAMETER_NEVER_USED: Parameter 'SLAVE1_START_ADDR' is never used
    at line 29 in /home/alexandru.madalin.vasilescu/dvt_predefined_projects_target/uvm_ref_flow_1.1/designs/socv/rtl/rtl_lpw/socv/rtl/bm_params.v:29 [compile index 264]
*** Warning: PARAMETER_NEVER_USED: Parameter 'SLAVE1_END_ADDR' is never used
    at line 30 in /home/alexandru.madalin.vasilescu/dvt_predefined_projects_target/uvm_ref_flow_1.1/designs/socv/rtl/rtl_lpw/socv/rtl/bm_params.v:30 [compile index 264]
*** Warning: PARAMETER_NEVER_USED: Parameter 'SLAVE2_START_ADDR' is never used
    at line 32 in /home/alexandru.madalin.vasilescu/dvt_predefined_projects_target/uvm_ref_flow_1.1/designs/socv/rtl/rtl_lpw/socv/rtl/bm_params.v:32 [compile index 264]
*** Warning: PARAMETER_NEVER_USED: Parameter 'SLAVE2_END_ADDR' is never used
    at line 33 in /home/alexandru.madalin.vasilescu/dvt_predefined_projects_target/uvm_ref_flow_1.1/designs/socv/rtl/rtl_lpw/socv/rtl/bm_params.v:33 [compile index 264]
*** Warning: PARAMETER_NEVER_USED: Parameter 'SLAVE3_START_ADDR' is never used
    at line 35 in /home/alexandru.madalin.vasilescu/dvt_predefined_projects_target/uvm_ref_flow_1.1/designs/socv/rtl/rtl_lpw/socv/rtl/bm_params.v:35 [compile index 264]
*** Warning: PARAMETER_NEVER_USED: Parameter 'SLAVE3_END_ADDR' is never used
    at line 36 in /home/alexandru.madalin.vasilescu/dvt_predefined_projects_target/uvm_ref_flow_1.1/designs/socv/rtl/rtl_lpw/socv/rtl/bm_params.v:36 [compile index 264]
*** Warning: PARAMETER_NEVER_USED: Parameter 'SLAVE4_START_ADDR' is never used
    at line 38 in /home/alexandru.madalin.vasilescu/dvt_predefined_projects_target/uvm_ref_flow_1.1/designs/socv/rtl/rtl_lpw/socv/rtl/bm_params.v:38 [compile index 264]
*** Warning: PARAMETER_NEVER_USED: Parameter 'SLAVE4_END_ADDR' is never used
    at line 39 in /home/alexandru.madalin.vasilescu/dvt_predefined_projects_target/uvm_ref_flow_1.1/designs/socv/rtl/rtl_lpw/socv/rtl/bm_params.v:39 [compile index 264]
*** Warning: PARAMETER_NEVER_USED: Parameter 'SLAVE5_START_ADDR' is never used
    at line 41 in /home/alexandru.madalin.vasilescu/dvt_predefined_projects_target/uvm_ref_flow_1.1/designs/socv/rtl/rtl_lpw/socv/rtl/bm_params.v:41 [compile index 264]
*** Warning: PARAMETER_NEVER_USED: Parameter 'SLAVE5_END_ADDR' is never used
    at line 42 in /home/alexandru.madalin.vasilescu/dvt_predefined_projects_target/uvm_ref_flow_1.1/designs/socv/rtl/rtl_lpw/socv/rtl/bm_params.v:42 [compile index 264]
*** Warning: PARAMETER_NEVER_USED: Parameter 'SLAVE6_START_ADDR' is never used
    at line 44 in /home/alexandru.madalin.vasilescu/dvt_predefined_projects_target/uvm_ref_flow_1.1/designs/socv/rtl/rtl_lpw/socv/rtl/bm_params.v:44 [compile index 264]
*** Warning: PARAMETER_NEVER_USED: Parameter 'SLAVE6_END_ADDR' is never used
    at line 45 in /home/alexandru.madalin.vasilescu/dvt_predefined_projects_target/uvm_ref_flow_1.1/designs/socv/rtl/rtl_lpw/socv/rtl/bm_params.v:45 [compile index 264]
*** Warning: PARAMETER_NEVER_USED: Parameter 'SLAVE7_START_ADDR' is never used
    at line 47 in /home/alexandru.madalin.vasilescu/dvt_predefined_projects_target/uvm_ref_flow_1.1/designs/socv/rtl/rtl_lpw/socv/rtl/bm_params.v:47 [compile index 264]
*** Warning: PARAMETER_NEVER_USED: Parameter 'SLAVE7_END_ADDR' is never used
    at line 48 in /home/alexandru.madalin.vasilescu/dvt_predefined_projects_target/uvm_ref_flow_1.1/designs/socv/rtl/rtl_lpw/socv/rtl/bm_params.v:48 [compile index 264]
*** Warning: PARAMETER_NEVER_USED: Parameter 'SLAVE8_START_ADDR' is never used
    at line 50 in /home/alexandru.madalin.vasilescu/dvt_predefined_projects_target/uvm_ref_flow_1.1/designs/socv/rtl/rtl_lpw/socv/rtl/bm_params.v:50 [compile index 264]
*** Warning: PARAMETER_NEVER_USED: Parameter 'SLAVE8_END_ADDR' is never used
    at line 51 in /home/alexandru.madalin.vasilescu/dvt_predefined_projects_target/uvm_ref_flow_1.1/designs/socv/rtl/rtl_lpw/socv/rtl/bm_params.v:51 [compile index 264]
*** Warning: PARAMETER_NEVER_USED: Parameter 'SLAVE9_START_ADDR' is never used
    at line 53 in /home/alexandru.madalin.vasilescu/dvt_predefined_projects_target/uvm_ref_flow_1.1/designs/socv/rtl/rtl_lpw/socv/rtl/bm_params.v:53 [compile index 264]
*** Warning: PARAMETER_NEVER_USED: Parameter 'SLAVE9_END_ADDR' is never used
    at line 54 in /home/alexandru.madalin.vasilescu/dvt_predefined_projects_target/uvm_ref_flow_1.1/designs/socv/rtl/rtl_lpw/socv/rtl/bm_params.v:54 [compile index 264]
*** Warning: PARAMETER_NEVER_USED: Parameter 'SLAVE10_START_ADDR' is never used
    at line 55 in /home/alexandru.madalin.vasilescu/dvt_predefined_projects_target/uvm_ref_flow_1.1/designs/socv/rtl/rtl_lpw/socv/rtl/bm_params.v:55 [compile index 264]
*** Warning: PARAMETER_NEVER_USED: Parameter 'SLAVE10_END_ADDR' is never used
    at line 56 in /home/alexandru.madalin.vasilescu/dvt_predefined_projects_target/uvm_ref_flow_1.1/designs/socv/rtl/rtl_lpw/socv/rtl/bm_params.v:56 [compile index 264]
*** Warning: PARAMETER_NEVER_USED: Parameter 'SLAVE11_START_ADDR' is never used
    at line 57 in /home/alexandru.madalin.vasilescu/dvt_predefined_projects_target/uvm_ref_flow_1.1/designs/socv/rtl/rtl_lpw/socv/rtl/bm_params.v:57 [compile index 264]
*** Warning: PARAMETER_NEVER_USED: Parameter 'SLAVE11_END_ADDR' is never used
    at line 58 in /home/alexandru.madalin.vasilescu/dvt_predefined_projects_target/uvm_ref_flow_1.1/designs/socv/rtl/rtl_lpw/socv/rtl/bm_params.v:58 [compile index 264]
*** Warning: PARAMETER_NEVER_USED: Parameter 'SLAVE12_START_ADDR' is never used
    at line 59 in /home/alexandru.madalin.vasilescu/dvt_predefined_projects_target/uvm_ref_flow_1.1/designs/socv/rtl/rtl_lpw/socv/rtl/bm_params.v:59 [compile index 264]
*** Warning: PARAMETER_NEVER_USED: Parameter 'SLAVE12_END_ADDR' is never used
    at line 60 in /home/alexandru.madalin.vasilescu/dvt_predefined_projects_target/uvm_ref_flow_1.1/designs/socv/rtl/rtl_lpw/socv/rtl/bm_params.v:60 [compile index 264]
*** Warning: PARAMETER_NEVER_USED: Parameter 'SLAVE13_START_ADDR' is never used
    at line 61 in /home/alexandru.madalin.vasilescu/dvt_predefined_projects_target/uvm_ref_flow_1.1/designs/socv/rtl/rtl_lpw/socv/rtl/bm_params.v:61 [compile index 264]
*** Warning: PARAMETER_NEVER_USED: Parameter 'SLAVE13_END_ADDR' is never used
    at line 62 in /home/alexandru.madalin.vasilescu/dvt_predefined_projects_target/uvm_ref_flow_1.1/designs/socv/rtl/rtl_lpw/socv/rtl/bm_params.v:62 [compile index 264]
*** Warning: PARAMETER_NEVER_USED: Parameter 'SLAVE14_START_ADDR' is never used
    at line 63 in /home/alexandru.madalin.vasilescu/dvt_predefined_projects_target/uvm_ref_flow_1.1/designs/socv/rtl/rtl_lpw/socv/rtl/bm_params.v:63 [compile index 264]
*** Warning: PARAMETER_NEVER_USED: Parameter 'SLAVE14_END_ADDR' is never used
    at line 64 in /home/alexandru.madalin.vasilescu/dvt_predefined_projects_target/uvm_ref_flow_1.1/designs/socv/rtl/rtl_lpw/socv/rtl/bm_params.v:64 [compile index 264]
*** Warning: PARAMETER_NEVER_USED: Parameter 'SLAVE15_START_ADDR' is never used
    at line 65 in /home/alexandru.madalin.vasilescu/dvt_predefined_projects_target/uvm_ref_flow_1.1/designs/socv/rtl/rtl_lpw/socv/rtl/bm_params.v:65 [compile index 264]
*** Warning: PARAMETER_NEVER_USED: Parameter 'SLAVE15_END_ADDR' is never used
    at line 66 in /home/alexandru.madalin.vasilescu/dvt_predefined_projects_target/uvm_ref_flow_1.1/designs/socv/rtl/rtl_lpw/socv/rtl/bm_params.v:66 [compile index 264]
*** Warning: FEEDTHROUGH_DETECTED: Feedthrough from 'hready_in_from_slave' to 'hready_out_from_slave'
    at line 115 in /home/alexandru.madalin.vasilescu/dvt_predefined_projects_target/uvm_ref_flow_1.1/designs/socv/rtl/rtl_lpw/cdn_busmatrix/master_if.v:115 [compile index 265]
*** Warning: FEEDTHROUGH_DETECTED: Feedthrough from 'hresp_in_from_slave' to 'hresp_from_slave'
    at line 116 in /home/alexandru.madalin.vasilescu/dvt_predefined_projects_target/uvm_ref_flow_1.1/designs/socv/rtl/rtl_lpw/cdn_busmatrix/master_if.v:116 [compile index 265]
*** Warning: OUTPUT_PORT_READ: Reading from output port 'gnt' is not recommended
    at line 119 in /home/alexandru.madalin.vasilescu/dvt_predefined_projects_target/uvm_ref_flow_1.1/designs/socv/rtl/rtl_lpw/cdn_busmatrix/master_if.v:119 [compile index 265]
*** Warning: OUTPUT_PORT_READ: Reading from output port 'm_hsel' is not recommended
    at line 131 in /home/alexandru.madalin.vasilescu/dvt_predefined_projects_target/uvm_ref_flow_1.1/designs/socv/rtl/rtl_lpw/cdn_busmatrix/master_if.v:131 [compile index 265]
*** Warning: OUTPUT_PORT_READ: Reading from output port 'gnt' is not recommended
    at line 432 in /home/alexandru.madalin.vasilescu/dvt_predefined_projects_target/uvm_ref_flow_1.1/designs/socv/rtl/rtl_lpw/cdn_busmatrix/master_if.v:432 [compile index 265]
*** Warning: OUTPUT_PORT_READ: Reading from output port 'gnt' is not recommended
    at line 433 in /home/alexandru.madalin.vasilescu/dvt_predefined_projects_target/uvm_ref_flow_1.1/designs/socv/rtl/rtl_lpw/cdn_busmatrix/master_if.v:433 [compile index 265]
*** Warning: SIGNAL_NEVER_READ: Signal 'hready_in' is never read
    at line 109 in /home/alexandru.madalin.vasilescu/dvt_predefined_projects_target/uvm_ref_flow_1.1/designs/socv/rtl/rtl_lpw/cdn_busmatrix/req_register.v:109 [compile index 268]
*** Warning: SIGNAL_NEVER_USED: Signal 'new_tran' is never used
    at line 111 in /home/alexandru.madalin.vasilescu/dvt_predefined_projects_target/uvm_ref_flow_1.1/designs/socv/rtl/rtl_lpw/cdn_busmatrix/req_register.v:111 [compile index 268]
*** Warning: OUTPUT_PORT_READ: Reading from output port 'hready' is not recommended
    at line 85 in /home/alexandru.madalin.vasilescu/dvt_predefined_projects_target/uvm_ref_flow_1.1/designs/socv/rtl/rtl_lpw/rom_subsystem/rtl/rom_response_gen.v:85 [compile index 273]
*** Warning: SIGNAL_NEVER_USED: Signal 'hwdata' is never used
    at line 36 in /home/alexandru.madalin.vasilescu/dvt_predefined_projects_target/uvm_ref_flow_1.1/designs/socv/rtl/rtl_lpw/rom_subsystem/rtl/rom_subsystem.v:36 [compile index 274]
*** Warning: SIGNAL_NEVER_USED: Signal 'hburst' is never used
    at line 38 in /home/alexandru.madalin.vasilescu/dvt_predefined_projects_target/uvm_ref_flow_1.1/designs/socv/rtl/rtl_lpw/rom_subsystem/rtl/rom_subsystem.v:38 [compile index 274]
*** Warning: SIGNAL_NEVER_USED: Signal 'hprot' is never used
    at line 39 in /home/alexandru.madalin.vasilescu/dvt_predefined_projects_target/uvm_ref_flow_1.1/designs/socv/rtl/rtl_lpw/rom_subsystem/rtl/rom_subsystem.v:39 [compile index 274]
*** Warning: SIGNAL_NEVER_USED: Signal 'hmaster' is never used
    at line 40 in /home/alexandru.madalin.vasilescu/dvt_predefined_projects_target/uvm_ref_flow_1.1/designs/socv/rtl/rtl_lpw/rom_subsystem/rtl/rom_subsystem.v:40 [compile index 274]
*** Warning: SIGNAL_NEVER_USED: Signal 'hmastlock' is never used
    at line 41 in /home/alexandru.madalin.vasilescu/dvt_predefined_projects_target/uvm_ref_flow_1.1/designs/socv/rtl/rtl_lpw/rom_subsystem/rtl/rom_subsystem.v:41 [compile index 274]
*** Warning: SIGNAL_NEVER_USED: Signal 'ME' is never used
    at line 27 in /home/alexandru.madalin.vasilescu/dvt_predefined_projects_target/uvm_ref_flow_1.1/designs/socv/rtl/rtl_lpw/mem_wrap/rtl/ROM_SP_512x32_wrap.v:27 [compile index 275]
*** Warning: SIGNAL_NEVER_USED: Signal 'reset_n' is never used
    at line 29 in /home/alexandru.madalin.vasilescu/dvt_predefined_projects_target/uvm_ref_flow_1.1/designs/socv/rtl/rtl_lpw/mem_wrap/rtl/ROM_SP_512x32_wrap.v:29 [compile index 275]
*** Warning: SIGNAL_NEVER_USED: Signal 'n_oe' is never used
    at line 33 in /home/alexandru.madalin.vasilescu/dvt_predefined_projects_target/uvm_ref_flow_1.1/designs/socv/rtl/rtl_lpw/misc/rtl/generic_sram.v:33 [compile index 276]
*** Warning: SIGNAL_NEVER_USED: Signal 'hburst' is never used
    at line 38 in /home/alexandru.madalin.vasilescu/dvt_predefined_projects_target/uvm_ref_flow_1.1/designs/socv/rtl/rtl_lpw/sram_subsystem/rtl/sram_subsystem.v:38 [compile index 277]
*** Warning: SIGNAL_NEVER_USED: Signal 'hprot' is never used
    at line 39 in /home/alexandru.madalin.vasilescu/dvt_predefined_projects_target/uvm_ref_flow_1.1/designs/socv/rtl/rtl_lpw/sram_subsystem/rtl/sram_subsystem.v:39 [compile index 277]
*** Warning: SIGNAL_NEVER_USED: Signal 'hmaster' is never used
    at line 40 in /home/alexandru.madalin.vasilescu/dvt_predefined_projects_target/uvm_ref_flow_1.1/designs/socv/rtl/rtl_lpw/sram_subsystem/rtl/sram_subsystem.v:40 [compile index 277]
*** Warning: SIGNAL_NEVER_USED: Signal 'hmastlock' is never used
    at line 41 in /home/alexandru.madalin.vasilescu/dvt_predefined_projects_target/uvm_ref_flow_1.1/designs/socv/rtl/rtl_lpw/sram_subsystem/rtl/sram_subsystem.v:41 [compile index 277]
*** Warning: SIGNAL_NEVER_USED: Signal 'scan_mode' is never used
    at line 42 in /home/alexandru.madalin.vasilescu/dvt_predefined_projects_target/uvm_ref_flow_1.1/designs/socv/rtl/rtl_lpw/sram_subsystem/rtl/sram_subsystem.v:42 [compile index 277]
*** Warning: SIGNAL_NEVER_USED: Signal 'hburst' is never used
    at line 38 in /home/alexandru.madalin.vasilescu/dvt_predefined_projects_target/uvm_ref_flow_1.1/designs/socv/rtl/rtl_lpw/sram_subsystem/rtl/insn_sram_subsystem.v:38 [compile index 278]
*** Warning: SIGNAL_NEVER_USED: Signal 'hprot' is never used
    at line 39 in /home/alexandru.madalin.vasilescu/dvt_predefined_projects_target/uvm_ref_flow_1.1/designs/socv/rtl/rtl_lpw/sram_subsystem/rtl/insn_sram_subsystem.v:39 [compile index 278]
*** Warning: SIGNAL_NEVER_USED: Signal 'hmaster' is never used
    at line 40 in /home/alexandru.madalin.vasilescu/dvt_predefined_projects_target/uvm_ref_flow_1.1/designs/socv/rtl/rtl_lpw/sram_subsystem/rtl/insn_sram_subsystem.v:40 [compile index 278]
*** Warning: SIGNAL_NEVER_USED: Signal 'hmastlock' is never used
    at line 41 in /home/alexandru.madalin.vasilescu/dvt_predefined_projects_target/uvm_ref_flow_1.1/designs/socv/rtl/rtl_lpw/sram_subsystem/rtl/insn_sram_subsystem.v:41 [compile index 278]
*** Warning: SIGNAL_NEVER_USED: Signal 'scan_mode' is never used
    at line 42 in /home/alexandru.madalin.vasilescu/dvt_predefined_projects_target/uvm_ref_flow_1.1/designs/socv/rtl/rtl_lpw/sram_subsystem/rtl/insn_sram_subsystem.v:42 [compile index 278]
*** Warning: SIGNAL_NEVER_USED: Signal 'cen_b0_raw' is never used
    at line 56 in /home/alexandru.madalin.vasilescu/dvt_predefined_projects_target/uvm_ref_flow_1.1/designs/socv/rtl/rtl_lpw/sram_subsystem/rtl/en_gen.v:56 [compile index 279]
*** Warning: SIGNAL_NEVER_USED: Signal 'cen_b1_raw' is never used
    at line 56 in /home/alexandru.madalin.vasilescu/dvt_predefined_projects_target/uvm_ref_flow_1.1/designs/socv/rtl/rtl_lpw/sram_subsystem/rtl/en_gen.v:56 [compile index 279]
*** Warning: SIGNAL_NEVER_USED: Signal 'cen_b2_raw' is never used
    at line 56 in /home/alexandru.madalin.vasilescu/dvt_predefined_projects_target/uvm_ref_flow_1.1/designs/socv/rtl/rtl_lpw/sram_subsystem/rtl/en_gen.v:56 [compile index 279]
*** Warning: SIGNAL_NEVER_USED: Signal 'cen_b3_raw' is never used
    at line 56 in /home/alexandru.madalin.vasilescu/dvt_predefined_projects_target/uvm_ref_flow_1.1/designs/socv/rtl/rtl_lpw/sram_subsystem/rtl/en_gen.v:56 [compile index 279]
*** Warning: OUTPUT_PORT_READ: Reading from output port 'SRAM_addr' is not recommended
    at line 74 in /home/alexandru.madalin.vasilescu/dvt_predefined_projects_target/uvm_ref_flow_1.1/designs/socv/rtl/rtl_lpw/sram_subsystem/rtl/en_gen.v:74 [compile index 279]
*** Warning: OUTPUT_PORT_READ: Reading from output port 'SRAM_addr' is not recommended
    at line 88 in /home/alexandru.madalin.vasilescu/dvt_predefined_projects_target/uvm_ref_flow_1.1/designs/socv/rtl/rtl_lpw/sram_subsystem/rtl/en_gen.v:88 [compile index 279]
*** Warning: SIGNAL_NEVER_USED: Signal 'n_cs' is never used
    at line 26 in /home/alexandru.madalin.vasilescu/dvt_predefined_projects_target/uvm_ref_flow_1.1/designs/socv/rtl/rtl_lpw/sram_subsystem/rtl/generic_sram_128k_wrapper.v:26 [compile index 281]
*** Warning: SIGNAL_NEVER_USED: Signal 'n_oe' is never used
    at line 28 in /home/alexandru.madalin.vasilescu/dvt_predefined_projects_target/uvm_ref_flow_1.1/designs/socv/rtl/rtl_lpw/sram_subsystem/rtl/generic_sram_128k_wrapper.v:28 [compile index 281]
*** Warning: SIGNAL_NEVER_USED: Signal 'n_cs' is never used
    at line 27 in /home/alexandru.madalin.vasilescu/dvt_predefined_projects_target/uvm_ref_flow_1.1/designs/socv/rtl/rtl_lpw/sram_subsystem/rtl/generic_sram_32k_wrapper.v:27 [compile index 282]
*** Warning: SIGNAL_NEVER_USED: Signal 'n_oe' is never used
    at line 29 in /home/alexandru.madalin.vasilescu/dvt_predefined_projects_target/uvm_ref_flow_1.1/designs/socv/rtl/rtl_lpw/sram_subsystem/rtl/generic_sram_32k_wrapper.v:29 [compile index 282]
*** Warning: SIGNAL_NEVER_USED: Signal 'hsize' is never used
    at line 32 in /home/alexandru.madalin.vasilescu/dvt_predefined_projects_target/uvm_ref_flow_1.1/designs/socv/rtl/rtl_lpw/apb_subsystem/rtl/apb_subsystem_0.v:32 [compile index 283]
*** Warning: SIGNAL_NEVER_USED: Signal 'hready_in' is never used
    at line 35 in /home/alexandru.madalin.vasilescu/dvt_predefined_projects_target/uvm_ref_flow_1.1/designs/socv/rtl/rtl_lpw/apb_subsystem/rtl/apb_subsystem_0.v:35 [compile index 283]
*** Warning: SIGNAL_NEVER_USED: Signal 'hburst' is never used
    at line 36 in /home/alexandru.madalin.vasilescu/dvt_predefined_projects_target/uvm_ref_flow_1.1/designs/socv/rtl/rtl_lpw/apb_subsystem/rtl/apb_subsystem_0.v:36 [compile index 283]
*** Warning: SIGNAL_NEVER_USED: Signal 'hprot' is never used
    at line 37 in /home/alexandru.madalin.vasilescu/dvt_predefined_projects_target/uvm_ref_flow_1.1/designs/socv/rtl/rtl_lpw/apb_subsystem/rtl/apb_subsystem_0.v:37 [compile index 283]
*** Warning: SIGNAL_NEVER_USED: Signal 'hmaster' is never used
    at line 38 in /home/alexandru.madalin.vasilescu/dvt_predefined_projects_target/uvm_ref_flow_1.1/designs/socv/rtl/rtl_lpw/apb_subsystem/rtl/apb_subsystem_0.v:38 [compile index 283]
*** Warning: SIGNAL_NEVER_USED: Signal 'hmastlock' is never used
    at line 39 in /home/alexandru.madalin.vasilescu/dvt_predefined_projects_target/uvm_ref_flow_1.1/designs/socv/rtl/rtl_lpw/apb_subsystem/rtl/apb_subsystem_0.v:39 [compile index 283]
*** Warning: SIGNAL_NEVER_USED: Signal 'n_ss_in' is never used
    at line 49 in /home/alexandru.madalin.vasilescu/dvt_predefined_projects_target/uvm_ref_flow_1.1/designs/socv/rtl/rtl_lpw/apb_subsystem/rtl/apb_subsystem_0.v:49 [compile index 283]
*** Warning: SIGNAL_NEVER_USED: Signal 'si' is never used
    at line 51 in /home/alexandru.madalin.vasilescu/dvt_predefined_projects_target/uvm_ref_flow_1.1/designs/socv/rtl/rtl_lpw/apb_subsystem/rtl/apb_subsystem_0.v:51 [compile index 283]
*** Warning: SIGNAL_NEVER_USED: Signal 'sclk_in' is never used
    at line 52 in /home/alexandru.madalin.vasilescu/dvt_predefined_projects_target/uvm_ref_flow_1.1/designs/socv/rtl/rtl_lpw/apb_subsystem/rtl/apb_subsystem_0.v:52 [compile index 283]
*** Warning: SIGNAL_NEVER_USED: Signal 'so' is never used
    at line 53 in /home/alexandru.madalin.vasilescu/dvt_predefined_projects_target/uvm_ref_flow_1.1/designs/socv/rtl/rtl_lpw/apb_subsystem/rtl/apb_subsystem_0.v:53 [compile index 283]
*** Warning: SIGNAL_NEVER_USED: Signal 'smc_n_hclk' is never used
    at line 82 in /home/alexandru.madalin.vasilescu/dvt_predefined_projects_target/uvm_ref_flow_1.1/designs/socv/rtl/rtl_lpw/apb_subsystem/rtl/apb_subsystem_0.v:82 [compile index 283]
*** Warning: SIGNAL_NEVER_USED: Signal 'smc_hburst' is never used
    at line 90 in /home/alexandru.madalin.vasilescu/dvt_predefined_projects_target/uvm_ref_flow_1.1/designs/socv/rtl/rtl_lpw/apb_subsystem/rtl/apb_subsystem_0.v:90 [compile index 283]
*** Warning: SIGNAL_NEVER_USED: Signal 'smc_hprot' is never used
    at line 91 in /home/alexandru.madalin.vasilescu/dvt_predefined_projects_target/uvm_ref_flow_1.1/designs/socv/rtl/rtl_lpw/apb_subsystem/rtl/apb_subsystem_0.v:91 [compile index 283]
*** Warning: SIGNAL_NEVER_USED: Signal 'smc_hmaster' is never used
    at line 92 in /home/alexandru.madalin.vasilescu/dvt_predefined_projects_target/uvm_ref_flow_1.1/designs/socv/rtl/rtl_lpw/apb_subsystem/rtl/apb_subsystem_0.v:92 [compile index 283]
*** Warning: SIGNAL_NEVER_USED: Signal 'smc_hmastlock' is never used
    at line 93 in /home/alexandru.madalin.vasilescu/dvt_predefined_projects_target/uvm_ref_flow_1.1/designs/socv/rtl/rtl_lpw/apb_subsystem/rtl/apb_subsystem_0.v:93 [compile index 283]
*** Warning: SIGNAL_NEVER_USED: Signal 'scan_in_1' is never used
    at line 143 in /home/alexandru.madalin.vasilescu/dvt_predefined_projects_target/uvm_ref_flow_1.1/designs/socv/rtl/rtl_lpw/apb_subsystem/rtl/apb_subsystem_0.v:143 [compile index 283]
*** Warning: SIGNAL_NEVER_USED: Signal 'scan_in_2' is never used
    at line 144 in /home/alexandru.madalin.vasilescu/dvt_predefined_projects_target/uvm_ref_flow_1.1/designs/socv/rtl/rtl_lpw/apb_subsystem/rtl/apb_subsystem_0.v:144 [compile index 283]
*** Warning: SIGNAL_NEVER_USED: Signal 'scan_out_1' is never used
    at line 146 in /home/alexandru.madalin.vasilescu/dvt_predefined_projects_target/uvm_ref_flow_1.1/designs/socv/rtl/rtl_lpw/apb_subsystem/rtl/apb_subsystem_0.v:146 [compile index 283]
*** Warning: SIGNAL_NEVER_USED: Signal 'scan_out_2' is never used
    at line 147 in /home/alexandru.madalin.vasilescu/dvt_predefined_projects_target/uvm_ref_flow_1.1/designs/socv/rtl/rtl_lpw/apb_subsystem/rtl/apb_subsystem_0.v:147 [compile index 283]
*** Warning: SIGNAL_NEVER_USED: Signal 'psel07' is never used
    at line 307 in /home/alexandru.madalin.vasilescu/dvt_predefined_projects_target/uvm_ref_flow_1.1/designs/socv/rtl/rtl_lpw/apb_subsystem/rtl/apb_subsystem_0.v:307 [compile index 283]
*** Warning: SIGNAL_NEVER_USED: Signal 'psel08' is never used
    at line 308 in /home/alexandru.madalin.vasilescu/dvt_predefined_projects_target/uvm_ref_flow_1.1/designs/socv/rtl/rtl_lpw/apb_subsystem/rtl/apb_subsystem_0.v:308 [compile index 283]
*** Warning: SIGNAL_NEVER_USED: Signal 'psel09' is never used
    at line 309 in /home/alexandru.madalin.vasilescu/dvt_predefined_projects_target/uvm_ref_flow_1.1/designs/socv/rtl/rtl_lpw/apb_subsystem/rtl/apb_subsystem_0.v:309 [compile index 283]
*** Warning: SIGNAL_NEVER_USED: Signal 'psel10' is never used
    at line 310 in /home/alexandru.madalin.vasilescu/dvt_predefined_projects_target/uvm_ref_flow_1.1/designs/socv/rtl/rtl_lpw/apb_subsystem/rtl/apb_subsystem_0.v:310 [compile index 283]
*** Warning: SIGNAL_NEVER_USED: Signal 'psel11' is never used
    at line 311 in /home/alexandru.madalin.vasilescu/dvt_predefined_projects_target/uvm_ref_flow_1.1/designs/socv/rtl/rtl_lpw/apb_subsystem/rtl/apb_subsystem_0.v:311 [compile index 283]
*** Warning: SIGNAL_NEVER_USED: Signal 'psel12' is never used
    at line 312 in /home/alexandru.madalin.vasilescu/dvt_predefined_projects_target/uvm_ref_flow_1.1/designs/socv/rtl/rtl_lpw/apb_subsystem/rtl/apb_subsystem_0.v:312 [compile index 283]
*** Warning: SIGNAL_NEVER_READ: Signal 'smc_valid' is never read (connected to sub-instance output port)
    at line 318 in /home/alexandru.madalin.vasilescu/dvt_predefined_projects_target/uvm_ref_flow_1.1/designs/socv/rtl/rtl_lpw/apb_subsystem/rtl/apb_subsystem_0.v:318 [compile index 283]
*** Warning: SIGNAL_NEVER_READ: Signal 'smc_busy' is never read (connected to sub-instance output port)
    at line 330 in /home/alexandru.madalin.vasilescu/dvt_predefined_projects_target/uvm_ref_flow_1.1/designs/socv/rtl/rtl_lpw/apb_subsystem/rtl/apb_subsystem_0.v:330 [compile index 283]
*** Warning: SIGNAL_NEVER_READ: Signal 'byte_sel' is never read
    at line 340 in /home/alexandru.madalin.vasilescu/dvt_predefined_projects_target/uvm_ref_flow_1.1/designs/socv/rtl/rtl_lpw/apb_subsystem/rtl/apb_subsystem_0.v:340 [compile index 283]
*** Warning: SIGNAL_NEVER_USED: Signal 'ua_uclken' is never used
    at line 342 in /home/alexandru.madalin.vasilescu/dvt_predefined_projects_target/uvm_ref_flow_1.1/designs/socv/rtl/rtl_lpw/apb_subsystem/rtl/apb_subsystem_0.v:342 [compile index 283]
*** Warning: SIGNAL_NEVER_USED: Signal 'ua_uclken1' is never used
    at line 344 in /home/alexandru.madalin.vasilescu/dvt_predefined_projects_target/uvm_ref_flow_1.1/designs/socv/rtl/rtl_lpw/apb_subsystem/rtl/apb_subsystem_0.v:344 [compile index 283]
*** Warning: SIGNAL_NEVER_READ: Signal 'ext_clk' is never read
    at line 347 in /home/alexandru.madalin.vasilescu/dvt_predefined_projects_target/uvm_ref_flow_1.1/designs/socv/rtl/rtl_lpw/apb_subsystem/rtl/apb_subsystem_0.v:347 [compile index 283]
*** Warning: SIGNAL_NEVER_USED: Signal 'slave_out_clk' is never used
    at line 350 in /home/alexandru.madalin.vasilescu/dvt_predefined_projects_target/uvm_ref_flow_1.1/designs/socv/rtl/rtl_lpw/apb_subsystem/rtl/apb_subsystem_0.v:350 [compile index 283]
*** Warning: SIGNAL_NEVER_READ: Signal 'n_gpio_bypass_oe' is never read
    at line 352 in /home/alexandru.madalin.vasilescu/dvt_predefined_projects_target/uvm_ref_flow_1.1/designs/socv/rtl/rtl_lpw/apb_subsystem/rtl/apb_subsystem_0.v:352 [compile index 283]
*** Warning: SIGNAL_NEVER_READ: Signal 'gpio_bypass_out' is never read
    at line 353 in /home/alexandru.madalin.vasilescu/dvt_predefined_projects_target/uvm_ref_flow_1.1/designs/socv/rtl/rtl_lpw/apb_subsystem/rtl/apb_subsystem_0.v:353 [compile index 283]
*** Warning: SIGNAL_NEVER_USED: Signal 'gpio_bypass_in' is never used
    at line 359 in /home/alexandru.madalin.vasilescu/dvt_predefined_projects_target/uvm_ref_flow_1.1/designs/socv/rtl/rtl_lpw/apb_subsystem/rtl/apb_subsystem_0.v:359 [compile index 283]
*** Warning: SIGNAL_NEVER_READ: Signal 'cpu_debug' is never read
    at line 361 in /home/alexandru.madalin.vasilescu/dvt_predefined_projects_target/uvm_ref_flow_1.1/designs/socv/rtl/rtl_lpw/apb_subsystem/rtl/apb_subsystem_0.v:361 [compile index 283]
*** Warning: SIGNAL_NEVER_USED: Signal 'ex_wdz_n' is never used
    at line 362 in /home/alexandru.madalin.vasilescu/dvt_predefined_projects_target/uvm_ref_flow_1.1/designs/socv/rtl/rtl_lpw/apb_subsystem/rtl/apb_subsystem_0.v:362 [compile index 283]
*** Warning: SIGNAL_NEVER_READ: Signal 'rstn_non_srpg_urt' is never read (connected to sub-instance output port)
    at line 364 in /home/alexandru.madalin.vasilescu/dvt_predefined_projects_target/uvm_ref_flow_1.1/designs/socv/rtl/rtl_lpw/apb_subsystem/rtl/apb_subsystem_0.v:364 [compile index 283]
*** Warning: SIGNAL_NEVER_READ: Signal 'isolate_smc' is never read (connected to sub-instance output port)
    at line 365 in /home/alexandru.madalin.vasilescu/dvt_predefined_projects_target/uvm_ref_flow_1.1/designs/socv/rtl/rtl_lpw/apb_subsystem/rtl/apb_subsystem_0.v:365 [compile index 283]
*** Warning: SIGNAL_NEVER_READ: Signal 'save_edge_smc' is never read (connected to sub-instance output port)
    at line 366 in /home/alexandru.madalin.vasilescu/dvt_predefined_projects_target/uvm_ref_flow_1.1/designs/socv/rtl/rtl_lpw/apb_subsystem/rtl/apb_subsystem_0.v:366 [compile index 283]
*** Warning: SIGNAL_NEVER_READ: Signal 'restore_edge_smc' is never read (connected to sub-instance output port)
    at line 367 in /home/alexandru.madalin.vasilescu/dvt_predefined_projects_target/uvm_ref_flow_1.1/designs/socv/rtl/rtl_lpw/apb_subsystem/rtl/apb_subsystem_0.v:367 [compile index 283]
*** Warning: SIGNAL_NEVER_READ: Signal 'save_edge_urt' is never read (connected to sub-instance output port)
    at line 368 in /home/alexandru.madalin.vasilescu/dvt_predefined_projects_target/uvm_ref_flow_1.1/designs/socv/rtl/rtl_lpw/apb_subsystem/rtl/apb_subsystem_0.v:368 [compile index 283]
*** Warning: SIGNAL_NEVER_READ: Signal 'restore_edge_urt' is never read (connected to sub-instance output port)
    at line 369 in /home/alexandru.madalin.vasilescu/dvt_predefined_projects_target/uvm_ref_flow_1.1/designs/socv/rtl/rtl_lpw/apb_subsystem/rtl/apb_subsystem_0.v:369 [compile index 283]
*** Warning: SIGNAL_NEVER_READ: Signal 'pwr1_on_smc' is never read (connected to sub-instance output port)
    at line 370 in /home/alexandru.madalin.vasilescu/dvt_predefined_projects_target/uvm_ref_flow_1.1/designs/socv/rtl/rtl_lpw/apb_subsystem/rtl/apb_subsystem_0.v:370 [compile index 283]
*** Warning: SIGNAL_NEVER_READ: Signal 'pwr2_on_smc' is never read (connected to sub-instance output port)
    at line 371 in /home/alexandru.madalin.vasilescu/dvt_predefined_projects_target/uvm_ref_flow_1.1/designs/socv/rtl/rtl_lpw/apb_subsystem/rtl/apb_subsystem_0.v:371 [compile index 283]
*** Warning: SIGNAL_NEVER_READ: Signal 'pwr1_on_urt' is never read (connected to sub-instance output port)
    at line 372 in /home/alexandru.madalin.vasilescu/dvt_predefined_projects_target/uvm_ref_flow_1.1/designs/socv/rtl/rtl_lpw/apb_subsystem/rtl/apb_subsystem_0.v:372 [compile index 283]
*** Warning: SIGNAL_NEVER_READ: Signal 'pwr2_on_urt' is never read (connected to sub-instance output port)
    at line 373 in /home/alexandru.madalin.vasilescu/dvt_predefined_projects_target/uvm_ref_flow_1.1/designs/socv/rtl/rtl_lpw/apb_subsystem/rtl/apb_subsystem_0.v:373 [compile index 283]
*** Warning: SIGNAL_NEVER_READ: Signal 'rstn_non_srpg_macb0' is never read (connected to sub-instance output port)
    at line 375 in /home/alexandru.madalin.vasilescu/dvt_predefined_projects_target/uvm_ref_flow_1.1/designs/socv/rtl/rtl_lpw/apb_subsystem/rtl/apb_subsystem_0.v:375 [compile index 283]
*** Warning: SIGNAL_NEVER_READ: Signal 'isolate_macb0' is never read (connected to sub-instance output port)
    at line 377 in /home/alexandru.madalin.vasilescu/dvt_predefined_projects_target/uvm_ref_flow_1.1/designs/socv/rtl/rtl_lpw/apb_subsystem/rtl/apb_subsystem_0.v:377 [compile index 283]
*** Warning: SIGNAL_NEVER_READ: Signal 'save_edge_macb0' is never read (connected to sub-instance output port)
    at line 378 in /home/alexandru.madalin.vasilescu/dvt_predefined_projects_target/uvm_ref_flow_1.1/designs/socv/rtl/rtl_lpw/apb_subsystem/rtl/apb_subsystem_0.v:378 [compile index 283]
*** Warning: SIGNAL_NEVER_READ: Signal 'restore_edge_macb0' is never read (connected to sub-instance output port)
    at line 379 in /home/alexandru.madalin.vasilescu/dvt_predefined_projects_target/uvm_ref_flow_1.1/designs/socv/rtl/rtl_lpw/apb_subsystem/rtl/apb_subsystem_0.v:379 [compile index 283]
*** Warning: SIGNAL_NEVER_READ: Signal 'pwr1_on_macb0' is never read (connected to sub-instance output port)
    at line 380 in /home/alexandru.madalin.vasilescu/dvt_predefined_projects_target/uvm_ref_flow_1.1/designs/socv/rtl/rtl_lpw/apb_subsystem/rtl/apb_subsystem_0.v:380 [compile index 283]
*** Warning: SIGNAL_NEVER_READ: Signal 'pwr2_on_macb0' is never read (connected to sub-instance output port)
    at line 381 in /home/alexandru.madalin.vasilescu/dvt_predefined_projects_target/uvm_ref_flow_1.1/designs/socv/rtl/rtl_lpw/apb_subsystem/rtl/apb_subsystem_0.v:381 [compile index 283]
*** Warning: SIGNAL_NEVER_READ: Signal 'rstn_non_srpg_macb1' is never read (connected to sub-instance output port)
    at line 383 in /home/alexandru.madalin.vasilescu/dvt_predefined_projects_target/uvm_ref_flow_1.1/designs/socv/rtl/rtl_lpw/apb_subsystem/rtl/apb_subsystem_0.v:383 [compile index 283]
*** Warning: SIGNAL_NEVER_READ: Signal 'isolate_macb1' is never read (connected to sub-instance output port)
    at line 385 in /home/alexandru.madalin.vasilescu/dvt_predefined_projects_target/uvm_ref_flow_1.1/designs/socv/rtl/rtl_lpw/apb_subsystem/rtl/apb_subsystem_0.v:385 [compile index 283]
*** Warning: SIGNAL_NEVER_READ: Signal 'save_edge_macb1' is never read (connected to sub-instance output port)
    at line 386 in /home/alexandru.madalin.vasilescu/dvt_predefined_projects_target/uvm_ref_flow_1.1/designs/socv/rtl/rtl_lpw/apb_subsystem/rtl/apb_subsystem_0.v:386 [compile index 283]
*** Warning: SIGNAL_NEVER_READ: Signal 'restore_edge_macb1' is never read (connected to sub-instance output port)
    at line 387 in /home/alexandru.madalin.vasilescu/dvt_predefined_projects_target/uvm_ref_flow_1.1/designs/socv/rtl/rtl_lpw/apb_subsystem/rtl/apb_subsystem_0.v:387 [compile index 283]
*** Warning: SIGNAL_NEVER_READ: Signal 'pwr1_on_macb1' is never read (connected to sub-instance output port)
    at line 388 in /home/alexandru.madalin.vasilescu/dvt_predefined_projects_target/uvm_ref_flow_1.1/designs/socv/rtl/rtl_lpw/apb_subsystem/rtl/apb_subsystem_0.v:388 [compile index 283]
*** Warning: SIGNAL_NEVER_READ: Signal 'pwr2_on_macb1' is never read (connected to sub-instance output port)
    at line 389 in /home/alexandru.madalin.vasilescu/dvt_predefined_projects_target/uvm_ref_flow_1.1/designs/socv/rtl/rtl_lpw/apb_subsystem/rtl/apb_subsystem_0.v:389 [compile index 283]
*** Warning: SIGNAL_NEVER_READ: Signal 'rstn_non_srpg_macb2' is never read (connected to sub-instance output port)
    at line 391 in /home/alexandru.madalin.vasilescu/dvt_predefined_projects_target/uvm_ref_flow_1.1/designs/socv/rtl/rtl_lpw/apb_subsystem/rtl/apb_subsystem_0.v:391 [compile index 283]
*** Warning: SIGNAL_NEVER_READ: Signal 'isolate_macb2' is never read (connected to sub-instance output port)
    at line 393 in /home/alexandru.madalin.vasilescu/dvt_predefined_projects_target/uvm_ref_flow_1.1/designs/socv/rtl/rtl_lpw/apb_subsystem/rtl/apb_subsystem_0.v:393 [compile index 283]
*** Warning: SIGNAL_NEVER_READ: Signal 'save_edge_macb2' is never read (connected to sub-instance output port)
    at line 394 in /home/alexandru.madalin.vasilescu/dvt_predefined_projects_target/uvm_ref_flow_1.1/designs/socv/rtl/rtl_lpw/apb_subsystem/rtl/apb_subsystem_0.v:394 [compile index 283]
*** Warning: SIGNAL_NEVER_READ: Signal 'restore_edge_macb2' is never read (connected to sub-instance output port)
    at line 395 in /home/alexandru.madalin.vasilescu/dvt_predefined_projects_target/uvm_ref_flow_1.1/designs/socv/rtl/rtl_lpw/apb_subsystem/rtl/apb_subsystem_0.v:395 [compile index 283]
*** Warning: SIGNAL_NEVER_READ: Signal 'pwr1_on_macb2' is never read (connected to sub-instance output port)
    at line 396 in /home/alexandru.madalin.vasilescu/dvt_predefined_projects_target/uvm_ref_flow_1.1/designs/socv/rtl/rtl_lpw/apb_subsystem/rtl/apb_subsystem_0.v:396 [compile index 283]
*** Warning: SIGNAL_NEVER_READ: Signal 'pwr2_on_macb2' is never read (connected to sub-instance output port)
    at line 397 in /home/alexandru.madalin.vasilescu/dvt_predefined_projects_target/uvm_ref_flow_1.1/designs/socv/rtl/rtl_lpw/apb_subsystem/rtl/apb_subsystem_0.v:397 [compile index 283]
*** Warning: SIGNAL_NEVER_READ: Signal 'rstn_non_srpg_macb3' is never read (connected to sub-instance output port)
    at line 399 in /home/alexandru.madalin.vasilescu/dvt_predefined_projects_target/uvm_ref_flow_1.1/designs/socv/rtl/rtl_lpw/apb_subsystem/rtl/apb_subsystem_0.v:399 [compile index 283]
*** Warning: SIGNAL_NEVER_READ: Signal 'isolate_macb3' is never read (connected to sub-instance output port)
    at line 401 in /home/alexandru.madalin.vasilescu/dvt_predefined_projects_target/uvm_ref_flow_1.1/designs/socv/rtl/rtl_lpw/apb_subsystem/rtl/apb_subsystem_0.v:401 [compile index 283]
*** Warning: SIGNAL_NEVER_READ: Signal 'save_edge_macb3' is never read (connected to sub-instance output port)
    at line 402 in /home/alexandru.madalin.vasilescu/dvt_predefined_projects_target/uvm_ref_flow_1.1/designs/socv/rtl/rtl_lpw/apb_subsystem/rtl/apb_subsystem_0.v:402 [compile index 283]
*** Warning: SIGNAL_NEVER_READ: Signal 'restore_edge_macb3' is never read (connected to sub-instance output port)
    at line 403 in /home/alexandru.madalin.vasilescu/dvt_predefined_projects_target/uvm_ref_flow_1.1/designs/socv/rtl/rtl_lpw/apb_subsystem/rtl/apb_subsystem_0.v:403 [compile index 283]
*** Warning: SIGNAL_NEVER_READ: Signal 'pwr1_on_macb3' is never read (connected to sub-instance output port)
    at line 404 in /home/alexandru.madalin.vasilescu/dvt_predefined_projects_target/uvm_ref_flow_1.1/designs/socv/rtl/rtl_lpw/apb_subsystem/rtl/apb_subsystem_0.v:404 [compile index 283]
*** Warning: SIGNAL_NEVER_READ: Signal 'pwr2_on_macb3' is never read (connected to sub-instance output port)
    at line 405 in /home/alexandru.madalin.vasilescu/dvt_predefined_projects_target/uvm_ref_flow_1.1/designs/socv/rtl/rtl_lpw/apb_subsystem/rtl/apb_subsystem_0.v:405 [compile index 283]
*** Warning: SIGNAL_NEVER_READ: Signal 'pclk_SRPG_urt' is never read
    at line 409 in /home/alexandru.madalin.vasilescu/dvt_predefined_projects_target/uvm_ref_flow_1.1/designs/socv/rtl/rtl_lpw/apb_subsystem/rtl/apb_subsystem_0.v:409 [compile index 283]
*** Warning: SIGNAL_NEVER_READ: Signal 'tie_lo_32bit' is never read
    at line 412 in /home/alexandru.madalin.vasilescu/dvt_predefined_projects_target/uvm_ref_flow_1.1/designs/socv/rtl/rtl_lpw/apb_subsystem/rtl/apb_subsystem_0.v:412 [compile index 283]
*** Warning: SIGNAL_NEVER_READ: Signal 'tie_lo_2bit' is never read
    at line 413 in /home/alexandru.madalin.vasilescu/dvt_predefined_projects_target/uvm_ref_flow_1.1/designs/socv/rtl/rtl_lpw/apb_subsystem/rtl/apb_subsystem_0.v:413 [compile index 283]
*** Warning: SIGNAL_NEVER_READ: Signal 'tie_lo_1bit' is never read
    at line 414 in /home/alexandru.madalin.vasilescu/dvt_predefined_projects_target/uvm_ref_flow_1.1/designs/socv/rtl/rtl_lpw/apb_subsystem/rtl/apb_subsystem_0.v:414 [compile index 283]
*** Warning: SIGNAL_NEVER_READ: Signal 'psel_apic' is never read (connected to sub-instance output port)
    at line 529 in /home/alexandru.madalin.vasilescu/dvt_predefined_projects_target/uvm_ref_flow_1.1/designs/socv/rtl/rtl_lpw/apb_subsystem/rtl/apb_subsystem_0.v:529 [compile index 283]
*** Warning: SIGNAL_NEVER_READ: Signal 'isolate_urt' is never read (connected to sub-instance output port)
    at line 783 in /home/alexandru.madalin.vasilescu/dvt_predefined_projects_target/uvm_ref_flow_1.1/designs/socv/rtl/rtl_lpw/apb_subsystem/rtl/apb_subsystem_0.v:783 [compile index 283]
*** Warning: SIGNAL_NEVER_USED: Signal 'hsize' is never used
    at line 32 in /home/alexandru.madalin.vasilescu/dvt_predefined_projects_target/uvm_ref_flow_1.1/designs/socv/rtl/rtl_lpw/apb_subsystem/rtl/apb_subsystem_1.v:32 [compile index 284]
*** Warning: SIGNAL_NEVER_USED: Signal 'hready_in' is never used
    at line 35 in /home/alexandru.madalin.vasilescu/dvt_predefined_projects_target/uvm_ref_flow_1.1/designs/socv/rtl/rtl_lpw/apb_subsystem/rtl/apb_subsystem_1.v:35 [compile index 284]
*** Warning: SIGNAL_NEVER_USED: Signal 'hburst' is never used
    at line 36 in /home/alexandru.madalin.vasilescu/dvt_predefined_projects_target/uvm_ref_flow_1.1/designs/socv/rtl/rtl_lpw/apb_subsystem/rtl/apb_subsystem_1.v:36 [compile index 284]
*** Warning: SIGNAL_NEVER_USED: Signal 'hprot' is never used
    at line 37 in /home/alexandru.madalin.vasilescu/dvt_predefined_projects_target/uvm_ref_flow_1.1/designs/socv/rtl/rtl_lpw/apb_subsystem/rtl/apb_subsystem_1.v:37 [compile index 284]
*** Warning: SIGNAL_NEVER_USED: Signal 'hmaster' is never used
    at line 38 in /home/alexandru.madalin.vasilescu/dvt_predefined_projects_target/uvm_ref_flow_1.1/designs/socv/rtl/rtl_lpw/apb_subsystem/rtl/apb_subsystem_1.v:38 [compile index 284]
*** Warning: SIGNAL_NEVER_USED: Signal 'hmastlock' is never used
    at line 39 in /home/alexandru.madalin.vasilescu/dvt_predefined_projects_target/uvm_ref_flow_1.1/designs/socv/rtl/rtl_lpw/apb_subsystem/rtl/apb_subsystem_1.v:39 [compile index 284]
*** Warning: SIGNAL_NEVER_USED: Signal 'scan_in' is never used
    at line 42 in /home/alexandru.madalin.vasilescu/dvt_predefined_projects_target/uvm_ref_flow_1.1/designs/socv/rtl/rtl_lpw/apb_subsystem/rtl/gpio_veneer.v:42 [compile index 286]
*** Warning: SIGNAL_NEVER_USED: Signal 'scan_out' is never used
    at line 46 in /home/alexandru.madalin.vasilescu/dvt_predefined_projects_target/uvm_ref_flow_1.1/designs/socv/rtl/rtl_lpw/apb_subsystem/rtl/gpio_veneer.v:46 [compile index 286]
*** Warning: SIGNAL_NEVER_USED: Signal 'scan_in' is never used
    at line 34 in /home/alexandru.madalin.vasilescu/dvt_predefined_projects_target/uvm_ref_flow_1.1/designs/socv/rtl/rtl_lpw/apb_subsystem/rtl/ttc_veneer.v:34 [compile index 287]
*** Warning: SIGNAL_NEVER_USED: Signal 'scan_out' is never used
    at line 40 in /home/alexandru.madalin.vasilescu/dvt_predefined_projects_target/uvm_ref_flow_1.1/designs/socv/rtl/rtl_lpw/apb_subsystem/rtl/ttc_veneer.v:40 [compile index 287]
*** Warning: SIGNAL_NEVER_USED: Signal 'scan_in_1' is never used
    at line 51 in /home/alexandru.madalin.vasilescu/dvt_predefined_projects_target/uvm_ref_flow_1.1/designs/socv/rtl/rtl_lpw/apb_subsystem/rtl/smc_veneer.v:51 [compile index 288]
*** Warning: SIGNAL_NEVER_USED: Signal 'scan_in_2' is never used
    at line 52 in /home/alexandru.madalin.vasilescu/dvt_predefined_projects_target/uvm_ref_flow_1.1/designs/socv/rtl/rtl_lpw/apb_subsystem/rtl/smc_veneer.v:52 [compile index 288]
*** Warning: SIGNAL_NEVER_USED: Signal 'scan_in_3' is never used
    at line 53 in /home/alexandru.madalin.vasilescu/dvt_predefined_projects_target/uvm_ref_flow_1.1/designs/socv/rtl/rtl_lpw/apb_subsystem/rtl/smc_veneer.v:53 [compile index 288]
*** Warning: SIGNAL_NEVER_USED: Signal 'scan_out_1' is never used
    at line 77 in /home/alexandru.madalin.vasilescu/dvt_predefined_projects_target/uvm_ref_flow_1.1/designs/socv/rtl/rtl_lpw/apb_subsystem/rtl/smc_veneer.v:77 [compile index 288]
*** Warning: SIGNAL_NEVER_USED: Signal 'scan_out_2' is never used
    at line 78 in /home/alexandru.madalin.vasilescu/dvt_predefined_projects_target/uvm_ref_flow_1.1/designs/socv/rtl/rtl_lpw/apb_subsystem/rtl/smc_veneer.v:78 [compile index 288]
*** Warning: SIGNAL_NEVER_USED: Signal 'scan_out_3' is never used
    at line 79 in /home/alexandru.madalin.vasilescu/dvt_predefined_projects_target/uvm_ref_flow_1.1/designs/socv/rtl/rtl_lpw/apb_subsystem/rtl/smc_veneer.v:79 [compile index 288]
*** Warning: SIGNAL_NEVER_USED: Signal 'scan_in' is never used
    at line 47 in /home/alexandru.madalin.vasilescu/dvt_predefined_projects_target/uvm_ref_flow_1.1/designs/socv/rtl/rtl_lpw/apb_subsystem/rtl/power_ctrl_veneer.v:47 [compile index 290]
*** Warning: SIGNAL_NEVER_USED: Signal 'scan_out' is never used
    at line 50 in /home/alexandru.madalin.vasilescu/dvt_predefined_projects_target/uvm_ref_flow_1.1/designs/socv/rtl/rtl_lpw/apb_subsystem/rtl/power_ctrl_veneer.v:50 [compile index 290]
*** Warning: SIGNAL_NEVER_READ: Signal 'pwr1_off_smc' is never read (connected to sub-instance output port)
    at line 254 in /home/alexandru.madalin.vasilescu/dvt_predefined_projects_target/uvm_ref_flow_1.1/designs/socv/rtl/rtl_lpw/apb_subsystem/rtl/power_ctrl_veneer.v:254 [compile index 290]
*** Warning: SIGNAL_NEVER_READ: Signal 'pwr2_off_smc' is never read (connected to sub-instance output port)
    at line 255 in /home/alexandru.madalin.vasilescu/dvt_predefined_projects_target/uvm_ref_flow_1.1/designs/socv/rtl/rtl_lpw/apb_subsystem/rtl/power_ctrl_veneer.v:255 [compile index 290]
*** Warning: SIGNAL_NEVER_READ: Signal 'pwr1_off_urt' is never read (connected to sub-instance output port)
    at line 263 in /home/alexandru.madalin.vasilescu/dvt_predefined_projects_target/uvm_ref_flow_1.1/designs/socv/rtl/rtl_lpw/apb_subsystem/rtl/power_ctrl_veneer.v:263 [compile index 290]
*** Warning: SIGNAL_NEVER_READ: Signal 'pwr2_off_urt' is never read (connected to sub-instance output port)
    at line 264 in /home/alexandru.madalin.vasilescu/dvt_predefined_projects_target/uvm_ref_flow_1.1/designs/socv/rtl/rtl_lpw/apb_subsystem/rtl/power_ctrl_veneer.v:264 [compile index 290]
*** Warning: SIGNAL_NEVER_READ: Signal 'pwr1_off_macb0' is never read (connected to sub-instance output port)
    at line 272 in /home/alexandru.madalin.vasilescu/dvt_predefined_projects_target/uvm_ref_flow_1.1/designs/socv/rtl/rtl_lpw/apb_subsystem/rtl/power_ctrl_veneer.v:272 [compile index 290]
*** Warning: SIGNAL_NEVER_READ: Signal 'pwr2_off_macb0' is never read (connected to sub-instance output port)
    at line 273 in /home/alexandru.madalin.vasilescu/dvt_predefined_projects_target/uvm_ref_flow_1.1/designs/socv/rtl/rtl_lpw/apb_subsystem/rtl/power_ctrl_veneer.v:273 [compile index 290]
*** Warning: SIGNAL_NEVER_READ: Signal 'pwr1_off_macb1' is never read (connected to sub-instance output port)
    at line 281 in /home/alexandru.madalin.vasilescu/dvt_predefined_projects_target/uvm_ref_flow_1.1/designs/socv/rtl/rtl_lpw/apb_subsystem/rtl/power_ctrl_veneer.v:281 [compile index 290]
*** Warning: SIGNAL_NEVER_READ: Signal 'pwr2_off_macb1' is never read (connected to sub-instance output port)
    at line 282 in /home/alexandru.madalin.vasilescu/dvt_predefined_projects_target/uvm_ref_flow_1.1/designs/socv/rtl/rtl_lpw/apb_subsystem/rtl/power_ctrl_veneer.v:282 [compile index 290]
*** Warning: SIGNAL_NEVER_READ: Signal 'pwr1_off_macb2' is never read (connected to sub-instance output port)
    at line 290 in /home/alexandru.madalin.vasilescu/dvt_predefined_projects_target/uvm_ref_flow_1.1/designs/socv/rtl/rtl_lpw/apb_subsystem/rtl/power_ctrl_veneer.v:290 [compile index 290]
*** Warning: SIGNAL_NEVER_READ: Signal 'pwr2_off_macb2' is never read (connected to sub-instance output port)
    at line 291 in /home/alexandru.madalin.vasilescu/dvt_predefined_projects_target/uvm_ref_flow_1.1/designs/socv/rtl/rtl_lpw/apb_subsystem/rtl/power_ctrl_veneer.v:291 [compile index 290]
*** Warning: SIGNAL_NEVER_READ: Signal 'pwr1_off_macb3' is never read (connected to sub-instance output port)
    at line 299 in /home/alexandru.madalin.vasilescu/dvt_predefined_projects_target/uvm_ref_flow_1.1/designs/socv/rtl/rtl_lpw/apb_subsystem/rtl/power_ctrl_veneer.v:299 [compile index 290]
*** Warning: SIGNAL_NEVER_READ: Signal 'pwr2_off_macb3' is never read (connected to sub-instance output port)
    at line 300 in /home/alexandru.madalin.vasilescu/dvt_predefined_projects_target/uvm_ref_flow_1.1/designs/socv/rtl/rtl_lpw/apb_subsystem/rtl/power_ctrl_veneer.v:300 [compile index 290]
*** Warning: SIGNAL_NEVER_READ: Signal 'rstn_non_srpg_dma' is never read (connected to sub-instance output port)
    at line 301 in /home/alexandru.madalin.vasilescu/dvt_predefined_projects_target/uvm_ref_flow_1.1/designs/socv/rtl/rtl_lpw/apb_subsystem/rtl/power_ctrl_veneer.v:301 [compile index 290]
*** Warning: SIGNAL_NEVER_READ: Signal 'gate_clk_dma' is never read (connected to sub-instance output port)
    at line 302 in /home/alexandru.madalin.vasilescu/dvt_predefined_projects_target/uvm_ref_flow_1.1/designs/socv/rtl/rtl_lpw/apb_subsystem/rtl/power_ctrl_veneer.v:302 [compile index 290]
*** Warning: SIGNAL_NEVER_READ: Signal 'isolate_dma' is never read (connected to sub-instance output port)
    at line 303 in /home/alexandru.madalin.vasilescu/dvt_predefined_projects_target/uvm_ref_flow_1.1/designs/socv/rtl/rtl_lpw/apb_subsystem/rtl/power_ctrl_veneer.v:303 [compile index 290]
*** Warning: SIGNAL_NEVER_READ: Signal 'save_edge_dma' is never read (connected to sub-instance output port)
    at line 304 in /home/alexandru.madalin.vasilescu/dvt_predefined_projects_target/uvm_ref_flow_1.1/designs/socv/rtl/rtl_lpw/apb_subsystem/rtl/power_ctrl_veneer.v:304 [compile index 290]
*** Warning: SIGNAL_NEVER_READ: Signal 'restore_edge_dma' is never read (connected to sub-instance output port)
    at line 305 in /home/alexandru.madalin.vasilescu/dvt_predefined_projects_target/uvm_ref_flow_1.1/designs/socv/rtl/rtl_lpw/apb_subsystem/rtl/power_ctrl_veneer.v:305 [compile index 290]
*** Warning: SIGNAL_NEVER_READ: Signal 'pwr1_on_dma' is never read (connected to sub-instance output port)
    at line 306 in /home/alexandru.madalin.vasilescu/dvt_predefined_projects_target/uvm_ref_flow_1.1/designs/socv/rtl/rtl_lpw/apb_subsystem/rtl/power_ctrl_veneer.v:306 [compile index 290]
*** Warning: SIGNAL_NEVER_READ: Signal 'pwr2_on_dma' is never read (connected to sub-instance output port)
    at line 307 in /home/alexandru.madalin.vasilescu/dvt_predefined_projects_target/uvm_ref_flow_1.1/designs/socv/rtl/rtl_lpw/apb_subsystem/rtl/power_ctrl_veneer.v:307 [compile index 290]
*** Warning: SIGNAL_NEVER_READ: Signal 'pwr1_off_dma' is never read (connected to sub-instance output port)
    at line 308 in /home/alexandru.madalin.vasilescu/dvt_predefined_projects_target/uvm_ref_flow_1.1/designs/socv/rtl/rtl_lpw/apb_subsystem/rtl/power_ctrl_veneer.v:308 [compile index 290]
*** Warning: SIGNAL_NEVER_READ: Signal 'pwr2_off_dma' is never read (connected to sub-instance output port)
    at line 309 in /home/alexandru.madalin.vasilescu/dvt_predefined_projects_target/uvm_ref_flow_1.1/designs/socv/rtl/rtl_lpw/apb_subsystem/rtl/power_ctrl_veneer.v:309 [compile index 290]
*** Warning: SIGNAL_NEVER_READ: Signal 'rstn_non_srpg_cpu' is never read (connected to sub-instance output port)
    at line 311 in /home/alexandru.madalin.vasilescu/dvt_predefined_projects_target/uvm_ref_flow_1.1/designs/socv/rtl/rtl_lpw/apb_subsystem/rtl/power_ctrl_veneer.v:311 [compile index 290]
*** Warning: SIGNAL_NEVER_READ: Signal 'gate_clk_cpu' is never read (connected to sub-instance output port)
    at line 312 in /home/alexandru.madalin.vasilescu/dvt_predefined_projects_target/uvm_ref_flow_1.1/designs/socv/rtl/rtl_lpw/apb_subsystem/rtl/power_ctrl_veneer.v:312 [compile index 290]
*** Warning: SIGNAL_NEVER_READ: Signal 'isolate_cpu' is never read (connected to sub-instance output port)
    at line 313 in /home/alexandru.madalin.vasilescu/dvt_predefined_projects_target/uvm_ref_flow_1.1/designs/socv/rtl/rtl_lpw/apb_subsystem/rtl/power_ctrl_veneer.v:313 [compile index 290]
*** Warning: SIGNAL_NEVER_READ: Signal 'save_edge_cpu' is never read (connected to sub-instance output port)
    at line 314 in /home/alexandru.madalin.vasilescu/dvt_predefined_projects_target/uvm_ref_flow_1.1/designs/socv/rtl/rtl_lpw/apb_subsystem/rtl/power_ctrl_veneer.v:314 [compile index 290]
*** Warning: SIGNAL_NEVER_READ: Signal 'restore_edge_cpu' is never read (connected to sub-instance output port)
    at line 315 in /home/alexandru.madalin.vasilescu/dvt_predefined_projects_target/uvm_ref_flow_1.1/designs/socv/rtl/rtl_lpw/apb_subsystem/rtl/power_ctrl_veneer.v:315 [compile index 290]
*** Warning: SIGNAL_NEVER_READ: Signal 'pwr1_on_cpu' is never read (connected to sub-instance output port)
    at line 316 in /home/alexandru.madalin.vasilescu/dvt_predefined_projects_target/uvm_ref_flow_1.1/designs/socv/rtl/rtl_lpw/apb_subsystem/rtl/power_ctrl_veneer.v:316 [compile index 290]
*** Warning: SIGNAL_NEVER_READ: Signal 'pwr2_on_cpu' is never read (connected to sub-instance output port)
    at line 317 in /home/alexandru.madalin.vasilescu/dvt_predefined_projects_target/uvm_ref_flow_1.1/designs/socv/rtl/rtl_lpw/apb_subsystem/rtl/power_ctrl_veneer.v:317 [compile index 290]
*** Warning: SIGNAL_NEVER_READ: Signal 'pwr1_off_cpu' is never read (connected to sub-instance output port)
    at line 318 in /home/alexandru.madalin.vasilescu/dvt_predefined_projects_target/uvm_ref_flow_1.1/designs/socv/rtl/rtl_lpw/apb_subsystem/rtl/power_ctrl_veneer.v:318 [compile index 290]
*** Warning: SIGNAL_NEVER_READ: Signal 'pwr2_off_cpu' is never read (connected to sub-instance output port)
    at line 319 in /home/alexandru.madalin.vasilescu/dvt_predefined_projects_target/uvm_ref_flow_1.1/designs/socv/rtl/rtl_lpw/apb_subsystem/rtl/power_ctrl_veneer.v:319 [compile index 290]
*** Warning: SIGNAL_NEVER_READ: Signal 'rstn_non_srpg_alut' is never read (connected to sub-instance output port)
    at line 321 in /home/alexandru.madalin.vasilescu/dvt_predefined_projects_target/uvm_ref_flow_1.1/designs/socv/rtl/rtl_lpw/apb_subsystem/rtl/power_ctrl_veneer.v:321 [compile index 290]
*** Warning: SIGNAL_NEVER_READ: Signal 'gate_clk_alut' is never read (connected to sub-instance output port)
    at line 322 in /home/alexandru.madalin.vasilescu/dvt_predefined_projects_target/uvm_ref_flow_1.1/designs/socv/rtl/rtl_lpw/apb_subsystem/rtl/power_ctrl_veneer.v:322 [compile index 290]
*** Warning: SIGNAL_NEVER_READ: Signal 'isolate_alut' is never read (connected to sub-instance output port)
    at line 323 in /home/alexandru.madalin.vasilescu/dvt_predefined_projects_target/uvm_ref_flow_1.1/designs/socv/rtl/rtl_lpw/apb_subsystem/rtl/power_ctrl_veneer.v:323 [compile index 290]
*** Warning: SIGNAL_NEVER_READ: Signal 'save_edge_alut' is never read (connected to sub-instance output port)
    at line 324 in /home/alexandru.madalin.vasilescu/dvt_predefined_projects_target/uvm_ref_flow_1.1/designs/socv/rtl/rtl_lpw/apb_subsystem/rtl/power_ctrl_veneer.v:324 [compile index 290]
*** Warning: SIGNAL_NEVER_READ: Signal 'restore_edge_alut' is never read (connected to sub-instance output port)
    at line 325 in /home/alexandru.madalin.vasilescu/dvt_predefined_projects_target/uvm_ref_flow_1.1/designs/socv/rtl/rtl_lpw/apb_subsystem/rtl/power_ctrl_veneer.v:325 [compile index 290]
*** Warning: SIGNAL_NEVER_READ: Signal 'pwr1_on_alut' is never read (connected to sub-instance output port)
    at line 326 in /home/alexandru.madalin.vasilescu/dvt_predefined_projects_target/uvm_ref_flow_1.1/designs/socv/rtl/rtl_lpw/apb_subsystem/rtl/power_ctrl_veneer.v:326 [compile index 290]
*** Warning: SIGNAL_NEVER_READ: Signal 'pwr2_on_alut' is never read (connected to sub-instance output port)
    at line 327 in /home/alexandru.madalin.vasilescu/dvt_predefined_projects_target/uvm_ref_flow_1.1/designs/socv/rtl/rtl_lpw/apb_subsystem/rtl/power_ctrl_veneer.v:327 [compile index 290]
*** Warning: SIGNAL_NEVER_READ: Signal 'pwr1_off_alut' is never read (connected to sub-instance output port)
    at line 328 in /home/alexandru.madalin.vasilescu/dvt_predefined_projects_target/uvm_ref_flow_1.1/designs/socv/rtl/rtl_lpw/apb_subsystem/rtl/power_ctrl_veneer.v:328 [compile index 290]
*** Warning: SIGNAL_NEVER_READ: Signal 'pwr2_off_alut' is never read (connected to sub-instance output port)
    at line 329 in /home/alexandru.madalin.vasilescu/dvt_predefined_projects_target/uvm_ref_flow_1.1/designs/socv/rtl/rtl_lpw/apb_subsystem/rtl/power_ctrl_veneer.v:329 [compile index 290]
*** Warning: SIGNAL_NEVER_READ: Signal 'rstn_non_srpg_mem' is never read (connected to sub-instance output port)
    at line 331 in /home/alexandru.madalin.vasilescu/dvt_predefined_projects_target/uvm_ref_flow_1.1/designs/socv/rtl/rtl_lpw/apb_subsystem/rtl/power_ctrl_veneer.v:331 [compile index 290]
*** Warning: SIGNAL_NEVER_READ: Signal 'gate_clk_mem' is never read (connected to sub-instance output port)
    at line 332 in /home/alexandru.madalin.vasilescu/dvt_predefined_projects_target/uvm_ref_flow_1.1/designs/socv/rtl/rtl_lpw/apb_subsystem/rtl/power_ctrl_veneer.v:332 [compile index 290]
*** Warning: SIGNAL_NEVER_READ: Signal 'save_edge_mem' is never read (connected to sub-instance output port)
    at line 334 in /home/alexandru.madalin.vasilescu/dvt_predefined_projects_target/uvm_ref_flow_1.1/designs/socv/rtl/rtl_lpw/apb_subsystem/rtl/power_ctrl_veneer.v:334 [compile index 290]
*** Warning: SIGNAL_NEVER_READ: Signal 'restore_edge_mem' is never read (connected to sub-instance output port)
    at line 335 in /home/alexandru.madalin.vasilescu/dvt_predefined_projects_target/uvm_ref_flow_1.1/designs/socv/rtl/rtl_lpw/apb_subsystem/rtl/power_ctrl_veneer.v:335 [compile index 290]
*** Warning: SIGNAL_NEVER_READ: Signal 'pwr1_on_mem' is never read (connected to sub-instance output port)
    at line 336 in /home/alexandru.madalin.vasilescu/dvt_predefined_projects_target/uvm_ref_flow_1.1/designs/socv/rtl/rtl_lpw/apb_subsystem/rtl/power_ctrl_veneer.v:336 [compile index 290]
*** Warning: SIGNAL_NEVER_READ: Signal 'pwr2_on_mem' is never read (connected to sub-instance output port)
    at line 337 in /home/alexandru.madalin.vasilescu/dvt_predefined_projects_target/uvm_ref_flow_1.1/designs/socv/rtl/rtl_lpw/apb_subsystem/rtl/power_ctrl_veneer.v:337 [compile index 290]
*** Warning: SIGNAL_NEVER_READ: Signal 'pwr1_off_mem' is never read (connected to sub-instance output port)
    at line 338 in /home/alexandru.madalin.vasilescu/dvt_predefined_projects_target/uvm_ref_flow_1.1/designs/socv/rtl/rtl_lpw/apb_subsystem/rtl/power_ctrl_veneer.v:338 [compile index 290]
*** Warning: SIGNAL_NEVER_READ: Signal 'pwr2_off_mem' is never read (connected to sub-instance output port)
    at line 339 in /home/alexandru.madalin.vasilescu/dvt_predefined_projects_target/uvm_ref_flow_1.1/designs/socv/rtl/rtl_lpw/apb_subsystem/rtl/power_ctrl_veneer.v:339 [compile index 290]
*** Warning: SIGNAL_NEVER_USED: Signal 'pclk' is never used
    at line 44 in /home/alexandru.madalin.vasilescu/dvt_predefined_projects_target/uvm_ref_flow_1.1/designs/socv/rtl/rtl_lpw/ahb2apb/rtl/ahb2apb.v:44 [compile index 291]
*** Warning: SIGNAL_NEVER_USED: Signal 'preset_n' is never used
    at line 45 in /home/alexandru.madalin.vasilescu/dvt_predefined_projects_target/uvm_ref_flow_1.1/designs/socv/rtl/rtl_lpw/ahb2apb/rtl/ahb2apb.v:45 [compile index 291]
*** Warning: PARAMETER_NEVER_USED: Parameter 'APB_SLAVE9_START_ADDR' is never used
    at line 184 in /home/alexandru.madalin.vasilescu/dvt_predefined_projects_target/uvm_ref_flow_1.1/designs/socv/rtl/rtl_lpw/ahb2apb/rtl/ahb2apb.v:184 [compile index 291]
*** Warning: PARAMETER_NEVER_USED: Parameter 'APB_SLAVE9_END_ADDR' is never used
    at line 185 in /home/alexandru.madalin.vasilescu/dvt_predefined_projects_target/uvm_ref_flow_1.1/designs/socv/rtl/rtl_lpw/ahb2apb/rtl/ahb2apb.v:185 [compile index 291]
*** Warning: PARAMETER_NEVER_USED: Parameter 'APB_SLAVE10_START_ADDR' is never used
    at line 186 in /home/alexandru.madalin.vasilescu/dvt_predefined_projects_target/uvm_ref_flow_1.1/designs/socv/rtl/rtl_lpw/ahb2apb/rtl/ahb2apb.v:186 [compile index 291]
*** Warning: PARAMETER_NEVER_USED: Parameter 'APB_SLAVE10_END_ADDR' is never used
    at line 187 in /home/alexandru.madalin.vasilescu/dvt_predefined_projects_target/uvm_ref_flow_1.1/designs/socv/rtl/rtl_lpw/ahb2apb/rtl/ahb2apb.v:187 [compile index 291]
*** Warning: PARAMETER_NEVER_USED: Parameter 'APB_SLAVE11_START_ADDR' is never used
    at line 188 in /home/alexandru.madalin.vasilescu/dvt_predefined_projects_target/uvm_ref_flow_1.1/designs/socv/rtl/rtl_lpw/ahb2apb/rtl/ahb2apb.v:188 [compile index 291]
*** Warning: PARAMETER_NEVER_USED: Parameter 'APB_SLAVE11_END_ADDR' is never used
    at line 189 in /home/alexandru.madalin.vasilescu/dvt_predefined_projects_target/uvm_ref_flow_1.1/designs/socv/rtl/rtl_lpw/ahb2apb/rtl/ahb2apb.v:189 [compile index 291]
*** Warning: PARAMETER_NEVER_USED: Parameter 'APB_SLAVE12_START_ADDR' is never used
    at line 190 in /home/alexandru.madalin.vasilescu/dvt_predefined_projects_target/uvm_ref_flow_1.1/designs/socv/rtl/rtl_lpw/ahb2apb/rtl/ahb2apb.v:190 [compile index 291]
*** Warning: PARAMETER_NEVER_USED: Parameter 'APB_SLAVE12_END_ADDR' is never used
    at line 191 in /home/alexandru.madalin.vasilescu/dvt_predefined_projects_target/uvm_ref_flow_1.1/designs/socv/rtl/rtl_lpw/ahb2apb/rtl/ahb2apb.v:191 [compile index 291]
*** Warning: PARAMETER_NEVER_USED: Parameter 'APB_SLAVE13_START_ADDR' is never used
    at line 192 in /home/alexandru.madalin.vasilescu/dvt_predefined_projects_target/uvm_ref_flow_1.1/designs/socv/rtl/rtl_lpw/ahb2apb/rtl/ahb2apb.v:192 [compile index 291]
*** Warning: PARAMETER_NEVER_USED: Parameter 'APB_SLAVE13_END_ADDR' is never used
    at line 193 in /home/alexandru.madalin.vasilescu/dvt_predefined_projects_target/uvm_ref_flow_1.1/designs/socv/rtl/rtl_lpw/ahb2apb/rtl/ahb2apb.v:193 [compile index 291]
*** Warning: PARAMETER_NEVER_USED: Parameter 'APB_SLAVE14_START_ADDR' is never used
    at line 194 in /home/alexandru.madalin.vasilescu/dvt_predefined_projects_target/uvm_ref_flow_1.1/designs/socv/rtl/rtl_lpw/ahb2apb/rtl/ahb2apb.v:194 [compile index 291]
*** Warning: PARAMETER_NEVER_USED: Parameter 'APB_SLAVE14_END_ADDR' is never used
    at line 195 in /home/alexandru.madalin.vasilescu/dvt_predefined_projects_target/uvm_ref_flow_1.1/designs/socv/rtl/rtl_lpw/ahb2apb/rtl/ahb2apb.v:195 [compile index 291]
*** Warning: PARAMETER_NEVER_USED: Parameter 'APB_SLAVE15_START_ADDR' is never used
    at line 196 in /home/alexandru.madalin.vasilescu/dvt_predefined_projects_target/uvm_ref_flow_1.1/designs/socv/rtl/rtl_lpw/ahb2apb/rtl/ahb2apb.v:196 [compile index 291]
*** Warning: PARAMETER_NEVER_USED: Parameter 'APB_SLAVE15_END_ADDR' is never used
    at line 197 in /home/alexandru.madalin.vasilescu/dvt_predefined_projects_target/uvm_ref_flow_1.1/designs/socv/rtl/rtl_lpw/ahb2apb/rtl/ahb2apb.v:197 [compile index 291]
*** Warning: FEEDTHROUGH_DETECTED: Feedthrough from 'hwdata' to 'pwdata'
    at line 369 in /home/alexandru.madalin.vasilescu/dvt_predefined_projects_target/uvm_ref_flow_1.1/designs/socv/rtl/rtl_lpw/ahb2apb/rtl/ahb2apb.v:369 [compile index 291]
*** Warning: OUTPUT_PORT_READ: Reading from output port 'psel0' is not recommended
    at line 567 in /home/alexandru.madalin.vasilescu/dvt_predefined_projects_target/uvm_ref_flow_1.1/designs/socv/rtl/rtl_lpw/ahb2apb/rtl/ahb2apb.v:567 [compile index 291]
*** Warning: OUTPUT_PORT_READ: Reading from output port 'psel1' is not recommended
    at line 576 in /home/alexandru.madalin.vasilescu/dvt_predefined_projects_target/uvm_ref_flow_1.1/designs/socv/rtl/rtl_lpw/ahb2apb/rtl/ahb2apb.v:576 [compile index 291]
*** Warning: OUTPUT_PORT_READ: Reading from output port 'psel2' is not recommended
    at line 585 in /home/alexandru.madalin.vasilescu/dvt_predefined_projects_target/uvm_ref_flow_1.1/designs/socv/rtl/rtl_lpw/ahb2apb/rtl/ahb2apb.v:585 [compile index 291]
*** Warning: OUTPUT_PORT_READ: Reading from output port 'psel3' is not recommended
    at line 594 in /home/alexandru.madalin.vasilescu/dvt_predefined_projects_target/uvm_ref_flow_1.1/designs/socv/rtl/rtl_lpw/ahb2apb/rtl/ahb2apb.v:594 [compile index 291]
*** Warning: OUTPUT_PORT_READ: Reading from output port 'psel4' is not recommended
    at line 603 in /home/alexandru.madalin.vasilescu/dvt_predefined_projects_target/uvm_ref_flow_1.1/designs/socv/rtl/rtl_lpw/ahb2apb/rtl/ahb2apb.v:603 [compile index 291]
*** Warning: OUTPUT_PORT_READ: Reading from output port 'psel5' is not recommended
    at line 612 in /home/alexandru.madalin.vasilescu/dvt_predefined_projects_target/uvm_ref_flow_1.1/designs/socv/rtl/rtl_lpw/ahb2apb/rtl/ahb2apb.v:612 [compile index 291]
*** Warning: OUTPUT_PORT_READ: Reading from output port 'psel6' is not recommended
    at line 621 in /home/alexandru.madalin.vasilescu/dvt_predefined_projects_target/uvm_ref_flow_1.1/designs/socv/rtl/rtl_lpw/ahb2apb/rtl/ahb2apb.v:621 [compile index 291]
*** Warning: OUTPUT_PORT_READ: Reading from output port 'psel7' is not recommended
    at line 630 in /home/alexandru.madalin.vasilescu/dvt_predefined_projects_target/uvm_ref_flow_1.1/designs/socv/rtl/rtl_lpw/ahb2apb/rtl/ahb2apb.v:630 [compile index 291]
*** Warning: OUTPUT_PORT_READ: Reading from output port 'psel8' is not recommended
    at line 639 in /home/alexandru.madalin.vasilescu/dvt_predefined_projects_target/uvm_ref_flow_1.1/designs/socv/rtl/rtl_lpw/ahb2apb/rtl/ahb2apb.v:639 [compile index 291]
*** Warning: SIGNAL_NEVER_USED: Signal 'src_addr' is never used
    at line 117 in /home/alexandru.madalin.vasilescu/dvt_predefined_projects_target/uvm_ref_flow_1.1/designs/socv/rtl/rtl_lpw/alut/rtl/alut_reg_bank.v:117 [compile index 293]
*** Warning: SIGNAL_NEVER_WRITTEN: Signal 'last_accessed_age' is never written
    at line 85 in /home/alexandru.madalin.vasilescu/dvt_predefined_projects_target/uvm_ref_flow_1.1/designs/socv/rtl/rtl_lpw/alut/rtl/alut_age_checker.v:85 [compile index 298]
*** Warning: PARAMETER_NEVER_USED: Parameter 'DD' is never used
    at line 40 in /home/alexandru.madalin.vasilescu/dvt_predefined_projects_target/uvm_ref_flow_1.1/designs/socv/rtl/rtl_lpw/alut/rtl/alut.v:40 [compile index 299]
*** Warning: SIGNAL_NEVER_USED: Signal 'active' is never used
    at line 64 in /home/alexandru.madalin.vasilescu/dvt_predefined_projects_target/uvm_ref_flow_1.1/designs/socv/rtl/rtl_lpw/alut/rtl/alut.v:64 [compile index 299]
*** Warning: OUTPUT_PORT_READ: Reading from output port 'last' is not recommended
    at line 88 in /home/alexandru.madalin.vasilescu/dvt_predefined_projects_target/uvm_ref_flow_1.1/designs/socv/rtl/rtl_lpw/opencores/spi/rtl/spi_shift.v:88 [compile index 303]
*** Warning: OUTPUT_PORT_READ: Reading from output port 'last' is not recommended
    at line 89 in /home/alexandru.madalin.vasilescu/dvt_predefined_projects_target/uvm_ref_flow_1.1/designs/socv/rtl/rtl_lpw/opencores/spi/rtl/spi_shift.v:89 [compile index 303]
*** Warning: OUTPUT_PORT_READ: Reading from output port 'last' is not recommended
    at line 112 in /home/alexandru.madalin.vasilescu/dvt_predefined_projects_target/uvm_ref_flow_1.1/designs/socv/rtl/rtl_lpw/opencores/spi/rtl/spi_shift.v:112 [compile index 303]
*** Warning: OUTPUT_PORT_READ: Reading from output port 're_o' is not recommended
    at line 262 in /home/alexandru.madalin.vasilescu/dvt_predefined_projects_target/uvm_ref_flow_1.1/designs/socv/rtl/rtl_lpw/opencores/uart16550/rtl/uart_wb.v:262 [compile index 312]
*** Warning: SIGNAL_NEVER_READ: Signal 'tf_overrun' is never read (connected to sub-instance output port)
    at line 183 in /home/alexandru.madalin.vasilescu/dvt_predefined_projects_target/uvm_ref_flow_1.1/designs/socv/rtl/rtl_lpw/opencores/uart16550/rtl/uart_transmitter.v:183 [compile index 315]
*** Warning: OUTPUT_PORT_READ: Reading from output port 'tf_count' is not recommended
    at line 227 in /home/alexandru.madalin.vasilescu/dvt_predefined_projects_target/uvm_ref_flow_1.1/designs/socv/rtl/rtl_lpw/opencores/uart16550/rtl/uart_transmitter.v:227 [compile index 315]
*** Warning: SIGNAL_NEVER_READ: Signal 'rbit_in' is never read
    at line 225 in /home/alexandru.madalin.vasilescu/dvt_predefined_projects_target/uvm_ref_flow_1.1/designs/socv/rtl/rtl_lpw/opencores/uart16550/rtl/uart_receiver.v:225 [compile index 318]
*** Warning: SIGNAL_NEVER_READ: Signal 'rcounter16_eq_1' is never read
    at line 258 in /home/alexandru.madalin.vasilescu/dvt_predefined_projects_target/uvm_ref_flow_1.1/designs/socv/rtl/rtl_lpw/opencores/uart16550/rtl/uart_receiver.v:258 [compile index 318]
*** Warning: SIGNAL_RESET_BUT_NOT_DRIVEN: Signal 'rbit_in' is reset but not driven
    at line 280 in /home/alexandru.madalin.vasilescu/dvt_predefined_projects_target/uvm_ref_flow_1.1/designs/socv/rtl/rtl_lpw/opencores/uart16550/rtl/uart_receiver.v:280 [compile index 318]
*** Warning: OUTPUT_PORT_READ: Reading from output port 'rf_push_pulse' is not recommended
    at line 475 in /home/alexandru.madalin.vasilescu/dvt_predefined_projects_target/uvm_ref_flow_1.1/designs/socv/rtl/rtl_lpw/opencores/uart16550/rtl/uart_receiver.v:475 [compile index 318]
*** Warning: OUTPUT_PORT_READ: Reading from output port 'rf_count' is not recommended
    at line 475 in /home/alexandru.madalin.vasilescu/dvt_predefined_projects_target/uvm_ref_flow_1.1/designs/socv/rtl/rtl_lpw/opencores/uart16550/rtl/uart_receiver.v:475 [compile index 318]
*** Warning: OUTPUT_PORT_READ: Reading from output port 'lsr' is not recommended
    at line 405 in /home/alexandru.madalin.vasilescu/dvt_predefined_projects_target/uvm_ref_flow_1.1/designs/socv/rtl/rtl_lpw/opencores/uart16550/rtl/uart_regs.v:405 [compile index 327]
*** Warning: OUTPUT_PORT_READ: Reading from output port 'lsr' is not recommended
    at line 412 in /home/alexandru.madalin.vasilescu/dvt_predefined_projects_target/uvm_ref_flow_1.1/designs/socv/rtl/rtl_lpw/opencores/uart16550/rtl/uart_regs.v:412 [compile index 327]
*** Warning: OUTPUT_PORT_READ: Reading from output port 'rf_count' is not recommended
    at line 593 in /home/alexandru.madalin.vasilescu/dvt_predefined_projects_target/uvm_ref_flow_1.1/designs/socv/rtl/rtl_lpw/opencores/uart16550/rtl/uart_regs.v:593 [compile index 327]
*** Warning: OUTPUT_PORT_READ: Reading from output port 'tf_count' is not recommended
    at line 598 in /home/alexandru.madalin.vasilescu/dvt_predefined_projects_target/uvm_ref_flow_1.1/designs/socv/rtl/rtl_lpw/opencores/uart16550/rtl/uart_regs.v:598 [compile index 327]
*** Warning: OUTPUT_PORT_READ: Reading from output port 'tf_count' is not recommended
    at line 599 in /home/alexandru.madalin.vasilescu/dvt_predefined_projects_target/uvm_ref_flow_1.1/designs/socv/rtl/rtl_lpw/opencores/uart16550/rtl/uart_regs.v:599 [compile index 327]
*** Warning: OUTPUT_PORT_READ: Reading from output port 'tstate' is not recommended
    at line 599 in /home/alexandru.madalin.vasilescu/dvt_predefined_projects_target/uvm_ref_flow_1.1/designs/socv/rtl/rtl_lpw/opencores/uart16550/rtl/uart_regs.v:599 [compile index 327]
*** Warning: OUTPUT_PORT_READ: Reading from output port 'rf_count' is not recommended
    at line 611 in /home/alexandru.madalin.vasilescu/dvt_predefined_projects_target/uvm_ref_flow_1.1/designs/socv/rtl/rtl_lpw/opencores/uart16550/rtl/uart_regs.v:611 [compile index 327]
*** Warning: OUTPUT_PORT_READ: Reading from output port 'lsr' is not recommended
    at line 749 in /home/alexandru.madalin.vasilescu/dvt_predefined_projects_target/uvm_ref_flow_1.1/designs/socv/rtl/rtl_lpw/opencores/uart16550/rtl/uart_regs.v:749 [compile index 327]
*** Warning: OUTPUT_PORT_READ: Reading from output port 'rf_count' is not recommended
    at line 750 in /home/alexandru.madalin.vasilescu/dvt_predefined_projects_target/uvm_ref_flow_1.1/designs/socv/rtl/rtl_lpw/opencores/uart16550/rtl/uart_regs.v:750 [compile index 327]
*** Warning: OUTPUT_PORT_READ: Reading from output port 'lsr' is not recommended
    at line 751 in /home/alexandru.madalin.vasilescu/dvt_predefined_projects_target/uvm_ref_flow_1.1/designs/socv/rtl/rtl_lpw/opencores/uart16550/rtl/uart_regs.v:751 [compile index 327]
*** Warning: OUTPUT_PORT_READ: Reading from output port 'rf_count' is not recommended
    at line 753 in /home/alexandru.madalin.vasilescu/dvt_predefined_projects_target/uvm_ref_flow_1.1/designs/socv/rtl/rtl_lpw/opencores/uart16550/rtl/uart_regs.v:753 [compile index 327]
*** Warning: OUTPUT_PORT_READ: Reading from output port 'rf_count' is not recommended
    at line 814 in /home/alexandru.madalin.vasilescu/dvt_predefined_projects_target/uvm_ref_flow_1.1/designs/socv/rtl/rtl_lpw/opencores/uart16550/rtl/uart_regs.v:814 [compile index 327]
*** Warning: PARAMETER_NEVER_USED: Parameter 'GPR_INPUT_VALUE' is never used
    at line 149 in /home/alexandru.madalin.vasilescu/dvt_predefined_projects_target/uvm_ref_flow_1.1/designs/socv/rtl/rtl_lpw/gpio/rtl/gpio_lite_subunit.v:149 [compile index 336]
*** Warning: SIGNAL_NEVER_USED: Signal 'scan_en' is never used
    at line 40 in /home/alexandru.madalin.vasilescu/dvt_predefined_projects_target/uvm_ref_flow_1.1/designs/socv/rtl/rtl_lpw/gpio/rtl/gpio_lite.v:40 [compile index 337]
*** Warning: SIGNAL_NEVER_USED: Signal 'scan_in' is never used
    at line 43 in /home/alexandru.madalin.vasilescu/dvt_predefined_projects_target/uvm_ref_flow_1.1/designs/socv/rtl/rtl_lpw/gpio/rtl/gpio_lite.v:43 [compile index 337]
*** Warning: SIGNAL_NEVER_USED: Signal 'scan_out' is never used
    at line 47 in /home/alexandru.madalin.vasilescu/dvt_predefined_projects_target/uvm_ref_flow_1.1/designs/socv/rtl/rtl_lpw/gpio/rtl/gpio_lite.v:47 [compile index 337]
*** Warning: SIGNAL_NEVER_READ: Signal 'sel' is never read
    at line 120 in /home/alexandru.madalin.vasilescu/dvt_predefined_projects_target/uvm_ref_flow_1.1/designs/socv/rtl/rtl_lpw/gpio/rtl/gpio_lite.v:120 [compile index 337]
*** Warning: SIGNAL_NEVER_USED: Signal 'restart' is never used
    at line 44 in /home/alexandru.madalin.vasilescu/dvt_predefined_projects_target/uvm_ref_flow_1.1/designs/socv/rtl/rtl_lpw/ttc/rtl/ttc_interrupt_lite.v:44 [compile index 340]
*** Warning: SIGNAL_NEVER_USED: Signal 'scan_in' is never used
    at line 41 in /home/alexandru.madalin.vasilescu/dvt_predefined_projects_target/uvm_ref_flow_1.1/designs/socv/rtl/rtl_lpw/ttc/rtl/ttc_lite.v:41 [compile index 343]
*** Warning: SIGNAL_NEVER_USED: Signal 'scan_en' is never used
    at line 42 in /home/alexandru.madalin.vasilescu/dvt_predefined_projects_target/uvm_ref_flow_1.1/designs/socv/rtl/rtl_lpw/ttc/rtl/ttc_lite.v:42 [compile index 343]
*** Warning: SIGNAL_NEVER_USED: Signal 'scan_out' is never used
    at line 47 in /home/alexandru.madalin.vasilescu/dvt_predefined_projects_target/uvm_ref_flow_1.1/designs/socv/rtl/rtl_lpw/ttc/rtl/ttc_lite.v:47 [compile index 343]
*** Warning: SIGNAL_NEVER_READ: Signal 'ored_v_cs' is never read
    at line 101 in /home/alexandru.madalin.vasilescu/dvt_predefined_projects_target/uvm_ref_flow_1.1/designs/socv/rtl/rtl_lpw/smc/rtl/smc_addr_lite.v:101 [compile index 344]
*** Warning: SIGNAL_NEVER_USED: Signal 'cs_xfer_bus_size' is never used
    at line 102 in /home/alexandru.madalin.vasilescu/dvt_predefined_projects_target/uvm_ref_flow_1.1/designs/socv/rtl/rtl_lpw/smc/rtl/smc_addr_lite.v:102 [compile index 344]
*** Warning: SIGNAL_NEVER_USED: Signal 'n_preset' is never used
    at line 31 in /home/alexandru.madalin.vasilescu/dvt_predefined_projects_target/uvm_ref_flow_1.1/designs/socv/rtl/rtl_lpw/smc/rtl/smc_apb_lite_if.v:31 [compile index 347]
*** Warning: SIGNAL_NEVER_USED: Signal 'pclk' is never used
    at line 32 in /home/alexandru.madalin.vasilescu/dvt_predefined_projects_target/uvm_ref_flow_1.1/designs/socv/rtl/rtl_lpw/smc/rtl/smc_apb_lite_if.v:32 [compile index 347]
*** Warning: SIGNAL_NEVER_USED: Signal 'pwrite' is never used
    at line 35 in /home/alexandru.madalin.vasilescu/dvt_predefined_projects_target/uvm_ref_flow_1.1/designs/socv/rtl/rtl_lpw/smc/rtl/smc_apb_lite_if.v:35 [compile index 347]
*** Warning: SIGNAL_NEVER_USED: Signal 'pwdata' is never used
    at line 37 in /home/alexandru.madalin.vasilescu/dvt_predefined_projects_target/uvm_ref_flow_1.1/designs/socv/rtl/rtl_lpw/smc/rtl/smc_apb_lite_if.v:37 [compile index 347]
*** Warning: SIGNAL_NEVER_USED: Signal 'rdata1' is never used
    at line 67 in /home/alexandru.madalin.vasilescu/dvt_predefined_projects_target/uvm_ref_flow_1.1/designs/socv/rtl/rtl_lpw/smc/rtl/smc_apb_lite_if.v:67 [compile index 347]
*** Warning: SIGNAL_NEVER_USED: Signal 'rdata2' is never used
    at line 68 in /home/alexandru.madalin.vasilescu/dvt_predefined_projects_target/uvm_ref_flow_1.1/designs/socv/rtl/rtl_lpw/smc/rtl/smc_apb_lite_if.v:68 [compile index 347]
*** Warning: SIGNAL_NEVER_USED: Signal 'rdata3' is never used
    at line 69 in /home/alexandru.madalin.vasilescu/dvt_predefined_projects_target/uvm_ref_flow_1.1/designs/socv/rtl/rtl_lpw/smc/rtl/smc_apb_lite_if.v:69 [compile index 347]
*** Warning: SIGNAL_NEVER_USED: Signal 'rdata4' is never used
    at line 70 in /home/alexandru.madalin.vasilescu/dvt_predefined_projects_target/uvm_ref_flow_1.1/designs/socv/rtl/rtl_lpw/smc/rtl/smc_apb_lite_if.v:70 [compile index 347]
*** Warning: SIGNAL_NEVER_USED: Signal 'rdata5' is never used
    at line 71 in /home/alexandru.madalin.vasilescu/dvt_predefined_projects_target/uvm_ref_flow_1.1/designs/socv/rtl/rtl_lpw/smc/rtl/smc_apb_lite_if.v:71 [compile index 347]
*** Warning: SIGNAL_NEVER_USED: Signal 'rdata6' is never used
    at line 72 in /home/alexandru.madalin.vasilescu/dvt_predefined_projects_target/uvm_ref_flow_1.1/designs/socv/rtl/rtl_lpw/smc/rtl/smc_apb_lite_if.v:72 [compile index 347]
*** Warning: SIGNAL_NEVER_USED: Signal 'rdata7' is never used
    at line 73 in /home/alexandru.madalin.vasilescu/dvt_predefined_projects_target/uvm_ref_flow_1.1/designs/socv/rtl/rtl_lpw/smc/rtl/smc_apb_lite_if.v:73 [compile index 347]
*** Warning: SIGNAL_NEVER_USED: Signal 'int_cs' is never used
    at line 151 in /home/alexandru.madalin.vasilescu/dvt_predefined_projects_target/uvm_ref_flow_1.1/designs/socv/rtl/rtl_lpw/smc/rtl/smc_ahb_lite_if.v:151 [compile index 349]
*** Warning: FEEDTHROUGH_DETECTED: Feedthrough from 'hsel' to 'cs'
    at line 199 in /home/alexandru.madalin.vasilescu/dvt_predefined_projects_target/uvm_ref_flow_1.1/designs/socv/rtl/rtl_lpw/smc/rtl/smc_ahb_lite_if.v:199 [compile index 349]
*** Warning: OUTPUT_PORT_READ: Reading from output port 'cs' is not recommended
    at line 205 in /home/alexandru.madalin.vasilescu/dvt_predefined_projects_target/uvm_ref_flow_1.1/designs/socv/rtl/rtl_lpw/smc/rtl/smc_ahb_lite_if.v:205 [compile index 349]
*** Warning: OUTPUT_PORT_READ: Reading from output port 'cs' is not recommended
    at line 210 in /home/alexandru.madalin.vasilescu/dvt_predefined_projects_target/uvm_ref_flow_1.1/designs/socv/rtl/rtl_lpw/smc/rtl/smc_ahb_lite_if.v:210 [compile index 349]
*** Warning: OUTPUT_PORT_READ: Reading from output port 'cs' is not recommended
    at line 237 in /home/alexandru.madalin.vasilescu/dvt_predefined_projects_target/uvm_ref_flow_1.1/designs/socv/rtl/rtl_lpw/smc/rtl/smc_ahb_lite_if.v:237 [compile index 349]
*** Warning: OUTPUT_PORT_READ: Reading from output port 'cs' is not recommended
    at line 244 in /home/alexandru.madalin.vasilescu/dvt_predefined_projects_target/uvm_ref_flow_1.1/designs/socv/rtl/rtl_lpw/smc/rtl/smc_ahb_lite_if.v:244 [compile index 349]
*** Warning: OUTPUT_PORT_READ: Reading from output port 'cs' is not recommended
    at line 258 in /home/alexandru.madalin.vasilescu/dvt_predefined_projects_target/uvm_ref_flow_1.1/designs/socv/rtl/rtl_lpw/smc/rtl/smc_ahb_lite_if.v:258 [compile index 349]
*** Warning: OUTPUT_PORT_READ: Reading from output port 'cs' is not recommended
    at line 337 in /home/alexandru.madalin.vasilescu/dvt_predefined_projects_target/uvm_ref_flow_1.1/designs/socv/rtl/rtl_lpw/smc/rtl/smc_ahb_lite_if.v:337 [compile index 349]
*** Warning: SIGNAL_NEVER_READ: Signal 'half_cycle' is never read
    at line 114 in /home/alexandru.madalin.vasilescu/dvt_predefined_projects_target/uvm_ref_flow_1.1/designs/socv/rtl/rtl_lpw/smc/rtl/smc_strobe_lite.v:114 [compile index 356]
*** Warning: SIGNAL_NEVER_USED: Signal 'n_sys_reset' is never used
    at line 30 in /home/alexandru.madalin.vasilescu/dvt_predefined_projects_target/uvm_ref_flow_1.1/designs/socv/rtl/rtl_lpw/smc/rtl/smc_wr_enable_lite.v:30 [compile index 358]
*** Warning: SIGNAL_NEVER_USED: Signal 'scan_in_1' is never used
    at line 52 in /home/alexandru.madalin.vasilescu/dvt_predefined_projects_target/uvm_ref_flow_1.1/designs/socv/rtl/rtl_lpw/smc/rtl/smc_lite.v:52 [compile index 359]
*** Warning: SIGNAL_NEVER_USED: Signal 'scan_in_2' is never used
    at line 53 in /home/alexandru.madalin.vasilescu/dvt_predefined_projects_target/uvm_ref_flow_1.1/designs/socv/rtl/rtl_lpw/smc/rtl/smc_lite.v:53 [compile index 359]
*** Warning: SIGNAL_NEVER_USED: Signal 'scan_in_3' is never used
    at line 54 in /home/alexandru.madalin.vasilescu/dvt_predefined_projects_target/uvm_ref_flow_1.1/designs/socv/rtl/rtl_lpw/smc/rtl/smc_lite.v:54 [compile index 359]
*** Warning: SIGNAL_NEVER_USED: Signal 'scan_en' is never used
    at line 55 in /home/alexandru.madalin.vasilescu/dvt_predefined_projects_target/uvm_ref_flow_1.1/designs/socv/rtl/rtl_lpw/smc/rtl/smc_lite.v:55 [compile index 359]
*** Warning: SIGNAL_NEVER_USED: Signal 'scan_out_1' is never used
    at line 78 in /home/alexandru.madalin.vasilescu/dvt_predefined_projects_target/uvm_ref_flow_1.1/designs/socv/rtl/rtl_lpw/smc/rtl/smc_lite.v:78 [compile index 359]
*** Warning: SIGNAL_NEVER_USED: Signal 'scan_out_2' is never used
    at line 79 in /home/alexandru.madalin.vasilescu/dvt_predefined_projects_target/uvm_ref_flow_1.1/designs/socv/rtl/rtl_lpw/smc/rtl/smc_lite.v:79 [compile index 359]
*** Warning: SIGNAL_NEVER_USED: Signal 'scan_out_3' is never used
    at line 80 in /home/alexandru.madalin.vasilescu/dvt_predefined_projects_target/uvm_ref_flow_1.1/designs/socv/rtl/rtl_lpw/smc/rtl/smc_lite.v:80 [compile index 359]
*** Warning: SIGNAL_NEVER_USED: Signal 'r_cste_store' is never used
    at line 214 in /home/alexandru.madalin.vasilescu/dvt_predefined_projects_target/uvm_ref_flow_1.1/designs/socv/rtl/rtl_lpw/smc/rtl/smc_lite.v:214 [compile index 359]
*** Warning: SIGNAL_NEVER_USED: Signal 'r_read_data' is never used
    at line 224 in /home/alexandru.madalin.vasilescu/dvt_predefined_projects_target/uvm_ref_flow_1.1/designs/socv/rtl/rtl_lpw/smc/rtl/smc_lite.v:224 [compile index 359]
*** Warning: SIGNAL_NEVER_USED: Signal 'scan_in' is never used
    at line 44 in /home/alexandru.madalin.vasilescu/dvt_predefined_projects_target/uvm_ref_flow_1.1/designs/socv/rtl/rtl_lpw/power_ctrl/rtl/power_ctrl.v:44 [compile index 362]
*** Warning: SIGNAL_NEVER_USED: Signal 'scan_en' is never used
    at line 45 in /home/alexandru.madalin.vasilescu/dvt_predefined_projects_target/uvm_ref_flow_1.1/designs/socv/rtl/rtl_lpw/power_ctrl/rtl/power_ctrl.v:45 [compile index 362]
*** Warning: SIGNAL_NEVER_USED: Signal 'scan_out' is never used
    at line 47 in /home/alexandru.madalin.vasilescu/dvt_predefined_projects_target/uvm_ref_flow_1.1/designs/socv/rtl/rtl_lpw/power_ctrl/rtl/power_ctrl.v:47 [compile index 362]
*** Warning: PARAMETER_NEVER_USED: Parameter 'STATE_IDLE_12V' is never used
    at line 166 in /home/alexandru.madalin.vasilescu/dvt_predefined_projects_target/uvm_ref_flow_1.1/designs/socv/rtl/rtl_lpw/power_ctrl/rtl/power_ctrl.v:166 [compile index 362]
*** Warning: PARAMETER_NEVER_USED: Parameter 'STATE_06V' is never used
    at line 167 in /home/alexandru.madalin.vasilescu/dvt_predefined_projects_target/uvm_ref_flow_1.1/designs/socv/rtl/rtl_lpw/power_ctrl/rtl/power_ctrl.v:167 [compile index 362]
*** Warning: PARAMETER_NEVER_USED: Parameter 'STATE_08V' is never used
    at line 168 in /home/alexandru.madalin.vasilescu/dvt_predefined_projects_target/uvm_ref_flow_1.1/designs/socv/rtl/rtl_lpw/power_ctrl/rtl/power_ctrl.v:168 [compile index 362]
*** Warning: PARAMETER_NEVER_USED: Parameter 'STATE_10V' is never used
    at line 169 in /home/alexandru.madalin.vasilescu/dvt_predefined_projects_target/uvm_ref_flow_1.1/designs/socv/rtl/rtl_lpw/power_ctrl/rtl/power_ctrl.v:169 [compile index 362]
*** Warning: SIGNAL_NEVER_READ: Signal 'standby_mem0' is never read
    at line 324 in /home/alexandru.madalin.vasilescu/dvt_predefined_projects_target/uvm_ref_flow_1.1/designs/socv/rtl/rtl_lpw/power_ctrl/rtl/power_ctrl.v:324 [compile index 362]
*** Warning: SIGNAL_NEVER_READ: Signal 'standby_mem1' is never read
    at line 325 in /home/alexandru.madalin.vasilescu/dvt_predefined_projects_target/uvm_ref_flow_1.1/designs/socv/rtl/rtl_lpw/power_ctrl/rtl/power_ctrl.v:325 [compile index 362]
*** Warning: SIGNAL_NEVER_READ: Signal 'standby_mem2' is never read
    at line 326 in /home/alexandru.madalin.vasilescu/dvt_predefined_projects_target/uvm_ref_flow_1.1/designs/socv/rtl/rtl_lpw/power_ctrl/rtl/power_ctrl.v:326 [compile index 362]
*** Warning: SIGNAL_NEVER_READ: Signal 'standby_mem3' is never read
    at line 327 in /home/alexandru.madalin.vasilescu/dvt_predefined_projects_target/uvm_ref_flow_1.1/designs/socv/rtl/rtl_lpw/power_ctrl/rtl/power_ctrl.v:327 [compile index 362]
*** Warning: SIGNAL_NEVER_READ: Signal 'pwr1_off_mem0' is never read
    at line 328 in /home/alexandru.madalin.vasilescu/dvt_predefined_projects_target/uvm_ref_flow_1.1/designs/socv/rtl/rtl_lpw/power_ctrl/rtl/power_ctrl.v:328 [compile index 362]
*** Warning: SIGNAL_NEVER_READ: Signal 'pwr1_off_mem1' is never read
    at line 329 in /home/alexandru.madalin.vasilescu/dvt_predefined_projects_target/uvm_ref_flow_1.1/designs/socv/rtl/rtl_lpw/power_ctrl/rtl/power_ctrl.v:329 [compile index 362]
*** Warning: SIGNAL_NEVER_READ: Signal 'pwr1_off_mem2' is never read
    at line 330 in /home/alexandru.madalin.vasilescu/dvt_predefined_projects_target/uvm_ref_flow_1.1/designs/socv/rtl/rtl_lpw/power_ctrl/rtl/power_ctrl.v:330 [compile index 362]
*** Warning: SIGNAL_NEVER_READ: Signal 'pwr1_off_mem3' is never read
    at line 331 in /home/alexandru.madalin.vasilescu/dvt_predefined_projects_target/uvm_ref_flow_1.1/designs/socv/rtl/rtl_lpw/power_ctrl/rtl/power_ctrl.v:331 [compile index 362]
*** Warning: SIGNAL_NEVER_READ: Signal 'mte_mac_off_start' is never read
    at line 441 in /home/alexandru.madalin.vasilescu/dvt_predefined_projects_target/uvm_ref_flow_1.1/designs/socv/rtl/rtl_lpw/power_ctrl/rtl/power_ctrl.v:441 [compile index 362]
*** Warning: SIGNAL_NEVER_READ: Signal 'mte_mac012_start' is never read
    at line 441 in /home/alexandru.madalin.vasilescu/dvt_predefined_projects_target/uvm_ref_flow_1.1/designs/socv/rtl/rtl_lpw/power_ctrl/rtl/power_ctrl.v:441 [compile index 362]
*** Warning: SIGNAL_NEVER_READ: Signal 'mte_mac013_start' is never read
    at line 441 in /home/alexandru.madalin.vasilescu/dvt_predefined_projects_target/uvm_ref_flow_1.1/designs/socv/rtl/rtl_lpw/power_ctrl/rtl/power_ctrl.v:441 [compile index 362]
*** Warning: SIGNAL_NEVER_READ: Signal 'mte_mac023_start' is never read
    at line 441 in /home/alexandru.madalin.vasilescu/dvt_predefined_projects_target/uvm_ref_flow_1.1/designs/socv/rtl/rtl_lpw/power_ctrl/rtl/power_ctrl.v:441 [compile index 362]
*** Warning: SIGNAL_NEVER_READ: Signal 'mte_mac123_start' is never read
    at line 441 in /home/alexandru.madalin.vasilescu/dvt_predefined_projects_target/uvm_ref_flow_1.1/designs/socv/rtl/rtl_lpw/power_ctrl/rtl/power_ctrl.v:441 [compile index 362]
*** Warning: SIGNAL_NEVER_READ: Signal 'mte_mac01_start' is never read
    at line 442 in /home/alexandru.madalin.vasilescu/dvt_predefined_projects_target/uvm_ref_flow_1.1/designs/socv/rtl/rtl_lpw/power_ctrl/rtl/power_ctrl.v:442 [compile index 362]
*** Warning: SIGNAL_NEVER_READ: Signal 'mte_mac02_start' is never read
    at line 442 in /home/alexandru.madalin.vasilescu/dvt_predefined_projects_target/uvm_ref_flow_1.1/designs/socv/rtl/rtl_lpw/power_ctrl/rtl/power_ctrl.v:442 [compile index 362]
*** Warning: SIGNAL_NEVER_READ: Signal 'mte_mac03_start' is never read
    at line 442 in /home/alexandru.madalin.vasilescu/dvt_predefined_projects_target/uvm_ref_flow_1.1/designs/socv/rtl/rtl_lpw/power_ctrl/rtl/power_ctrl.v:442 [compile index 362]
*** Warning: SIGNAL_NEVER_READ: Signal 'mte_mac12_start' is never read
    at line 442 in /home/alexandru.madalin.vasilescu/dvt_predefined_projects_target/uvm_ref_flow_1.1/designs/socv/rtl/rtl_lpw/power_ctrl/rtl/power_ctrl.v:442 [compile index 362]
*** Warning: SIGNAL_NEVER_READ: Signal 'mte_mac13_start' is never read
    at line 442 in /home/alexandru.madalin.vasilescu/dvt_predefined_projects_target/uvm_ref_flow_1.1/designs/socv/rtl/rtl_lpw/power_ctrl/rtl/power_ctrl.v:442 [compile index 362]
*** Warning: SIGNAL_NEVER_READ: Signal 'mte_mac23_start' is never read
    at line 442 in /home/alexandru.madalin.vasilescu/dvt_predefined_projects_target/uvm_ref_flow_1.1/designs/socv/rtl/rtl_lpw/power_ctrl/rtl/power_ctrl.v:442 [compile index 362]
*** Warning: SIGNAL_NEVER_READ: Signal 'mte_mac0_start' is never read
    at line 443 in /home/alexandru.madalin.vasilescu/dvt_predefined_projects_target/uvm_ref_flow_1.1/designs/socv/rtl/rtl_lpw/power_ctrl/rtl/power_ctrl.v:443 [compile index 362]
*** Warning: SIGNAL_NEVER_READ: Signal 'mte_mac1_start' is never read
    at line 443 in /home/alexandru.madalin.vasilescu/dvt_predefined_projects_target/uvm_ref_flow_1.1/designs/socv/rtl/rtl_lpw/power_ctrl/rtl/power_ctrl.v:443 [compile index 362]
*** Warning: SIGNAL_NEVER_READ: Signal 'mte_mac2_start' is never read
    at line 443 in /home/alexandru.madalin.vasilescu/dvt_predefined_projects_target/uvm_ref_flow_1.1/designs/socv/rtl/rtl_lpw/power_ctrl/rtl/power_ctrl.v:443 [compile index 362]
*** Warning: SIGNAL_NEVER_READ: Signal 'mte_mac3_start' is never read
    at line 443 in /home/alexandru.madalin.vasilescu/dvt_predefined_projects_target/uvm_ref_flow_1.1/designs/socv/rtl/rtl_lpw/power_ctrl/rtl/power_ctrl.v:443 [compile index 362]
*** Warning: SIGNAL_NEVER_READ: Signal 'mte_sys_hibernate' is never read
    at line 444 in /home/alexandru.madalin.vasilescu/dvt_predefined_projects_target/uvm_ref_flow_1.1/designs/socv/rtl/rtl_lpw/power_ctrl/rtl/power_ctrl.v:444 [compile index 362]
*** Warning: SIGNAL_NEVER_READ: Signal 'mte_dma_start' is never read
    at line 445 in /home/alexandru.madalin.vasilescu/dvt_predefined_projects_target/uvm_ref_flow_1.1/designs/socv/rtl/rtl_lpw/power_ctrl/rtl/power_ctrl.v:445 [compile index 362]
*** Warning: SIGNAL_NEVER_READ: Signal 'mte_cpu_start' is never read
    at line 446 in /home/alexandru.madalin.vasilescu/dvt_predefined_projects_target/uvm_ref_flow_1.1/designs/socv/rtl/rtl_lpw/power_ctrl/rtl/power_ctrl.v:446 [compile index 362]
*** Warning: SIGNAL_NEVER_READ: Signal 'mte_mac_off_sleep_start' is never read
    at line 447 in /home/alexandru.madalin.vasilescu/dvt_predefined_projects_target/uvm_ref_flow_1.1/designs/socv/rtl/rtl_lpw/power_ctrl/rtl/power_ctrl.v:447 [compile index 362]
*** Warning: SIGNAL_NEVER_READ: Signal 'mte_mac012_sleep_start' is never read
    at line 447 in /home/alexandru.madalin.vasilescu/dvt_predefined_projects_target/uvm_ref_flow_1.1/designs/socv/rtl/rtl_lpw/power_ctrl/rtl/power_ctrl.v:447 [compile index 362]
*** Warning: SIGNAL_NEVER_READ: Signal 'mte_mac013_sleep_start' is never read
    at line 447 in /home/alexandru.madalin.vasilescu/dvt_predefined_projects_target/uvm_ref_flow_1.1/designs/socv/rtl/rtl_lpw/power_ctrl/rtl/power_ctrl.v:447 [compile index 362]
*** Warning: SIGNAL_NEVER_READ: Signal 'mte_mac023_sleep_start' is never read
    at line 447 in /home/alexandru.madalin.vasilescu/dvt_predefined_projects_target/uvm_ref_flow_1.1/designs/socv/rtl/rtl_lpw/power_ctrl/rtl/power_ctrl.v:447 [compile index 362]
*** Warning: SIGNAL_NEVER_READ: Signal 'mte_mac123_sleep_start' is never read
    at line 447 in /home/alexandru.madalin.vasilescu/dvt_predefined_projects_target/uvm_ref_flow_1.1/designs/socv/rtl/rtl_lpw/power_ctrl/rtl/power_ctrl.v:447 [compile index 362]
*** Warning: SIGNAL_NEVER_READ: Signal 'mte_mac01_sleep_start' is never read
    at line 448 in /home/alexandru.madalin.vasilescu/dvt_predefined_projects_target/uvm_ref_flow_1.1/designs/socv/rtl/rtl_lpw/power_ctrl/rtl/power_ctrl.v:448 [compile index 362]
*** Warning: SIGNAL_NEVER_READ: Signal 'mte_mac02_sleep_start' is never read
    at line 448 in /home/alexandru.madalin.vasilescu/dvt_predefined_projects_target/uvm_ref_flow_1.1/designs/socv/rtl/rtl_lpw/power_ctrl/rtl/power_ctrl.v:448 [compile index 362]
*** Warning: SIGNAL_NEVER_READ: Signal 'mte_mac03_sleep_start' is never read
    at line 448 in /home/alexandru.madalin.vasilescu/dvt_predefined_projects_target/uvm_ref_flow_1.1/designs/socv/rtl/rtl_lpw/power_ctrl/rtl/power_ctrl.v:448 [compile index 362]
*** Warning: SIGNAL_NEVER_READ: Signal 'mte_mac12_sleep_start' is never read
    at line 448 in /home/alexandru.madalin.vasilescu/dvt_predefined_projects_target/uvm_ref_flow_1.1/designs/socv/rtl/rtl_lpw/power_ctrl/rtl/power_ctrl.v:448 [compile index 362]
*** Warning: SIGNAL_NEVER_READ: Signal 'mte_mac13_sleep_start' is never read
    at line 448 in /home/alexandru.madalin.vasilescu/dvt_predefined_projects_target/uvm_ref_flow_1.1/designs/socv/rtl/rtl_lpw/power_ctrl/rtl/power_ctrl.v:448 [compile index 362]
*** Warning: SIGNAL_NEVER_READ: Signal 'mte_mac23_sleep_start' is never read
    at line 448 in /home/alexandru.madalin.vasilescu/dvt_predefined_projects_target/uvm_ref_flow_1.1/designs/socv/rtl/rtl_lpw/power_ctrl/rtl/power_ctrl.v:448 [compile index 362]
*** Warning: SIGNAL_NEVER_READ: Signal 'mte_mac0_sleep_start' is never read
    at line 449 in /home/alexandru.madalin.vasilescu/dvt_predefined_projects_target/uvm_ref_flow_1.1/designs/socv/rtl/rtl_lpw/power_ctrl/rtl/power_ctrl.v:449 [compile index 362]
*** Warning: SIGNAL_NEVER_READ: Signal 'mte_mac1_sleep_start' is never read
    at line 449 in /home/alexandru.madalin.vasilescu/dvt_predefined_projects_target/uvm_ref_flow_1.1/designs/socv/rtl/rtl_lpw/power_ctrl/rtl/power_ctrl.v:449 [compile index 362]
*** Warning: SIGNAL_NEVER_READ: Signal 'mte_mac2_sleep_start' is never read
    at line 449 in /home/alexandru.madalin.vasilescu/dvt_predefined_projects_target/uvm_ref_flow_1.1/designs/socv/rtl/rtl_lpw/power_ctrl/rtl/power_ctrl.v:449 [compile index 362]
*** Warning: SIGNAL_NEVER_READ: Signal 'mte_mac3_sleep_start' is never read
    at line 449 in /home/alexandru.madalin.vasilescu/dvt_predefined_projects_target/uvm_ref_flow_1.1/designs/socv/rtl/rtl_lpw/power_ctrl/rtl/power_ctrl.v:449 [compile index 362]
*** Warning: SIGNAL_NEVER_READ: Signal 'mte_dma_sleep_start' is never read
    at line 450 in /home/alexandru.madalin.vasilescu/dvt_predefined_projects_target/uvm_ref_flow_1.1/designs/socv/rtl/rtl_lpw/power_ctrl/rtl/power_ctrl.v:450 [compile index 362]
*** Warning: SIGNAL_NEVER_READ: Signal 'mte_mac_off_to_default' is never read
    at line 451 in /home/alexandru.madalin.vasilescu/dvt_predefined_projects_target/uvm_ref_flow_1.1/designs/socv/rtl/rtl_lpw/power_ctrl/rtl/power_ctrl.v:451 [compile index 362]
*** Warning: SIGNAL_NEVER_READ: Signal 'mte_mac012_to_default' is never read
    at line 451 in /home/alexandru.madalin.vasilescu/dvt_predefined_projects_target/uvm_ref_flow_1.1/designs/socv/rtl/rtl_lpw/power_ctrl/rtl/power_ctrl.v:451 [compile index 362]
*** Warning: SIGNAL_NEVER_READ: Signal 'mte_mac013_to_default' is never read
    at line 451 in /home/alexandru.madalin.vasilescu/dvt_predefined_projects_target/uvm_ref_flow_1.1/designs/socv/rtl/rtl_lpw/power_ctrl/rtl/power_ctrl.v:451 [compile index 362]
*** Warning: SIGNAL_NEVER_READ: Signal 'mte_mac023_to_default' is never read
    at line 451 in /home/alexandru.madalin.vasilescu/dvt_predefined_projects_target/uvm_ref_flow_1.1/designs/socv/rtl/rtl_lpw/power_ctrl/rtl/power_ctrl.v:451 [compile index 362]
*** Warning: SIGNAL_NEVER_READ: Signal 'mte_mac123_to_default' is never read
    at line 451 in /home/alexandru.madalin.vasilescu/dvt_predefined_projects_target/uvm_ref_flow_1.1/designs/socv/rtl/rtl_lpw/power_ctrl/rtl/power_ctrl.v:451 [compile index 362]
*** Warning: SIGNAL_NEVER_READ: Signal 'mte_mac01_to_default' is never read
    at line 452 in /home/alexandru.madalin.vasilescu/dvt_predefined_projects_target/uvm_ref_flow_1.1/designs/socv/rtl/rtl_lpw/power_ctrl/rtl/power_ctrl.v:452 [compile index 362]
*** Warning: SIGNAL_NEVER_READ: Signal 'mte_mac02_to_default' is never read
    at line 452 in /home/alexandru.madalin.vasilescu/dvt_predefined_projects_target/uvm_ref_flow_1.1/designs/socv/rtl/rtl_lpw/power_ctrl/rtl/power_ctrl.v:452 [compile index 362]
*** Warning: SIGNAL_NEVER_READ: Signal 'mte_mac03_to_default' is never read
    at line 452 in /home/alexandru.madalin.vasilescu/dvt_predefined_projects_target/uvm_ref_flow_1.1/designs/socv/rtl/rtl_lpw/power_ctrl/rtl/power_ctrl.v:452 [compile index 362]
*** Warning: SIGNAL_NEVER_READ: Signal 'mte_mac12_to_default' is never read
    at line 452 in /home/alexandru.madalin.vasilescu/dvt_predefined_projects_target/uvm_ref_flow_1.1/designs/socv/rtl/rtl_lpw/power_ctrl/rtl/power_ctrl.v:452 [compile index 362]
*** Warning: SIGNAL_NEVER_READ: Signal 'mte_mac13_to_default' is never read
    at line 452 in /home/alexandru.madalin.vasilescu/dvt_predefined_projects_target/uvm_ref_flow_1.1/designs/socv/rtl/rtl_lpw/power_ctrl/rtl/power_ctrl.v:452 [compile index 362]
*** Warning: SIGNAL_NEVER_READ: Signal 'mte_mac23_to_default' is never read
    at line 452 in /home/alexandru.madalin.vasilescu/dvt_predefined_projects_target/uvm_ref_flow_1.1/designs/socv/rtl/rtl_lpw/power_ctrl/rtl/power_ctrl.v:452 [compile index 362]
*** Warning: SIGNAL_NEVER_READ: Signal 'mte_mac0_to_default' is never read
    at line 453 in /home/alexandru.madalin.vasilescu/dvt_predefined_projects_target/uvm_ref_flow_1.1/designs/socv/rtl/rtl_lpw/power_ctrl/rtl/power_ctrl.v:453 [compile index 362]
*** Warning: SIGNAL_NEVER_READ: Signal 'mte_mac1_to_default' is never read
    at line 453 in /home/alexandru.madalin.vasilescu/dvt_predefined_projects_target/uvm_ref_flow_1.1/designs/socv/rtl/rtl_lpw/power_ctrl/rtl/power_ctrl.v:453 [compile index 362]
*** Warning: SIGNAL_NEVER_READ: Signal 'mte_mac2_to_default' is never read
    at line 453 in /home/alexandru.madalin.vasilescu/dvt_predefined_projects_target/uvm_ref_flow_1.1/designs/socv/rtl/rtl_lpw/power_ctrl/rtl/power_ctrl.v:453 [compile index 362]
*** Warning: SIGNAL_NEVER_READ: Signal 'mte_mac3_to_default' is never read
    at line 453 in /home/alexandru.madalin.vasilescu/dvt_predefined_projects_target/uvm_ref_flow_1.1/designs/socv/rtl/rtl_lpw/power_ctrl/rtl/power_ctrl.v:453 [compile index 362]
*** Warning: SIGNAL_NEVER_READ: Signal 'mte_dma_isolate_dis' is never read
    at line 454 in /home/alexandru.madalin.vasilescu/dvt_predefined_projects_target/uvm_ref_flow_1.1/designs/socv/rtl/rtl_lpw/power_ctrl/rtl/power_ctrl.v:454 [compile index 362]
*** Warning: SIGNAL_NEVER_READ: Signal 'mte_cpu_isolate_dis' is never read
    at line 455 in /home/alexandru.madalin.vasilescu/dvt_predefined_projects_target/uvm_ref_flow_1.1/designs/socv/rtl/rtl_lpw/power_ctrl/rtl/power_ctrl.v:455 [compile index 362]
*** Warning: SIGNAL_NEVER_READ: Signal 'mte_sys_hibernate_to_default' is never read
    at line 456 in /home/alexandru.madalin.vasilescu/dvt_predefined_projects_target/uvm_ref_flow_1.1/designs/socv/rtl/rtl_lpw/power_ctrl/rtl/power_ctrl.v:456 [compile index 362]
*** Warning: SIGNAL_NEVER_READ: Signal 'to_default' is never read
    at line 950 in /home/alexandru.madalin.vasilescu/dvt_predefined_projects_target/uvm_ref_flow_1.1/designs/socv/rtl/rtl_lpw/power_ctrl/rtl/power_ctrl.v:950 [compile index 362]
*** Warning: OUTPUT_PORT_READ: Reading from output port 'rstn_non_srpg_macb0' is not recommended
    at line 1020 in /home/alexandru.madalin.vasilescu/dvt_predefined_projects_target/uvm_ref_flow_1.1/designs/socv/rtl/rtl_lpw/power_ctrl/rtl/power_ctrl.v:1020 [compile index 362]
*** Warning: OUTPUT_PORT_READ: Reading from output port 'rstn_non_srpg_macb1' is not recommended
    at line 1020 in /home/alexandru.madalin.vasilescu/dvt_predefined_projects_target/uvm_ref_flow_1.1/designs/socv/rtl/rtl_lpw/power_ctrl/rtl/power_ctrl.v:1020 [compile index 362]
*** Warning: OUTPUT_PORT_READ: Reading from output port 'rstn_non_srpg_macb2' is not recommended
    at line 1020 in /home/alexandru.madalin.vasilescu/dvt_predefined_projects_target/uvm_ref_flow_1.1/designs/socv/rtl/rtl_lpw/power_ctrl/rtl/power_ctrl.v:1020 [compile index 362]
*** Warning: OUTPUT_PORT_READ: Reading from output port 'rstn_non_srpg_macb3' is not recommended
    at line 1021 in /home/alexandru.madalin.vasilescu/dvt_predefined_projects_target/uvm_ref_flow_1.1/designs/socv/rtl/rtl_lpw/power_ctrl/rtl/power_ctrl.v:1021 [compile index 362]
*** Warning: OUTPUT_PORT_READ: Reading from output port 'rstn_non_srpg_dma' is not recommended
    at line 1021 in /home/alexandru.madalin.vasilescu/dvt_predefined_projects_target/uvm_ref_flow_1.1/designs/socv/rtl/rtl_lpw/power_ctrl/rtl/power_ctrl.v:1021 [compile index 362]
*** Warning: OUTPUT_PORT_READ: Reading from output port 'rstn_non_srpg_cpu' is not recommended
    at line 1021 in /home/alexandru.madalin.vasilescu/dvt_predefined_projects_target/uvm_ref_flow_1.1/designs/socv/rtl/rtl_lpw/power_ctrl/rtl/power_ctrl.v:1021 [compile index 362]
*** Warning: OUTPUT_PORT_READ: Reading from output port 'rstn_non_srpg_urt' is not recommended
    at line 1021 in /home/alexandru.madalin.vasilescu/dvt_predefined_projects_target/uvm_ref_flow_1.1/designs/socv/rtl/rtl_lpw/power_ctrl/rtl/power_ctrl.v:1021 [compile index 362]
*** Warning: OUTPUT_PORT_READ: Reading from output port 'rstn_non_srpg_smc' is not recommended
    at line 1022 in /home/alexandru.madalin.vasilescu/dvt_predefined_projects_target/uvm_ref_flow_1.1/designs/socv/rtl/rtl_lpw/power_ctrl/rtl/power_ctrl.v:1022 [compile index 362]
*** Warning: OUTPUT_PORT_READ: Reading from output port 'gate_clk_macb0' is not recommended
    at line 1024 in /home/alexandru.madalin.vasilescu/dvt_predefined_projects_target/uvm_ref_flow_1.1/designs/socv/rtl/rtl_lpw/power_ctrl/rtl/power_ctrl.v:1024 [compile index 362]
*** Warning: OUTPUT_PORT_READ: Reading from output port 'gate_clk_macb1' is not recommended
    at line 1024 in /home/alexandru.madalin.vasilescu/dvt_predefined_projects_target/uvm_ref_flow_1.1/designs/socv/rtl/rtl_lpw/power_ctrl/rtl/power_ctrl.v:1024 [compile index 362]
*** Warning: OUTPUT_PORT_READ: Reading from output port 'gate_clk_macb2' is not recommended
    at line 1024 in /home/alexandru.madalin.vasilescu/dvt_predefined_projects_target/uvm_ref_flow_1.1/designs/socv/rtl/rtl_lpw/power_ctrl/rtl/power_ctrl.v:1024 [compile index 362]
*** Warning: OUTPUT_PORT_READ: Reading from output port 'gate_clk_macb3' is not recommended
    at line 1025 in /home/alexandru.madalin.vasilescu/dvt_predefined_projects_target/uvm_ref_flow_1.1/designs/socv/rtl/rtl_lpw/power_ctrl/rtl/power_ctrl.v:1025 [compile index 362]
*** Warning: OUTPUT_PORT_READ: Reading from output port 'gate_clk_dma' is not recommended
    at line 1025 in /home/alexandru.madalin.vasilescu/dvt_predefined_projects_target/uvm_ref_flow_1.1/designs/socv/rtl/rtl_lpw/power_ctrl/rtl/power_ctrl.v:1025 [compile index 362]
*** Warning: OUTPUT_PORT_READ: Reading from output port 'gate_clk_cpu' is not recommended
    at line 1025 in /home/alexandru.madalin.vasilescu/dvt_predefined_projects_target/uvm_ref_flow_1.1/designs/socv/rtl/rtl_lpw/power_ctrl/rtl/power_ctrl.v:1025 [compile index 362]
*** Warning: OUTPUT_PORT_READ: Reading from output port 'gate_clk_urt' is not recommended
    at line 1025 in /home/alexandru.madalin.vasilescu/dvt_predefined_projects_target/uvm_ref_flow_1.1/designs/socv/rtl/rtl_lpw/power_ctrl/rtl/power_ctrl.v:1025 [compile index 362]
*** Warning: OUTPUT_PORT_READ: Reading from output port 'gate_clk_smc' is not recommended
    at line 1025 in /home/alexandru.madalin.vasilescu/dvt_predefined_projects_target/uvm_ref_flow_1.1/designs/socv/rtl/rtl_lpw/power_ctrl/rtl/power_ctrl.v:1025 [compile index 362]
*** Warning: OUTPUT_PORT_READ: Reading from output port 'isolate_macb0' is not recommended
    at line 1027 in /home/alexandru.madalin.vasilescu/dvt_predefined_projects_target/uvm_ref_flow_1.1/designs/socv/rtl/rtl_lpw/power_ctrl/rtl/power_ctrl.v:1027 [compile index 362]
*** Warning: OUTPUT_PORT_READ: Reading from output port 'isolate_macb1' is not recommended
    at line 1027 in /home/alexandru.madalin.vasilescu/dvt_predefined_projects_target/uvm_ref_flow_1.1/designs/socv/rtl/rtl_lpw/power_ctrl/rtl/power_ctrl.v:1027 [compile index 362]
*** Warning: OUTPUT_PORT_READ: Reading from output port 'isolate_macb2' is not recommended
    at line 1027 in /home/alexandru.madalin.vasilescu/dvt_predefined_projects_target/uvm_ref_flow_1.1/designs/socv/rtl/rtl_lpw/power_ctrl/rtl/power_ctrl.v:1027 [compile index 362]
*** Warning: OUTPUT_PORT_READ: Reading from output port 'isolate_macb3' is not recommended
    at line 1028 in /home/alexandru.madalin.vasilescu/dvt_predefined_projects_target/uvm_ref_flow_1.1/designs/socv/rtl/rtl_lpw/power_ctrl/rtl/power_ctrl.v:1028 [compile index 362]
*** Warning: OUTPUT_PORT_READ: Reading from output port 'isolate_dma' is not recommended
    at line 1028 in /home/alexandru.madalin.vasilescu/dvt_predefined_projects_target/uvm_ref_flow_1.1/designs/socv/rtl/rtl_lpw/power_ctrl/rtl/power_ctrl.v:1028 [compile index 362]
*** Warning: OUTPUT_PORT_READ: Reading from output port 'isolate_cpu' is not recommended
    at line 1028 in /home/alexandru.madalin.vasilescu/dvt_predefined_projects_target/uvm_ref_flow_1.1/designs/socv/rtl/rtl_lpw/power_ctrl/rtl/power_ctrl.v:1028 [compile index 362]
*** Warning: OUTPUT_PORT_READ: Reading from output port 'isolate_urt' is not recommended
    at line 1028 in /home/alexandru.madalin.vasilescu/dvt_predefined_projects_target/uvm_ref_flow_1.1/designs/socv/rtl/rtl_lpw/power_ctrl/rtl/power_ctrl.v:1028 [compile index 362]
*** Warning: OUTPUT_PORT_READ: Reading from output port 'isolate_smc' is not recommended
    at line 1028 in /home/alexandru.madalin.vasilescu/dvt_predefined_projects_target/uvm_ref_flow_1.1/designs/socv/rtl/rtl_lpw/power_ctrl/rtl/power_ctrl.v:1028 [compile index 362]
*** Warning: OUTPUT_PORT_READ: Reading from output port 'pwr1_off_mem' is not recommended
    at line 1031 in /home/alexandru.madalin.vasilescu/dvt_predefined_projects_target/uvm_ref_flow_1.1/designs/socv/rtl/rtl_lpw/power_ctrl/rtl/power_ctrl.v:1031 [compile index 362]
*** Warning: OUTPUT_PORT_READ: Reading from output port 'pwr2_off_mem' is not recommended
    at line 1033 in /home/alexandru.madalin.vasilescu/dvt_predefined_projects_target/uvm_ref_flow_1.1/designs/socv/rtl/rtl_lpw/power_ctrl/rtl/power_ctrl.v:1033 [compile index 362]
*** Warning: OUTPUT_PORT_READ: Reading from output port 'pwr1_off_macb0' is not recommended
    at line 1035 in /home/alexandru.madalin.vasilescu/dvt_predefined_projects_target/uvm_ref_flow_1.1/designs/socv/rtl/rtl_lpw/power_ctrl/rtl/power_ctrl.v:1035 [compile index 362]
*** Warning: OUTPUT_PORT_READ: Reading from output port 'pwr1_off_macb1' is not recommended
    at line 1035 in /home/alexandru.madalin.vasilescu/dvt_predefined_projects_target/uvm_ref_flow_1.1/designs/socv/rtl/rtl_lpw/power_ctrl/rtl/power_ctrl.v:1035 [compile index 362]
*** Warning: OUTPUT_PORT_READ: Reading from output port 'pwr1_off_macb2' is not recommended
    at line 1035 in /home/alexandru.madalin.vasilescu/dvt_predefined_projects_target/uvm_ref_flow_1.1/designs/socv/rtl/rtl_lpw/power_ctrl/rtl/power_ctrl.v:1035 [compile index 362]
*** Warning: OUTPUT_PORT_READ: Reading from output port 'pwr1_off_macb3' is not recommended
    at line 1036 in /home/alexandru.madalin.vasilescu/dvt_predefined_projects_target/uvm_ref_flow_1.1/designs/socv/rtl/rtl_lpw/power_ctrl/rtl/power_ctrl.v:1036 [compile index 362]
*** Warning: OUTPUT_PORT_READ: Reading from output port 'pwr1_off_dma' is not recommended
    at line 1036 in /home/alexandru.madalin.vasilescu/dvt_predefined_projects_target/uvm_ref_flow_1.1/designs/socv/rtl/rtl_lpw/power_ctrl/rtl/power_ctrl.v:1036 [compile index 362]
*** Warning: OUTPUT_PORT_READ: Reading from output port 'pwr1_off_cpu' is not recommended
    at line 1036 in /home/alexandru.madalin.vasilescu/dvt_predefined_projects_target/uvm_ref_flow_1.1/designs/socv/rtl/rtl_lpw/power_ctrl/rtl/power_ctrl.v:1036 [compile index 362]
*** Warning: SIGNAL_NEVER_USED: Signal 'hburst' is never used
    at line 46 in /home/alexandru.madalin.vasilescu/dvt_predefined_projects_target/uvm_ref_flow_1.1/designs/socv/rtl/rtl_lpw/dma/rtl/dma.v:46 [compile index 363]
*** Warning: SIGNAL_NEVER_USED: Signal 'hprot' is never used
    at line 47 in /home/alexandru.madalin.vasilescu/dvt_predefined_projects_target/uvm_ref_flow_1.1/designs/socv/rtl/rtl_lpw/dma/rtl/dma.v:47 [compile index 363]
*** Warning: SIGNAL_NEVER_USED: Signal 'hmaster' is never used
    at line 48 in /home/alexandru.madalin.vasilescu/dvt_predefined_projects_target/uvm_ref_flow_1.1/designs/socv/rtl/rtl_lpw/dma/rtl/dma.v:48 [compile index 363]
*** Warning: SIGNAL_NEVER_USED: Signal 'hmastlock' is never used
    at line 49 in /home/alexandru.madalin.vasilescu/dvt_predefined_projects_target/uvm_ref_flow_1.1/designs/socv/rtl/rtl_lpw/dma/rtl/dma.v:49 [compile index 363]
*** Warning: SIGNAL_NEVER_USED: Signal 'hready_in' is never used
    at line 50 in /home/alexandru.madalin.vasilescu/dvt_predefined_projects_target/uvm_ref_flow_1.1/designs/socv/rtl/rtl_lpw/dma/rtl/dma.v:50 [compile index 363]
*** Warning: SIGNAL_NEVER_USED: Signal 'scan_en' is never used
    at line 91 in /home/alexandru.madalin.vasilescu/dvt_predefined_projects_target/uvm_ref_flow_1.1/designs/socv/rtl/rtl_lpw/dma/rtl/dma.v:91 [compile index 363]
*** Warning: SIGNAL_NEVER_USED: Signal 'scan_in' is never used
    at line 92 in /home/alexandru.madalin.vasilescu/dvt_predefined_projects_target/uvm_ref_flow_1.1/designs/socv/rtl/rtl_lpw/dma/rtl/dma.v:92 [compile index 363]
*** Warning: SIGNAL_NEVER_USED: Signal 'scan_out' is never used
    at line 93 in /home/alexandru.madalin.vasilescu/dvt_predefined_projects_target/uvm_ref_flow_1.1/designs/socv/rtl/rtl_lpw/dma/rtl/dma.v:93 [compile index 363]
*** Warning: FEEDTHROUGH_DETECTED: Feedthrough from 'ahb_request' to 'hbusreq'
    at line 156 in /home/alexandru.madalin.vasilescu/dvt_predefined_projects_target/uvm_ref_flow_1.1/designs/socv/rtl/rtl_lpw/dma/rtl/dma_ahb_master.v:156 [compile index 369]
*** Warning: OUTPUT_PORT_READ: Reading from output port 'apb_backoff' is not recommended
    at line 196 in /home/alexandru.madalin.vasilescu/dvt_predefined_projects_target/uvm_ref_flow_1.1/designs/socv/rtl/rtl_lpw/dma/rtl/dma_arbiter.v:196 [compile index 375]
*** Warning: OUTPUT_PORT_READ: Reading from output port 'apb_backoff' is not recommended
    at line 201 in /home/alexandru.madalin.vasilescu/dvt_predefined_projects_target/uvm_ref_flow_1.1/designs/socv/rtl/rtl_lpw/dma/rtl/dma_arbiter.v:201 [compile index 375]
*** Warning: OUTPUT_PORT_READ: Reading from output port 'apb_backoff' is not recommended
    at line 207 in /home/alexandru.madalin.vasilescu/dvt_predefined_projects_target/uvm_ref_flow_1.1/designs/socv/rtl/rtl_lpw/dma/rtl/dma_arbiter.v:207 [compile index 375]
*** Warning: OUTPUT_PORT_READ: Reading from output port 'apb_backoff' is not recommended
    at line 213 in /home/alexandru.madalin.vasilescu/dvt_predefined_projects_target/uvm_ref_flow_1.1/designs/socv/rtl/rtl_lpw/dma/rtl/dma_arbiter.v:213 [compile index 375]
*** Warning: OUTPUT_PORT_READ: Reading from output port 'ch1_apb_grant' is not recommended
    at line 264 in /home/alexandru.madalin.vasilescu/dvt_predefined_projects_target/uvm_ref_flow_1.1/designs/socv/rtl/rtl_lpw/dma/rtl/dma_arbiter.v:264 [compile index 375]
*** Warning: OUTPUT_PORT_READ: Reading from output port 'ch2_apb_grant' is not recommended
    at line 267 in /home/alexandru.madalin.vasilescu/dvt_predefined_projects_target/uvm_ref_flow_1.1/designs/socv/rtl/rtl_lpw/dma/rtl/dma_arbiter.v:267 [compile index 375]
*** Warning: OUTPUT_PORT_READ: Reading from output port 'ch0_apb_grant' is not recommended
    at line 274 in /home/alexandru.madalin.vasilescu/dvt_predefined_projects_target/uvm_ref_flow_1.1/designs/socv/rtl/rtl_lpw/dma/rtl/dma_arbiter.v:274 [compile index 375]
*** Warning: OUTPUT_PORT_READ: Reading from output port 'ch0_apb_grant' is not recommended
    at line 279 in /home/alexandru.madalin.vasilescu/dvt_predefined_projects_target/uvm_ref_flow_1.1/designs/socv/rtl/rtl_lpw/dma/rtl/dma_arbiter.v:279 [compile index 375]
*** Warning: OUTPUT_PORT_READ: Reading from output port 'ch1_apb_grant' is not recommended
    at line 283 in /home/alexandru.madalin.vasilescu/dvt_predefined_projects_target/uvm_ref_flow_1.1/designs/socv/rtl/rtl_lpw/dma/rtl/dma_arbiter.v:283 [compile index 375]
*** Warning: OUTPUT_PORT_READ: Reading from output port 'ch2_apb_grant' is not recommended
    at line 285 in /home/alexandru.madalin.vasilescu/dvt_predefined_projects_target/uvm_ref_flow_1.1/designs/socv/rtl/rtl_lpw/dma/rtl/dma_arbiter.v:285 [compile index 375]
*** Warning: OUTPUT_PORT_READ: Reading from output port 'ch0_apb_grant' is not recommended
    at line 305 in /home/alexandru.madalin.vasilescu/dvt_predefined_projects_target/uvm_ref_flow_1.1/designs/socv/rtl/rtl_lpw/dma/rtl/dma_arbiter.v:305 [compile index 375]
*** Warning: OUTPUT_PORT_READ: Reading from output port 'ch0_apb_grant' is not recommended
    at line 308 in /home/alexandru.madalin.vasilescu/dvt_predefined_projects_target/uvm_ref_flow_1.1/designs/socv/rtl/rtl_lpw/dma/rtl/dma_arbiter.v:308 [compile index 375]
*** Warning: OUTPUT_PORT_READ: Reading from output port 'ch1_apb_grant' is not recommended
    at line 320 in /home/alexandru.madalin.vasilescu/dvt_predefined_projects_target/uvm_ref_flow_1.1/designs/socv/rtl/rtl_lpw/dma/rtl/dma_arbiter.v:320 [compile index 375]
*** Warning: OUTPUT_PORT_READ: Reading from output port 'ch1_apb_grant' is not recommended
    at line 323 in /home/alexandru.madalin.vasilescu/dvt_predefined_projects_target/uvm_ref_flow_1.1/designs/socv/rtl/rtl_lpw/dma/rtl/dma_arbiter.v:323 [compile index 375]
*** Warning: OUTPUT_PORT_READ: Reading from output port 'ch2_apb_grant' is not recommended
    at line 335 in /home/alexandru.madalin.vasilescu/dvt_predefined_projects_target/uvm_ref_flow_1.1/designs/socv/rtl/rtl_lpw/dma/rtl/dma_arbiter.v:335 [compile index 375]
*** Warning: OUTPUT_PORT_READ: Reading from output port 'ch2_apb_grant' is not recommended
    at line 338 in /home/alexandru.madalin.vasilescu/dvt_predefined_projects_target/uvm_ref_flow_1.1/designs/socv/rtl/rtl_lpw/dma/rtl/dma_arbiter.v:338 [compile index 375]
*** Warning: SIGNAL_NEVER_USED: Signal 'pos_sel' is never used
    at line 66 in /home/alexandru.madalin.vasilescu/dvt_predefined_projects_target/uvm_ref_flow_1.1/designs/socv/rtl/rtl_lpw/dma/rtl/dma_channel.v:66 [compile index 377]
*** Warning: SIGNAL_NEVER_USED: Signal 'APB_base' is never used
    at line 246 in /home/alexandru.madalin.vasilescu/dvt_predefined_projects_target/uvm_ref_flow_1.1/designs/socv/rtl/rtl_lpw/dma/rtl/dma_channel.v:246 [compile index 377]
*** Warning: SIGNAL_NEVER_USED: Signal 'count' is never used
    at line 275 in /home/alexandru.madalin.vasilescu/dvt_predefined_projects_target/uvm_ref_flow_1.1/designs/socv/rtl/rtl_lpw/dma/rtl/dma_channel.v:275 [compile index 377]
*** Warning: SIGNAL_NEVER_READ: Signal 'hold_fifo_0' is never read
    at line 299 in /home/alexandru.madalin.vasilescu/dvt_predefined_projects_target/uvm_ref_flow_1.1/designs/socv/rtl/rtl_lpw/dma/rtl/dma_channel.v:299 [compile index 377]
*** Warning: SIGNAL_NEVER_READ: Signal 'hold_fifo_1' is never read
    at line 300 in /home/alexandru.madalin.vasilescu/dvt_predefined_projects_target/uvm_ref_flow_1.1/designs/socv/rtl/rtl_lpw/dma/rtl/dma_channel.v:300 [compile index 377]
*** Warning: SIGNAL_NEVER_READ: Signal 'hold_fifo_2' is never read
    at line 301 in /home/alexandru.madalin.vasilescu/dvt_predefined_projects_target/uvm_ref_flow_1.1/designs/socv/rtl/rtl_lpw/dma/rtl/dma_channel.v:301 [compile index 377]
*** Warning: SIGNAL_NEVER_READ: Signal 'hold_fifo_3' is never read
    at line 302 in /home/alexandru.madalin.vasilescu/dvt_predefined_projects_target/uvm_ref_flow_1.1/designs/socv/rtl/rtl_lpw/dma/rtl/dma_channel.v:302 [compile index 377]
*** Warning: SIGNAL_NEVER_READ: Signal 'hold_fifo_4' is never read
    at line 303 in /home/alexandru.madalin.vasilescu/dvt_predefined_projects_target/uvm_ref_flow_1.1/designs/socv/rtl/rtl_lpw/dma/rtl/dma_channel.v:303 [compile index 377]
*** Warning: SIGNAL_NEVER_READ: Signal 'hold_fifo_5' is never read
    at line 304 in /home/alexandru.madalin.vasilescu/dvt_predefined_projects_target/uvm_ref_flow_1.1/designs/socv/rtl/rtl_lpw/dma/rtl/dma_channel.v:304 [compile index 377]
*** Warning: SIGNAL_NEVER_READ: Signal 'hold_fifo_6' is never read
    at line 305 in /home/alexandru.madalin.vasilescu/dvt_predefined_projects_target/uvm_ref_flow_1.1/designs/socv/rtl/rtl_lpw/dma/rtl/dma_channel.v:305 [compile index 377]
*** Warning: SIGNAL_NEVER_READ: Signal 'hold_fifo_7' is never read
    at line 306 in /home/alexandru.madalin.vasilescu/dvt_predefined_projects_target/uvm_ref_flow_1.1/designs/socv/rtl/rtl_lpw/dma/rtl/dma_channel.v:306 [compile index 377]
*** Warning: SIGNAL_NEVER_READ: Signal 'hold_fifo_8' is never read
    at line 307 in /home/alexandru.madalin.vasilescu/dvt_predefined_projects_target/uvm_ref_flow_1.1/designs/socv/rtl/rtl_lpw/dma/rtl/dma_channel.v:307 [compile index 377]
*** Warning: SIGNAL_NEVER_READ: Signal 'hold_fifo_9' is never read
    at line 308 in /home/alexandru.madalin.vasilescu/dvt_predefined_projects_target/uvm_ref_flow_1.1/designs/socv/rtl/rtl_lpw/dma/rtl/dma_channel.v:308 [compile index 377]
*** Warning: SIGNAL_NEVER_READ: Signal 'hold_fifo_10' is never read
    at line 309 in /home/alexandru.madalin.vasilescu/dvt_predefined_projects_target/uvm_ref_flow_1.1/designs/socv/rtl/rtl_lpw/dma/rtl/dma_channel.v:309 [compile index 377]
*** Warning: OUTPUT_PORT_READ: Reading from output port 'macb_wakeup' is not recommended
    at line 115 in /home/alexandru.madalin.vasilescu/dvt_predefined_projects_target/uvm_ref_flow_1.1/designs/socv/rtl/rtl_lpw/opencores/mac_pcm.v:115 [compile index 386]
*** Warning: OUTPUT_PORT_READ: Reading from output port 'TxUsedDataOut' is not recommended
    at line 165 in /home/alexandru.madalin.vasilescu/dvt_predefined_projects_target/uvm_ref_flow_1.1/designs/socv/rtl/rtl_lpw/opencores/ethmac/rtl/eth_maccontrol.v:165 [compile index 389]
*** Warning: OUTPUT_PORT_READ: Reading from output port 'TxCtrlEndFrm' is not recommended
    at line 231 in /home/alexandru.madalin.vasilescu/dvt_predefined_projects_target/uvm_ref_flow_1.1/designs/socv/rtl/rtl_lpw/opencores/ethmac/rtl/eth_maccontrol.v:231 [compile index 389]
*** Warning: SIGNAL_NEVER_USED: Signal 'RxByteCntGreat2' is never used
    at line 118 in /home/alexandru.madalin.vasilescu/dvt_predefined_projects_target/uvm_ref_flow_1.1/designs/socv/rtl/rtl_lpw/opencores/ethmac/rtl/eth_macstatus.v:118 [compile index 391]
*** Warning: SIGNAL_NEVER_USED: Signal 'TxUsedData' is never used
    at line 123 in /home/alexandru.madalin.vasilescu/dvt_predefined_projects_target/uvm_ref_flow_1.1/designs/socv/rtl/rtl_lpw/opencores/ethmac/rtl/eth_macstatus.v:123 [compile index 391]
*** Warning: OUTPUT_PORT_READ: Reading from output port 'SetPauseTimer' is not recommended
    at line 351 in /home/alexandru.madalin.vasilescu/dvt_predefined_projects_target/uvm_ref_flow_1.1/designs/socv/rtl/rtl_lpw/opencores/ethmac/rtl/eth_receivecontrol.v:351 [compile index 399]
*** Warning: SIGNAL_NEVER_READ: Signal 'ResetTxCIrq_sync1' is never read
    at line 284 in /home/alexandru.madalin.vasilescu/dvt_predefined_projects_target/uvm_ref_flow_1.1/designs/socv/rtl/rtl_lpw/opencores/ethmac/rtl/eth_registers.v:284 [compile index 403]
*** Warning: SIGNAL_NEVER_READ: Signal 'RXCTRL_Sel' is never read
    at line 315 in /home/alexandru.madalin.vasilescu/dvt_predefined_projects_target/uvm_ref_flow_1.1/designs/socv/rtl/rtl_lpw/opencores/ethmac/rtl/eth_registers.v:315 [compile index 403]
*** Warning: OUTPUT_PORT_READ: Reading from output port 'r_TxFlow' is not recommended
    at line 953 in /home/alexandru.madalin.vasilescu/dvt_predefined_projects_target/uvm_ref_flow_1.1/designs/socv/rtl/rtl_lpw/opencores/ethmac/rtl/eth_registers.v:953 [compile index 403]
*** Warning: OUTPUT_PORT_READ: Reading from output port 'r_RxFlow' is not recommended
    at line 1016 in /home/alexandru.madalin.vasilescu/dvt_predefined_projects_target/uvm_ref_flow_1.1/designs/socv/rtl/rtl_lpw/opencores/ethmac/rtl/eth_registers.v:1016 [compile index 403]
*** Warning: OUTPUT_PORT_READ: Reading from output port 'ByteCntMaxFrame' is not recommended
    at line 138 in /home/alexandru.madalin.vasilescu/dvt_predefined_projects_target/uvm_ref_flow_1.1/designs/socv/rtl/rtl_lpw/opencores/ethmac/rtl/eth_rxcounters.v:138 [compile index 406]
*** Warning: OUTPUT_PORT_READ: Reading from output port 'IFGCounterEq24' is not recommended
    at line 179 in /home/alexandru.madalin.vasilescu/dvt_predefined_projects_target/uvm_ref_flow_1.1/designs/socv/rtl/rtl_lpw/opencores/ethmac/rtl/eth_rxcounters.v:179 [compile index 406]
*** Warning: OUTPUT_PORT_READ: Reading from output port 'StateData' is not recommended
    at line 232 in /home/alexandru.madalin.vasilescu/dvt_predefined_projects_target/uvm_ref_flow_1.1/designs/socv/rtl/rtl_lpw/opencores/ethmac/rtl/eth_rxethmac.v:232 [compile index 408]
*** Warning: OUTPUT_PORT_READ: Reading from output port 'ByteCntMaxFrame' is not recommended
    at line 232 in /home/alexandru.madalin.vasilescu/dvt_predefined_projects_target/uvm_ref_flow_1.1/designs/socv/rtl/rtl_lpw/opencores/ethmac/rtl/eth_rxethmac.v:232 [compile index 408]
*** Warning: OUTPUT_PORT_READ: Reading from output port 'StateSFD' is not recommended
    at line 233 in /home/alexandru.madalin.vasilescu/dvt_predefined_projects_target/uvm_ref_flow_1.1/designs/socv/rtl/rtl_lpw/opencores/ethmac/rtl/eth_rxethmac.v:233 [compile index 408]
*** Warning: OUTPUT_PORT_READ: Reading from output port 'StateData' is not recommended
    at line 252 in /home/alexandru.madalin.vasilescu/dvt_predefined_projects_target/uvm_ref_flow_1.1/designs/socv/rtl/rtl_lpw/opencores/ethmac/rtl/eth_rxethmac.v:252 [compile index 408]
*** Warning: OUTPUT_PORT_READ: Reading from output port 'StateIdle' is not recommended
    at line 257 in /home/alexandru.madalin.vasilescu/dvt_predefined_projects_target/uvm_ref_flow_1.1/designs/socv/rtl/rtl_lpw/opencores/ethmac/rtl/eth_rxethmac.v:257 [compile index 408]
*** Warning: OUTPUT_PORT_READ: Reading from output port 'StateData' is not recommended
    at line 260 in /home/alexandru.madalin.vasilescu/dvt_predefined_projects_target/uvm_ref_flow_1.1/designs/socv/rtl/rtl_lpw/opencores/ethmac/rtl/eth_rxethmac.v:260 [compile index 408]
*** Warning: OUTPUT_PORT_READ: Reading from output port 'StateData' is not recommended
    at line 278 in /home/alexandru.madalin.vasilescu/dvt_predefined_projects_target/uvm_ref_flow_1.1/designs/socv/rtl/rtl_lpw/opencores/ethmac/rtl/eth_rxethmac.v:278 [compile index 408]
*** Warning: OUTPUT_PORT_READ: Reading from output port 'StateData' is not recommended
    at line 281 in /home/alexandru.madalin.vasilescu/dvt_predefined_projects_target/uvm_ref_flow_1.1/designs/socv/rtl/rtl_lpw/opencores/ethmac/rtl/eth_rxethmac.v:281 [compile index 408]
*** Warning: OUTPUT_PORT_READ: Reading from output port 'StateData' is not recommended
    at line 298 in /home/alexandru.madalin.vasilescu/dvt_predefined_projects_target/uvm_ref_flow_1.1/designs/socv/rtl/rtl_lpw/opencores/ethmac/rtl/eth_rxethmac.v:298 [compile index 408]
*** Warning: OUTPUT_PORT_READ: Reading from output port 'StateData' is not recommended
    at line 301 in /home/alexandru.madalin.vasilescu/dvt_predefined_projects_target/uvm_ref_flow_1.1/designs/socv/rtl/rtl_lpw/opencores/ethmac/rtl/eth_rxethmac.v:301 [compile index 408]
*** Warning: OUTPUT_PORT_READ: Reading from output port 'RxAbort' is not recommended
    at line 304 in /home/alexandru.madalin.vasilescu/dvt_predefined_projects_target/uvm_ref_flow_1.1/designs/socv/rtl/rtl_lpw/opencores/ethmac/rtl/eth_rxethmac.v:304 [compile index 408]
*** Warning: OUTPUT_PORT_READ: Reading from output port 'StateData' is not recommended
    at line 316 in /home/alexandru.madalin.vasilescu/dvt_predefined_projects_target/uvm_ref_flow_1.1/designs/socv/rtl/rtl_lpw/opencores/ethmac/rtl/eth_rxethmac.v:316 [compile index 408]
*** Warning: OUTPUT_PORT_READ: Reading from output port 'RxAbort' is not recommended
    at line 318 in /home/alexandru.madalin.vasilescu/dvt_predefined_projects_target/uvm_ref_flow_1.1/designs/socv/rtl/rtl_lpw/opencores/ethmac/rtl/eth_rxethmac.v:318 [compile index 408]
*** Warning: OUTPUT_PORT_READ: Reading from output port 'StateData' is not recommended
    at line 324 in /home/alexandru.madalin.vasilescu/dvt_predefined_projects_target/uvm_ref_flow_1.1/designs/socv/rtl/rtl_lpw/opencores/ethmac/rtl/eth_rxethmac.v:324 [compile index 408]
*** Warning: OUTPUT_PORT_READ: Reading from output port 'ByteCntEq0' is not recommended
    at line 324 in /home/alexandru.madalin.vasilescu/dvt_predefined_projects_target/uvm_ref_flow_1.1/designs/socv/rtl/rtl_lpw/opencores/ethmac/rtl/eth_rxethmac.v:324 [compile index 408]
*** Warning: OUTPUT_PORT_READ: Reading from output port 'StateData' is not recommended
    at line 341 in /home/alexandru.madalin.vasilescu/dvt_predefined_projects_target/uvm_ref_flow_1.1/designs/socv/rtl/rtl_lpw/opencores/ethmac/rtl/eth_rxethmac.v:341 [compile index 408]
*** Warning: OUTPUT_PORT_READ: Reading from output port 'StateData' is not recommended
    at line 358 in /home/alexandru.madalin.vasilescu/dvt_predefined_projects_target/uvm_ref_flow_1.1/designs/socv/rtl/rtl_lpw/opencores/ethmac/rtl/eth_rxethmac.v:358 [compile index 408]
*** Warning: OUTPUT_PORT_READ: Reading from output port 'ByteCntGreat2' is not recommended
    at line 358 in /home/alexandru.madalin.vasilescu/dvt_predefined_projects_target/uvm_ref_flow_1.1/designs/socv/rtl/rtl_lpw/opencores/ethmac/rtl/eth_rxethmac.v:358 [compile index 408]
*** Warning: OUTPUT_PORT_READ: Reading from output port 'ByteCntMaxFrame' is not recommended
    at line 358 in /home/alexandru.madalin.vasilescu/dvt_predefined_projects_target/uvm_ref_flow_1.1/designs/socv/rtl/rtl_lpw/opencores/ethmac/rtl/eth_rxethmac.v:358 [compile index 408]
*** Warning: OUTPUT_PORT_READ: Reading from output port 'StateData' is not recommended
    at line 359 in /home/alexandru.madalin.vasilescu/dvt_predefined_projects_target/uvm_ref_flow_1.1/designs/socv/rtl/rtl_lpw/opencores/ethmac/rtl/eth_rxethmac.v:359 [compile index 408]
*** Warning: OUTPUT_PORT_READ: Reading from output port 'ByteCntGreat2' is not recommended
    at line 359 in /home/alexandru.madalin.vasilescu/dvt_predefined_projects_target/uvm_ref_flow_1.1/designs/socv/rtl/rtl_lpw/opencores/ethmac/rtl/eth_rxethmac.v:359 [compile index 408]
*** Warning: SIGNAL_NEVER_USED: Signal 'ByteCntEq0' is never used
    at line 88 in /home/alexandru.madalin.vasilescu/dvt_predefined_projects_target/uvm_ref_flow_1.1/designs/socv/rtl/rtl_lpw/opencores/ethmac/rtl/eth_rxstatem.v:88 [compile index 410]
*** Warning: SIGNAL_NEVER_USED: Signal 'ByteCntGreat2' is never used
    at line 88 in /home/alexandru.madalin.vasilescu/dvt_predefined_projects_target/uvm_ref_flow_1.1/designs/socv/rtl/rtl_lpw/opencores/ethmac/rtl/eth_rxstatem.v:88 [compile index 410]
*** Warning: OUTPUT_PORT_READ: Reading from output port 'StateData' is not recommended
    at line 128 in /home/alexandru.madalin.vasilescu/dvt_predefined_projects_target/uvm_ref_flow_1.1/designs/socv/rtl/rtl_lpw/opencores/ethmac/rtl/eth_rxstatem.v:128 [compile index 410]
*** Warning: SIGNAL_NEVER_READ: Signal 'r_NoPre' is never read (connected to sub-instance output port)
    at line 455 in /home/alexandru.madalin.vasilescu/dvt_predefined_projects_target/uvm_ref_flow_1.1/designs/socv/rtl/rtl_lpw/opencores/ethmac/rtl/eth_top.v:455 [compile index 414]
*** Warning: OUTPUT_PORT_READ: Reading from output port 'mtxen_pad_o' is not recommended
    at line 644 in /home/alexandru.madalin.vasilescu/dvt_predefined_projects_target/uvm_ref_flow_1.1/designs/socv/rtl/rtl_lpw/opencores/ethmac/rtl/eth_top.v:644 [compile index 414]
*** Warning: OUTPUT_PORT_READ: Reading from output port 'mtxerr_pad_o' is not recommended
    at line 647 in /home/alexandru.madalin.vasilescu/dvt_predefined_projects_target/uvm_ref_flow_1.1/designs/socv/rtl/rtl_lpw/opencores/ethmac/rtl/eth_top.v:647 [compile index 414]
*** Warning: OUTPUT_PORT_READ: Reading from output port 'mtxd_pad_o' is not recommended
    at line 650 in /home/alexandru.madalin.vasilescu/dvt_predefined_projects_target/uvm_ref_flow_1.1/designs/socv/rtl/rtl_lpw/opencores/ethmac/rtl/eth_top.v:650 [compile index 414]
*** Warning: SIGNAL_NEVER_READ: Signal 'ExcessiveDeferCnt' is never read
    at line 131 in /home/alexandru.madalin.vasilescu/dvt_predefined_projects_target/uvm_ref_flow_1.1/designs/socv/rtl/rtl_lpw/opencores/ethmac/rtl/eth_txcounters.v:131 [compile index 419]
*** Warning: OUTPUT_PORT_READ: Reading from output port 'ExcessiveDefer' is not recommended
    at line 145 in /home/alexandru.madalin.vasilescu/dvt_predefined_projects_target/uvm_ref_flow_1.1/designs/socv/rtl/rtl_lpw/opencores/ethmac/rtl/eth_txcounters.v:145 [compile index 419]
*** Warning: OUTPUT_PORT_READ: Reading from output port 'ExcessiveDefer' is not recommended
    at line 148 in /home/alexandru.madalin.vasilescu/dvt_predefined_projects_target/uvm_ref_flow_1.1/designs/socv/rtl/rtl_lpw/opencores/ethmac/rtl/eth_txcounters.v:148 [compile index 419]
*** Warning: OUTPUT_PORT_READ: Reading from output port 'NibCntEq15' is not recommended
    at line 148 in /home/alexandru.madalin.vasilescu/dvt_predefined_projects_target/uvm_ref_flow_1.1/designs/socv/rtl/rtl_lpw/opencores/ethmac/rtl/eth_txcounters.v:148 [compile index 419]
*** Warning: OUTPUT_PORT_READ: Reading from output port 'NibCntEq7' is not recommended
    at line 149 in /home/alexandru.madalin.vasilescu/dvt_predefined_projects_target/uvm_ref_flow_1.1/designs/socv/rtl/rtl_lpw/opencores/ethmac/rtl/eth_txcounters.v:149 [compile index 419]
*** Warning: SIGNAL_NEVER_READ: Signal 'CrcError' is never read (connected to sub-instance output port)
    at line 188 in /home/alexandru.madalin.vasilescu/dvt_predefined_projects_target/uvm_ref_flow_1.1/designs/socv/rtl/rtl_lpw/opencores/ethmac/rtl/eth_txethmac.v:188 [compile index 421]
*** Warning: OUTPUT_PORT_READ: Reading from output port 'StatePreamble' is not recommended
    at line 204 in /home/alexandru.madalin.vasilescu/dvt_predefined_projects_target/uvm_ref_flow_1.1/designs/socv/rtl/rtl_lpw/opencores/ethmac/rtl/eth_txethmac.v:204 [compile index 421]
*** Warning: OUTPUT_PORT_READ: Reading from output port 'StateData' is not recommended
    at line 204 in /home/alexandru.madalin.vasilescu/dvt_predefined_projects_target/uvm_ref_flow_1.1/designs/socv/rtl/rtl_lpw/opencores/ethmac/rtl/eth_txethmac.v:204 [compile index 421]
*** Warning: OUTPUT_PORT_READ: Reading from output port 'StateData' is not recommended
    at line 208 in /home/alexandru.madalin.vasilescu/dvt_predefined_projects_target/uvm_ref_flow_1.1/designs/socv/rtl/rtl_lpw/opencores/ethmac/rtl/eth_txethmac.v:208 [compile index 421]
*** Warning: OUTPUT_PORT_READ: Reading from output port 'StateData' is not recommended
    at line 210 in /home/alexandru.madalin.vasilescu/dvt_predefined_projects_target/uvm_ref_flow_1.1/designs/socv/rtl/rtl_lpw/opencores/ethmac/rtl/eth_txethmac.v:210 [compile index 421]
*** Warning: OUTPUT_PORT_READ: Reading from output port 'StateData' is not recommended
    at line 212 in /home/alexandru.madalin.vasilescu/dvt_predefined_projects_target/uvm_ref_flow_1.1/designs/socv/rtl/rtl_lpw/opencores/ethmac/rtl/eth_txethmac.v:212 [compile index 421]
*** Warning: OUTPUT_PORT_READ: Reading from output port 'StatePreamble' is not recommended
    at line 221 in /home/alexandru.madalin.vasilescu/dvt_predefined_projects_target/uvm_ref_flow_1.1/designs/socv/rtl/rtl_lpw/opencores/ethmac/rtl/eth_txethmac.v:221 [compile index 421]
*** Warning: OUTPUT_PORT_READ: Reading from output port 'LateCollision' is not recommended
    at line 223 in /home/alexandru.madalin.vasilescu/dvt_predefined_projects_target/uvm_ref_flow_1.1/designs/socv/rtl/rtl_lpw/opencores/ethmac/rtl/eth_txethmac.v:223 [compile index 421]
*** Warning: OUTPUT_PORT_READ: Reading from output port 'MaxCollisionOccured' is not recommended
    at line 223 in /home/alexandru.madalin.vasilescu/dvt_predefined_projects_target/uvm_ref_flow_1.1/designs/socv/rtl/rtl_lpw/opencores/ethmac/rtl/eth_txethmac.v:223 [compile index 421]
*** Warning: OUTPUT_PORT_READ: Reading from output port 'StateData' is not recommended
    at line 249 in /home/alexandru.madalin.vasilescu/dvt_predefined_projects_target/uvm_ref_flow_1.1/designs/socv/rtl/rtl_lpw/opencores/ethmac/rtl/eth_txethmac.v:249 [compile index 421]
*** Warning: OUTPUT_PORT_READ: Reading from output port 'StartTxDone' is not recommended
    at line 294 in /home/alexandru.madalin.vasilescu/dvt_predefined_projects_target/uvm_ref_flow_1.1/designs/socv/rtl/rtl_lpw/opencores/ethmac/rtl/eth_txethmac.v:294 [compile index 421]
*** Warning: OUTPUT_PORT_READ: Reading from output port 'StartTxAbort' is not recommended
    at line 326 in /home/alexandru.madalin.vasilescu/dvt_predefined_projects_target/uvm_ref_flow_1.1/designs/socv/rtl/rtl_lpw/opencores/ethmac/rtl/eth_txethmac.v:326 [compile index 421]
*** Warning: OUTPUT_PORT_READ: Reading from output port 'StartTxDone' is not recommended
    at line 339 in /home/alexandru.madalin.vasilescu/dvt_predefined_projects_target/uvm_ref_flow_1.1/designs/socv/rtl/rtl_lpw/opencores/ethmac/rtl/eth_txethmac.v:339 [compile index 421]
*** Warning: OUTPUT_PORT_READ: Reading from output port 'StatePreamble' is not recommended
    at line 353 in /home/alexandru.madalin.vasilescu/dvt_predefined_projects_target/uvm_ref_flow_1.1/designs/socv/rtl/rtl_lpw/opencores/ethmac/rtl/eth_txethmac.v:353 [compile index 421]
*** Warning: OUTPUT_PORT_READ: Reading from output port 'StateData' is not recommended
    at line 353 in /home/alexandru.madalin.vasilescu/dvt_predefined_projects_target/uvm_ref_flow_1.1/designs/socv/rtl/rtl_lpw/opencores/ethmac/rtl/eth_txethmac.v:353 [compile index 421]
*** Warning: OUTPUT_PORT_READ: Reading from output port 'StateData' is not recommended
    at line 356 in /home/alexandru.madalin.vasilescu/dvt_predefined_projects_target/uvm_ref_flow_1.1/designs/socv/rtl/rtl_lpw/opencores/ethmac/rtl/eth_txethmac.v:356 [compile index 421]
*** Warning: OUTPUT_PORT_READ: Reading from output port 'StateData' is not recommended
    at line 359 in /home/alexandru.madalin.vasilescu/dvt_predefined_projects_target/uvm_ref_flow_1.1/designs/socv/rtl/rtl_lpw/opencores/ethmac/rtl/eth_txethmac.v:359 [compile index 421]
*** Warning: OUTPUT_PORT_READ: Reading from output port 'StatePreamble' is not recommended
    at line 368 in /home/alexandru.madalin.vasilescu/dvt_predefined_projects_target/uvm_ref_flow_1.1/designs/socv/rtl/rtl_lpw/opencores/ethmac/rtl/eth_txethmac.v:368 [compile index 421]
*** Warning: OUTPUT_PORT_READ: Reading from output port 'StatePreamble' is not recommended
    at line 384 in /home/alexandru.madalin.vasilescu/dvt_predefined_projects_target/uvm_ref_flow_1.1/designs/socv/rtl/rtl_lpw/opencores/ethmac/rtl/eth_txethmac.v:384 [compile index 421]
*** Warning: OUTPUT_PORT_READ: Reading from output port 'StateData' is not recommended
    at line 384 in /home/alexandru.madalin.vasilescu/dvt_predefined_projects_target/uvm_ref_flow_1.1/designs/socv/rtl/rtl_lpw/opencores/ethmac/rtl/eth_txethmac.v:384 [compile index 421]
*** Warning: OUTPUT_PORT_READ: Reading from output port 'StatePreamble' is not recommended
    at line 414 in /home/alexandru.madalin.vasilescu/dvt_predefined_projects_target/uvm_ref_flow_1.1/designs/socv/rtl/rtl_lpw/opencores/ethmac/rtl/eth_txethmac.v:414 [compile index 421]
*** Warning: OUTPUT_PORT_READ: Reading from output port 'StateData' is not recommended
    at line 414 in /home/alexandru.madalin.vasilescu/dvt_predefined_projects_target/uvm_ref_flow_1.1/designs/socv/rtl/rtl_lpw/opencores/ethmac/rtl/eth_txethmac.v:414 [compile index 421]
*** Warning: OUTPUT_PORT_READ: Reading from output port 'StartTxDone' is not recommended
    at line 418 in /home/alexandru.madalin.vasilescu/dvt_predefined_projects_target/uvm_ref_flow_1.1/designs/socv/rtl/rtl_lpw/opencores/ethmac/rtl/eth_txethmac.v:418 [compile index 421]
*** Warning: OUTPUT_PORT_READ: Reading from output port 'LateCollision' is not recommended
    at line 418 in /home/alexandru.madalin.vasilescu/dvt_predefined_projects_target/uvm_ref_flow_1.1/designs/socv/rtl/rtl_lpw/opencores/ethmac/rtl/eth_txethmac.v:418 [compile index 421]
*** Warning: OUTPUT_PORT_READ: Reading from output port 'MaxCollisionOccured' is not recommended
    at line 418 in /home/alexandru.madalin.vasilescu/dvt_predefined_projects_target/uvm_ref_flow_1.1/designs/socv/rtl/rtl_lpw/opencores/ethmac/rtl/eth_txethmac.v:418 [compile index 421]
*** Warning: OUTPUT_PORT_READ: Reading from output port 'StateData' is not recommended
    at line 471 in /home/alexandru.madalin.vasilescu/dvt_predefined_projects_target/uvm_ref_flow_1.1/designs/socv/rtl/rtl_lpw/opencores/ethmac/rtl/eth_txethmac.v:471 [compile index 421]
*** Warning: OUTPUT_PORT_READ: Reading from output port 'StateData' is not recommended
    at line 472 in /home/alexandru.madalin.vasilescu/dvt_predefined_projects_target/uvm_ref_flow_1.1/designs/socv/rtl/rtl_lpw/opencores/ethmac/rtl/eth_txethmac.v:472 [compile index 421]
*** Warning: OUTPUT_PORT_READ: Reading from output port 'StateData' is not recommended
    at line 473 in /home/alexandru.madalin.vasilescu/dvt_predefined_projects_target/uvm_ref_flow_1.1/designs/socv/rtl/rtl_lpw/opencores/ethmac/rtl/eth_txethmac.v:473 [compile index 421]
*** Warning: OUTPUT_PORT_READ: Reading from output port 'StateData' is not recommended
    at line 474 in /home/alexandru.madalin.vasilescu/dvt_predefined_projects_target/uvm_ref_flow_1.1/designs/socv/rtl/rtl_lpw/opencores/ethmac/rtl/eth_txethmac.v:474 [compile index 421]
*** Warning: OUTPUT_PORT_READ: Reading from output port 'StatePreamble' is not recommended
    at line 476 in /home/alexandru.madalin.vasilescu/dvt_predefined_projects_target/uvm_ref_flow_1.1/designs/socv/rtl/rtl_lpw/opencores/ethmac/rtl/eth_txethmac.v:476 [compile index 421]
*** Warning: OUTPUT_PORT_READ: Reading from output port 'StartData' is not recommended
    at line 213 in /home/alexandru.madalin.vasilescu/dvt_predefined_projects_target/uvm_ref_flow_1.1/designs/socv/rtl/rtl_lpw/opencores/ethmac/rtl/eth_txstatem.v:213 [compile index 423]
*** Warning: OUTPUT_PORT_READ: Reading from output port 'StartDefer' is not recommended
    at line 216 in /home/alexandru.madalin.vasilescu/dvt_predefined_projects_target/uvm_ref_flow_1.1/designs/socv/rtl/rtl_lpw/opencores/ethmac/rtl/eth_txstatem.v:216 [compile index 423]
*** Warning: OUTPUT_PORT_READ: Reading from output port 'StartIPG' is not recommended
    at line 219 in /home/alexandru.madalin.vasilescu/dvt_predefined_projects_target/uvm_ref_flow_1.1/designs/socv/rtl/rtl_lpw/opencores/ethmac/rtl/eth_txstatem.v:219 [compile index 423]
*** Warning: OUTPUT_PORT_READ: Reading from output port 'StartDefer' is not recommended
    at line 222 in /home/alexandru.madalin.vasilescu/dvt_predefined_projects_target/uvm_ref_flow_1.1/designs/socv/rtl/rtl_lpw/opencores/ethmac/rtl/eth_txstatem.v:222 [compile index 423]
*** Warning: OUTPUT_PORT_READ: Reading from output port 'StartPreamble' is not recommended
    at line 222 in /home/alexandru.madalin.vasilescu/dvt_predefined_projects_target/uvm_ref_flow_1.1/designs/socv/rtl/rtl_lpw/opencores/ethmac/rtl/eth_txstatem.v:222 [compile index 423]
*** Warning: OUTPUT_PORT_READ: Reading from output port 'StartData' is not recommended
    at line 228 in /home/alexandru.madalin.vasilescu/dvt_predefined_projects_target/uvm_ref_flow_1.1/designs/socv/rtl/rtl_lpw/opencores/ethmac/rtl/eth_txstatem.v:228 [compile index 423]
*** Warning: OUTPUT_PORT_READ: Reading from output port 'StartJam' is not recommended
    at line 228 in /home/alexandru.madalin.vasilescu/dvt_predefined_projects_target/uvm_ref_flow_1.1/designs/socv/rtl/rtl_lpw/opencores/ethmac/rtl/eth_txstatem.v:228 [compile index 423]
*** Warning: OUTPUT_PORT_READ: Reading from output port 'StartPreamble' is not recommended
    at line 231 in /home/alexandru.madalin.vasilescu/dvt_predefined_projects_target/uvm_ref_flow_1.1/designs/socv/rtl/rtl_lpw/opencores/ethmac/rtl/eth_txstatem.v:231 [compile index 423]
*** Warning: OUTPUT_PORT_READ: Reading from output port 'StartFCS' is not recommended
    at line 234 in /home/alexandru.madalin.vasilescu/dvt_predefined_projects_target/uvm_ref_flow_1.1/designs/socv/rtl/rtl_lpw/opencores/ethmac/rtl/eth_txstatem.v:234 [compile index 423]
*** Warning: OUTPUT_PORT_READ: Reading from output port 'StartJam' is not recommended
    at line 234 in /home/alexandru.madalin.vasilescu/dvt_predefined_projects_target/uvm_ref_flow_1.1/designs/socv/rtl/rtl_lpw/opencores/ethmac/rtl/eth_txstatem.v:234 [compile index 423]
*** Warning: OUTPUT_PORT_READ: Reading from output port 'StartJam' is not recommended
    at line 240 in /home/alexandru.madalin.vasilescu/dvt_predefined_projects_target/uvm_ref_flow_1.1/designs/socv/rtl/rtl_lpw/opencores/ethmac/rtl/eth_txstatem.v:240 [compile index 423]
*** Warning: OUTPUT_PORT_READ: Reading from output port 'StartDefer' is not recommended
    at line 240 in /home/alexandru.madalin.vasilescu/dvt_predefined_projects_target/uvm_ref_flow_1.1/designs/socv/rtl/rtl_lpw/opencores/ethmac/rtl/eth_txstatem.v:240 [compile index 423]
*** Warning: OUTPUT_PORT_READ: Reading from output port 'StartFCS' is not recommended
    at line 243 in /home/alexandru.madalin.vasilescu/dvt_predefined_projects_target/uvm_ref_flow_1.1/designs/socv/rtl/rtl_lpw/opencores/ethmac/rtl/eth_txstatem.v:243 [compile index 423]
*** Warning: OUTPUT_PORT_READ: Reading from output port 'StartBackoff' is not recommended
    at line 246 in /home/alexandru.madalin.vasilescu/dvt_predefined_projects_target/uvm_ref_flow_1.1/designs/socv/rtl/rtl_lpw/opencores/ethmac/rtl/eth_txstatem.v:246 [compile index 423]
*** Warning: OUTPUT_PORT_READ: Reading from output port 'StartDefer' is not recommended
    at line 246 in /home/alexandru.madalin.vasilescu/dvt_predefined_projects_target/uvm_ref_flow_1.1/designs/socv/rtl/rtl_lpw/opencores/ethmac/rtl/eth_txstatem.v:246 [compile index 423]
*** Warning: OUTPUT_PORT_READ: Reading from output port 'StartJam' is not recommended
    at line 249 in /home/alexandru.madalin.vasilescu/dvt_predefined_projects_target/uvm_ref_flow_1.1/designs/socv/rtl/rtl_lpw/opencores/ethmac/rtl/eth_txstatem.v:249 [compile index 423]
*** Warning: OUTPUT_PORT_READ: Reading from output port 'StartDefer' is not recommended
    at line 252 in /home/alexandru.madalin.vasilescu/dvt_predefined_projects_target/uvm_ref_flow_1.1/designs/socv/rtl/rtl_lpw/opencores/ethmac/rtl/eth_txstatem.v:252 [compile index 423]
*** Warning: OUTPUT_PORT_READ: Reading from output port 'StartBackoff' is not recommended
    at line 255 in /home/alexandru.madalin.vasilescu/dvt_predefined_projects_target/uvm_ref_flow_1.1/designs/socv/rtl/rtl_lpw/opencores/ethmac/rtl/eth_txstatem.v:255 [compile index 423]
*** Warning: OUTPUT_PORT_READ: Reading from output port 'StartIPG' is not recommended
    at line 258 in /home/alexandru.madalin.vasilescu/dvt_predefined_projects_target/uvm_ref_flow_1.1/designs/socv/rtl/rtl_lpw/opencores/ethmac/rtl/eth_txstatem.v:258 [compile index 423]
*** Warning: OUTPUT_PORT_READ: Reading from output port 'StartDefer' is not recommended
    at line 261 in /home/alexandru.madalin.vasilescu/dvt_predefined_projects_target/uvm_ref_flow_1.1/designs/socv/rtl/rtl_lpw/opencores/ethmac/rtl/eth_txstatem.v:261 [compile index 423]
*** Warning: SIGNAL_NEVER_USED: Signal 'RxBurstAcc' is never used
    at line 849 in /home/alexandru.madalin.vasilescu/dvt_predefined_projects_target/uvm_ref_flow_1.1/designs/socv/rtl/rtl_lpw/opencores/ethmac/rtl/eth_wishbone.v:849 [compile index 430]
*** Warning: SIGNAL_NEVER_USED: Signal 'RxWordAcc' is never used
    at line 850 in /home/alexandru.madalin.vasilescu/dvt_predefined_projects_target/uvm_ref_flow_1.1/designs/socv/rtl/rtl_lpw/opencores/ethmac/rtl/eth_wishbone.v:850 [compile index 430]
*** Warning: SIGNAL_NEVER_USED: Signal 'RxHalfAcc' is never used
    at line 851 in /home/alexandru.madalin.vasilescu/dvt_predefined_projects_target/uvm_ref_flow_1.1/designs/socv/rtl/rtl_lpw/opencores/ethmac/rtl/eth_wishbone.v:851 [compile index 430]
*** Warning: SIGNAL_NEVER_USED: Signal 'RxByteAcc' is never used
    at line 852 in /home/alexandru.madalin.vasilescu/dvt_predefined_projects_target/uvm_ref_flow_1.1/designs/socv/rtl/rtl_lpw/opencores/ethmac/rtl/eth_wishbone.v:852 [compile index 430]
*** Warning: OUTPUT_PORT_READ: Reading from output port 'empty' is not recommended
    at line 121 in /home/alexandru.madalin.vasilescu/dvt_predefined_projects_target/uvm_ref_flow_1.1/designs/socv/rtl/rtl_lpw/opencores/ethmac/rtl/eth_fifo.v:121 [compile index 433]
*** Warning: OUTPUT_PORT_READ: Reading from output port 'full' is not recommended
    at line 133 in /home/alexandru.madalin.vasilescu/dvt_predefined_projects_target/uvm_ref_flow_1.1/designs/socv/rtl/rtl_lpw/opencores/ethmac/rtl/eth_fifo.v:133 [compile index 433]
*** Warning: OUTPUT_PORT_READ: Reading from output port 'full' is not recommended
    at line 170 in /home/alexandru.madalin.vasilescu/dvt_predefined_projects_target/uvm_ref_flow_1.1/designs/socv/rtl/rtl_lpw/opencores/ethmac/rtl/eth_fifo.v:170 [compile index 433]
*** Warning: SIGNAL_NEVER_USED: Signal 'ao_hsize_i' is never used
    at line 52 in /home/alexandru.madalin.vasilescu/dvt_predefined_projects_target/uvm_ref_flow_1.1/designs/socv/rtl/rtl_lpw/cdn_chip/rtl/ahb2ocp.v:52 [compile index 438]
*** Warning: SIGNAL_NEVER_USED: Signal 'ao_hburst_i' is never used
    at line 53 in /home/alexandru.madalin.vasilescu/dvt_predefined_projects_target/uvm_ref_flow_1.1/designs/socv/rtl/rtl_lpw/cdn_chip/rtl/ahb2ocp.v:53 [compile index 438]
*** Warning: SIGNAL_NEVER_USED: Signal 'ao_hprot_i' is never used
    at line 54 in /home/alexandru.madalin.vasilescu/dvt_predefined_projects_target/uvm_ref_flow_1.1/designs/socv/rtl/rtl_lpw/cdn_chip/rtl/ahb2ocp.v:54 [compile index 438]
*** Warning: PARAMETER_NEVER_USED: Parameter 'FF_DEPTH' is never used
    at line 93 in /home/alexandru.madalin.vasilescu/dvt_predefined_projects_target/uvm_ref_flow_1.1/designs/socv/rtl/rtl_lpw/cdn_chip/rtl/ahb2ocp.v:93 [compile index 438]
*** Warning: OUTPUT_PORT_READ: Reading from output port 'ao_hready_o' is not recommended
    at line 195 in /home/alexandru.madalin.vasilescu/dvt_predefined_projects_target/uvm_ref_flow_1.1/designs/socv/rtl/rtl_lpw/cdn_chip/rtl/ahb2ocp.v:195 [compile index 438]
*** Warning: MULTIPLE_CLOCKS_BLOCK: Procedural block driven by multiple clocks (rst_n, clk)
    at line 60 in /home/alexandru.madalin.vasilescu/dvt_predefined_projects_target/uvm_ref_flow_1.1/designs/socv/rtl/rtl_lpw/cdn_chip/rtl/ahb2ocp_ram.v:60 [compile index 440]
*** Done mixed mode extension build [4s.720ms] ***
*** Total build time [10s.354ms] ***
